{"type":"FeatureCollection","features":[{"type":"Feature","properties":{"name":"Daniel Boone National Forest","type":"National park or forest","state":"Kentucky","hikes":4},"geometry":{"type":"MultiPolygon","coordinates":[[[[-84.543139,36.596277],[-84.127352,36.591482],[-84.12195789999993,36.616436],[-84.11237079999998,36.626152],[-84.118186,36.630486],[-84.119611,36.640042],[-84.136002,36.654837],[-84.133219,36.68023],[-84.143269,36.688857],[-84.142697,36.696965],[-84.150225,36.704297],[-84.153669,36.713871],[-84.164622,36.722427],[-84.17202350000002,36.72198429999996],[-84.1838688,36.727416600000055],[-84.17746759999996,36.7280607],[-84.173866,36.73233],[-84.177731,36.745832],[-84.19916650000002,36.7618849],[-84.19872070000007,36.76428590000002],[-84.210756,36.768027],[-84.218808,36.762128],[-84.223213,36.766056],[-84.216474,36.771458],[-84.2212587,36.77958489999997],[-84.22125329999997,36.789971299999955],[-84.234976,36.798249],[-84.2299,36.809366],[-84.234102,36.812317],[-84.235702,36.822201],[-84.24168,36.825837],[-84.242542,36.837689],[-84.247594,36.848251],[-84.24446,36.853796],[-84.247371,36.863954],[-84.229404,36.867989],[-84.22494,36.875084],[-84.217587,36.8698846],[-84.20161050000003,36.8782555],[-84.1811818,36.8978812],[-84.15178009999997,36.90977179999996],[-84.154305,36.915337],[-84.14500569999997,36.92764519999997],[-84.135049,36.9329433],[-84.134676,36.93825],[-84.147157,36.955644],[-84.139915,36.963123],[-84.140666,36.968605],[-84.144312,36.970907],[-84.164031,36.96805],[-84.165783,36.977527],[-84.161669,36.988309],[-84.190126,37.019772],[-84.18591970000001,37.02124259999999],[-84.18583,37.025421],[-84.189385,37.026111],[-84.188129,37.033335],[-84.193028,37.037065],[-84.174466,37.052757],[-84.163381,37.053637],[-84.147814,37.061599],[-84.131422,37.086024],[-84.135002,37.086681],[-84.137875,37.093639],[-84.148591,37.103211],[-84.146985,37.125459],[-84.157953,37.119996],[-84.173039,37.125688],[-84.172985,37.133855],[-84.165418,37.139786],[-84.165409,37.148619],[-84.194249,37.156881],[-84.1913536,37.16802710000001],[-84.183011,37.176776],[-84.179887,37.18536],[-84.171856,37.186068],[-84.170495,37.18948],[-84.168747,37.187233],[-84.171371,37.184448],[-84.158284,37.184722],[-84.1540711,37.192201899999986],[-84.16441209999996,37.20537450000001],[-84.149531,37.203768],[-84.151145,37.213469],[-84.142803,37.213374],[-84.135902,37.21901],[-84.1231371,37.21672239999996],[-84.132019,37.225166],[-84.132677,37.230754],[-84.14938,37.239764],[-84.144709,37.26006],[-84.136922,37.265433],[-84.138692,37.272091],[-84.121756,37.270123],[-84.115213,37.271987],[-84.113528,37.277614],[-84.119022,37.282821],[-84.116897,37.286751],[-84.121531,37.290971],[-84.120485,37.299154],[-84.125951,37.306927],[-84.12453,37.315876],[-84.137054,37.316613],[-84.137791,37.320271],[-84.127839,37.329931],[-84.128035,37.334151],[-84.119986,37.335942],[-84.108112,37.326479],[-84.107587,37.320648],[-84.0687,37.319133],[-84.051781,37.321476],[-84.047128,37.318512],[-84.035581,37.324525],[-84.036589,37.32893],[-84.031274,37.330231],[-84.028182,37.336103],[-84.02162,37.336307],[-84.018091,37.346117],[-84.005471,37.349846],[-83.999314,37.347392],[-83.99487,37.336719],[-83.984755,37.337587],[-83.97752970000002,37.33455870000002],[-83.970433,37.345508],[-83.97079059999997,37.353752900000046],[-83.954924,37.347484],[-83.927712,37.375914],[-83.9307538,37.38852090000002],[-83.94895879999999,37.4008792],[-83.94887060000005,37.409116],[-83.94063889999998,37.418351199999975],[-83.9472996,37.42177959999997],[-83.936098,37.424362],[-83.916132,37.419412],[-83.916041,37.422506],[-83.906478,37.422279],[-83.897874,37.427453],[-83.89235,37.421772],[-83.894986,37.410757],[-83.883276,37.418162],[-83.886385,37.423509],[-83.8808,37.42854],[-83.866534,37.420907],[-83.862904,37.43054],[-83.840094,37.432398],[-83.846062,37.435761],[-83.83391,37.443272],[-83.814593,37.449222],[-83.816099,37.452283],[-83.823184,37.451209],[-83.824058,37.465904],[-83.81915,37.468988],[-83.816024,37.473839],[-83.818206,37.475692],[-83.812105,37.481849],[-83.817931,37.48464],[-83.816095,37.486746],[-83.8235,37.486353],[-83.821825,37.489993],[-83.830163,37.492275],[-83.817936,37.494232],[-83.814188,37.50006],[-83.804103,37.504331],[-83.812573,37.511189],[-83.818533,37.510986],[-83.82366,37.519323],[-83.81935,37.522843],[-83.812864,37.517556],[-83.809073,37.518056],[-83.812343,37.524896],[-83.803916,37.526132],[-83.810043,37.528788],[-83.808724,37.538047],[-83.803135,37.53786],[-83.802764,37.531968],[-83.793308,37.527803],[-83.79321,37.534514],[-83.785633,37.534093],[-83.781435,37.537174],[-83.769883,37.533801],[-83.766445,37.521449],[-83.760197,37.521687],[-83.759565,37.528597],[-83.754852,37.534634],[-83.731109,37.540971],[-83.7077,37.559479],[-83.71068179999996,37.569798],[-83.70660119999998,37.56977230000005],[-83.705444,37.578164],[-83.687222,37.603584],[-83.68693,37.617639],[-83.664085,37.625673],[-83.657333,37.635305],[-83.65847,37.640925],[-83.648924,37.642597],[-83.652234,37.64619],[-83.649005,37.645741],[-83.648174,37.655721],[-83.654017,37.671264],[-83.65039190000005,37.689788],[-83.659928,37.713346799999975],[-83.65376540000003,37.71566550000002],[-83.643709,37.74215329999996],[-83.63011349999996,37.744557599999986],[-83.61872219999998,37.751783899999985],[-83.60488849999996,37.75330949999997],[-83.59009629999998,37.74701990000003],[-83.58347049999998,37.750552],[-83.5793466,37.74707740000003],[-83.571518,37.75337],[-83.553854,37.755897],[-83.55431970000004,37.7606139],[-83.54757250000003,37.7586077],[-83.54536320000004,37.75367089999998],[-83.54295950000002,37.75950269999998],[-83.53559220000002,37.7623865],[-83.53832260000001,37.771272699999976],[-83.53562169999995,37.77561709999996],[-83.54182039999995,37.78521610000003],[-83.538388,37.793630899999975],[-83.542671,37.806525],[-83.539137,37.806743],[-83.53755,37.810724],[-83.532967,37.805506],[-83.52896770000002,37.81245569999996],[-83.53440979999998,37.816832],[-83.53671,37.825664],[-83.549574,37.822646],[-83.550982,37.833207],[-83.548243,37.841422],[-83.5517,37.846297],[-83.540754,37.851235],[-83.541953,37.859248],[-83.53745,37.862346],[-83.541997,37.86501],[-83.549052,37.862449],[-83.568406,37.864256],[-83.571416,37.867752],[-83.566772,37.887886],[-83.562058,37.89467],[-83.552064,37.898263],[-83.553026,37.903901],[-83.5483728,37.9139079],[-83.53780339999993,37.91582090000003],[-83.524222,37.9127597],[-83.513713,37.917579],[-83.51177120000001,37.914389099999966],[-83.5039444,37.91553479999997],[-83.48722,37.93031],[-83.479488,37.932963],[-83.478735,37.9425],[-83.472774,37.947855],[-83.460954,37.949653],[-83.460508,37.954796],[-83.446981,37.953955],[-83.43173,37.961069],[-83.42675,37.971713],[-83.420463,37.974576],[-83.402831,37.969802],[-83.400349,37.974045],[-83.392298,37.975229],[-83.383671,37.972048],[-83.372699,37.97481],[-83.369489,37.970097],[-83.358514,37.980092],[-83.365685,37.984083],[-83.369485,37.994625],[-83.361696,37.99565],[-83.356722,38.000066],[-83.354312,37.9965],[-83.345266,37.995424],[-83.332635,38.024059],[-83.322837,38.0281399],[-83.307581,38.043284],[-83.295895,38.044129],[-83.293782,38.050398],[-83.297022,38.061725],[-83.292997,38.066278],[-83.301303,38.077695],[-83.295659,38.077969],[-83.287665,38.089958],[-83.281382,38.089179],[-83.280975,38.094167],[-83.273417,38.098513],[-83.269629,38.10887530000003],[-83.25920579999999,38.12010969999998],[-83.263829,38.124232],[-83.276582,38.121517],[-83.287111,38.131127],[-83.294064,38.127261],[-83.294795,38.121931],[-83.299459,38.118636],[-83.311724,38.12431],[-83.316062,38.134991],[-83.332671,38.13742],[-83.342066,38.15071],[-83.322631,38.161834],[-83.315327,38.159982],[-83.311879,38.169774],[-83.305587,38.171026],[-83.305648,38.178629],[-83.316252,38.189201],[-83.34197,38.18446],[-83.35235,38.187133],[-83.352746,38.200826],[-83.348871,38.204498],[-83.347223,38.213065],[-83.340174,38.215184],[-83.336252,38.23089],[-83.34174529999999,38.24240689999998],[-83.349382,38.241851],[-83.351327,38.275334],[-83.326233,38.290731],[-83.334405,38.298727],[-83.331524,38.30314],[-83.33589,38.304607],[-83.341306,38.319502],[-83.356493,38.321853],[-83.357904,38.327588],[-83.364037,38.328283],[-83.361798,38.332585],[-83.36364,38.343119],[-83.377289,38.353426],[-83.378075,38.362487],[-83.388102,38.367636],[-83.392023,38.366361],[-83.394859,38.372801],[-83.400266,38.375079],[-83.398168,38.378203],[-83.401101,38.379604],[-83.400592,38.389621],[-83.409553,38.392172],[-83.412167,38.396351],[-83.416735,38.396261],[-83.427481,38.388198],[-83.443944,38.387134],[-83.446913,38.380831],[-83.452887,38.381725],[-83.45638,38.372784],[-83.465041,38.371546],[-83.458102,38.362116],[-83.463071,38.35847],[-83.470323,38.35511],[-83.473536,38.360382],[-83.481693,38.35975],[-83.488753,38.35161],[-83.499526,38.348924],[-83.497816,38.345501],[-83.501117,38.342381],[-83.494677,38.336131],[-83.497431,38.332763],[-83.48799,38.324381],[-83.495232,38.324279],[-83.504736,38.306462],[-83.504099,38.29578],[-83.514222,38.291093],[-83.512416,38.284492],[-83.501574,38.282361],[-83.499994,38.274842],[-83.48899,38.270731],[-83.484045,38.261522],[-83.483204,38.236577],[-83.479666,38.225683],[-83.469216,38.22128],[-83.463576,38.228484],[-83.453014,38.232577],[-83.44562,38.243744],[-83.4387451,38.24811330000003],[-83.437339,38.2458447],[-83.440427,38.241469],[-83.439402,38.235658],[-83.446391,38.224874],[-83.464249,38.207667],[-83.463789,38.198822],[-83.472066,38.194332],[-83.48288580000002,38.18124039999994],[-83.495429,38.17493],[-83.497248,38.167584],[-83.503295,38.163813],[-83.509854,38.150044],[-83.5491297,38.14037839999995],[-83.54754,38.128641],[-83.535906,38.118961],[-83.55468350000002,38.1115069],[-83.561729,38.116823],[-83.564169,38.127874],[-83.5778195,38.1329467],[-83.60501,38.12112730000002],[-83.6154615,38.12128749999999],[-83.615295,38.117767],[-83.623107,38.11128],[-83.627791,38.115848],[-83.62665,38.119128],[-83.621872,38.117822],[-83.621433,38.121239],[-83.615975,38.12104],[-83.61970480000005,38.124541],[-83.632439,38.127826],[-83.63622920000002,38.13504480000003],[-83.654248,38.135688],[-83.676575,38.125705],[-83.678544,38.130821],[-83.691097,38.124614],[-83.692804,38.119469],[-83.708276,38.11305],[-83.701682,38.103822],[-83.706711,38.104882],[-83.725207,38.091318],[-83.718063,38.086814],[-83.716383,38.07872],[-83.725122,38.072724],[-83.722599,38.066293],[-83.726198,38.063984],[-83.735638,38.066058],[-83.73601,38.06075],[-83.74104,38.055417],[-83.729596,38.028907],[-83.71808,38.017565],[-83.717265,38.003128],[-83.721432,37.993129],[-83.711169,37.991897],[-83.701054,37.97826],[-83.700315,37.970243],[-83.691488,37.972515],[-83.676153,37.970126],[-83.659536,37.964075],[-83.64645,37.952201],[-83.656435,37.943913],[-83.654111,37.940527],[-83.657221,37.934661],[-83.66819,37.928796],[-83.675055,37.919994],[-83.688793,37.913739],[-83.704429,37.912043],[-83.715247,37.916906],[-83.728895,37.914703],[-83.734657,37.918622],[-83.741964,37.910974],[-83.738297,37.902055],[-83.747637,37.898118],[-83.751712,37.887507],[-83.759336,37.882226],[-83.760647,37.874733],[-83.775135,37.864588],[-83.777334,37.85784],[-83.7819,37.855427],[-83.782194,37.851589],[-83.776899,37.847689],[-83.76835540000002,37.84889370000004],[-83.75529169999997,37.84416549999998],[-83.7511589,37.85506079999996],[-83.7528959,37.862530299999975],[-83.7437394,37.8627663],[-83.730422,37.84946159999997],[-83.722037,37.847894],[-83.723782,37.841836],[-83.734509,37.839785],[-83.737986,37.853712],[-83.744528,37.855677],[-83.74723,37.853712],[-83.748723,37.841135],[-83.760933,37.841199],[-83.756603,37.832148],[-83.762057,37.828281],[-83.769952,37.830859],[-83.773997,37.84182],[-83.780812,37.838636],[-83.789525,37.827284],[-83.813549,37.833988],[-83.818646,37.82023],[-83.811293,37.812095],[-83.809649,37.803884],[-83.827146,37.788647],[-83.82646670000004,37.772551099999944],[-83.83165709999993,37.76219620000001],[-83.84142019999999,37.76429409999995],[-83.845686,37.770174],[-83.857718,37.770245],[-83.879454,37.788704],[-83.892511,37.789098],[-83.913837,37.805025],[-83.920065,37.803219],[-83.921652,37.796723],[-83.930499,37.790044],[-83.931421,37.778631],[-83.93355,37.780778],[-83.94192049999997,37.77753],[-83.95190050000002,37.78103590000003],[-83.960964,37.772992],[-83.964357,37.7628],[-83.9519274,37.7446246],[-83.95582549999997,37.7371196],[-83.9818502,37.72493470000003],[-83.98414709999997,37.7222527],[-83.98014210000002,37.71477659999995],[-83.97647359999998,37.712140499999975],[-83.970702,37.717964],[-83.965112,37.716198],[-83.96395629999995,37.711516300000014],[-83.971524,37.707745],[-83.971621,37.70377089999998],[-83.955714,37.690824],[-83.9456811,37.688312],[-83.94921350000003,37.6827483],[-83.94528950000003,37.68048560000002],[-83.917782,37.681963],[-83.8908647,37.668795],[-83.87043749999995,37.678557099999935],[-83.8595092,37.680237799999965],[-83.86037689999998,37.671934],[-83.85772639999998,37.66987779999998],[-83.86994269999997,37.6679996],[-83.87672650000005,37.66304789999997],[-83.8755149,37.65688549999998],[-83.8662534,37.6498691],[-83.87509089999995,37.643636500000014],[-83.88616129999998,37.657129],[-83.92169990000002,37.6736939],[-83.9560007,37.67266450000001],[-83.96908610000004,37.680112599999966],[-83.974341,37.67687140000001],[-83.98621890000001,37.676484200000026],[-83.99463309999997,37.672201],[-83.99451889999997,37.66819349999995],[-83.9824377,37.66068969999995],[-83.98748660000003,37.65570939999995],[-83.98556689999998,37.650994399999966],[-83.9574452,37.63338529999997],[-83.95359530000003,37.624638],[-83.95927920000003,37.61650370000001],[-83.96884069999996,37.63122759999999],[-83.9742287,37.6333415],[-83.98439919999998,37.62799469999998],[-83.991501,37.619644],[-84.003803,37.615887],[-84.006036,37.610416],[-84.018716,37.611382],[-84.03348670000001,37.598208],[-84.0403128,37.59874689999996],[-84.044536,37.591032],[-84.05164769999998,37.59239640000001],[-84.05485309999996,37.58325339999997],[-84.078969,37.585355],[-84.0930287,37.580323099999966],[-84.100905,37.585035],[-84.110866,37.585064],[-84.126181,37.566995],[-84.124214,37.554792],[-84.118532,37.550956],[-84.13037,37.553053],[-84.142603,37.549249],[-84.136851,37.53224],[-84.129286,37.532982],[-84.119379,37.528741],[-84.116929,37.520709],[-84.099376,37.521685],[-84.097997,37.518533],[-84.085026,37.515273],[-84.060149,37.521424],[-84.057746,37.525679],[-84.038101,37.524719],[-84.034101,37.518208],[-84.025518,37.515504],[-84.032714,37.507909],[-84.044172,37.506004],[-84.056969,37.496286],[-84.072999,37.493194],[-84.08149,37.483789],[-84.091432,37.485957],[-84.096837,37.482315],[-84.113422,37.483016],[-84.130871,37.459682],[-84.152109,37.47243],[-84.165453,37.465012],[-84.17481,37.468294],[-84.190514,37.464523],[-84.194212,37.467123],[-84.203169,37.465344],[-84.207188,37.468661],[-84.219817,37.466646],[-84.225462,37.469356],[-84.230344,37.463749],[-84.237759,37.470141],[-84.253827,37.474229],[-84.261098,37.46197],[-84.259554,37.454854],[-84.266129,37.450876],[-84.270755,37.442229],[-84.276494,37.442095],[-84.281809,37.425601],[-84.292796,37.425924],[-84.297158,37.419541],[-84.292914,37.417047],[-84.294981,37.409428],[-84.287878,37.408573],[-84.28493150000004,37.395795],[-84.292758,37.389758],[-84.289657,37.383071],[-84.268636,37.371783],[-84.28411,37.353617],[-84.291208,37.350878],[-84.2884,37.349429],[-84.288796,37.34292],[-84.286842,37.339376],[-84.277155,37.338087],[-84.2665333,37.33040149999996],[-84.269442,37.328653],[-84.267854,37.322034],[-84.260966,37.319857],[-84.249422,37.309403],[-84.265143,37.304717],[-84.281035,37.308021],[-84.306405,37.301201],[-84.308811,37.291637],[-84.304975,37.283973],[-84.309043,37.274524],[-84.307675,37.268877],[-84.29663,37.261907],[-84.300542,37.251026],[-84.296332,37.24132],[-84.302362,37.241298],[-84.306266,37.245637],[-84.317479,37.241044],[-84.319225,37.235027],[-84.329382,37.234092],[-84.331722,37.229688],[-84.327211,37.229355],[-84.328333,37.224885],[-84.323602,37.222481],[-84.32404,37.213745],[-84.338019,37.209492],[-84.346782,37.192537],[-84.356585,37.185848],[-84.35604,37.182045],[-84.360419,37.179126],[-84.350777,37.168604],[-84.342366,37.165962],[-84.345622,37.16343],[-84.3337,37.158838],[-84.354106,37.146574],[-84.371113,37.1440741],[-84.3693367,37.13942039999998],[-84.37774,37.135138],[-84.37878210000002,37.1308001],[-84.39272,37.126427],[-84.388586,37.104827],[-84.413251,37.092551],[-84.414046,37.087399],[-84.422501,37.08319],[-84.424873,37.078111],[-84.421418,37.075845],[-84.427473,37.07088],[-84.413436,37.06522],[-84.412413,37.060377],[-84.424709,37.062371],[-84.429303,37.049806],[-84.439637,37.041935],[-84.463671,37.037835],[-84.452279,37.023604],[-84.458814,37.021544],[-84.461209,37.016235],[-84.451136,37.011271],[-84.445258,37.012049],[-84.444544,37.009349],[-84.461548,37.004885],[-84.467873,36.998737],[-84.474178,36.998919],[-84.474957,37.005293],[-84.484969,37.001674],[-84.487016,36.997243],[-84.492294,36.998454],[-84.494061,36.99509],[-84.491121,36.992803],[-84.49762,36.985912],[-84.486974,36.974383],[-84.496635,36.963143],[-84.495598,36.948178],[-84.525606,36.943721],[-84.529282,36.94736],[-84.523828,36.962325],[-84.526876,36.969578],[-84.539053,36.971117],[-84.543703,36.96725],[-84.553171,36.966428],[-84.557763,36.957412],[-84.57985189999998,36.952055700000045],[-84.578119,36.939538],[-84.571564,36.938599],[-84.581339,36.931231],[-84.571904,36.927639],[-84.581052,36.92194],[-84.599804,36.917405],[-84.598971,36.900538],[-84.619341,36.897303],[-84.602891,36.879804],[-84.588967,36.894797],[-84.581416,36.893265],[-84.581273,36.888757],[-84.588849,36.882623],[-84.579864,36.87319],[-84.577471,36.863718],[-84.591135,36.860853],[-84.585067,36.850698],[-84.57314,36.848094],[-84.571858,36.844181],[-84.59471,36.837998],[-84.577018,36.824726],[-84.57683960000004,36.81909810000004],[-84.5808941,36.816586299999976],[-84.5791734,36.8135208],[-84.5872163,36.8092666],[-84.58111229999993,36.803098100000014],[-84.588125,36.801282],[-84.591057,36.803462],[-84.588102,36.806092],[-84.590962,36.807508],[-84.602747,36.807254],[-84.59605959999998,36.79923079999998],[-84.606847,36.800418],[-84.609262,36.793779],[-84.623778,36.793637],[-84.630888,36.786212],[-84.626536,36.787533],[-84.622809,36.78302],[-84.624423,36.779449],[-84.633574,36.779343],[-84.634321,36.768738],[-84.653903,36.767665],[-84.659511,36.762033],[-84.665679,36.761281],[-84.6649,36.756173],[-84.672644,36.761024],[-84.677031,36.759773],[-84.67237459999998,36.758433],[-84.674109,36.751311],[-84.68051,36.753288],[-84.676006,36.750449],[-84.679111,36.746637],[-84.674131,36.738993],[-84.69467270000001,36.74154359999996],[-84.689344,36.732723],[-84.691903,36.727207],[-84.698328,36.730777],[-84.697049,36.726543],[-84.70500370000005,36.7275954],[-84.7015599,36.72288129999998],[-84.71004,36.720637],[-84.708476,36.717113],[-84.723485,36.71441],[-84.722716,36.710932],[-84.714075,36.710292],[-84.71711549999995,36.7059802],[-84.71083380000002,36.703606900000025],[-84.711715,36.700654],[-84.719499,36.70007959999995],[-84.715739,36.695166],[-84.724637,36.690164],[-84.7190678,36.685307],[-84.72877670000005,36.68124610000004],[-84.73372910000002,36.6846733],[-84.735226,36.67685],[-84.738419,36.689165],[-84.746631,36.686205],[-84.746814,36.68153330000004],[-84.756549,36.68356609999998],[-84.763032,36.678194],[-84.761047,36.672906],[-84.767154,36.674168],[-84.76801,36.669659],[-84.773607,36.667991],[-84.77342349999998,36.66020179999999],[-84.77900260000003,36.66064349999995],[-84.781309,36.65232519999998],[-84.788955,36.648701],[-84.793952,36.652524],[-84.805798,36.651265],[-84.81626240000004,36.65823729999997],[-84.827528,36.653828],[-84.83599379999995,36.64485589999995],[-84.8319,36.641949],[-84.8358727,36.634497],[-84.849674,36.632216],[-84.85378409999996,36.62574810000004],[-84.861987,36.625439599999986],[-84.880126,36.608098],[-84.543139,36.596277]]],[[[-83.452105,36.892092],[-83.435309,36.894188],[-83.433108,36.889088],[-83.408807,36.890488],[-83.39251449999998,36.90412570000004],[-83.38205,36.897715],[-83.378727,36.903865],[-83.369001,36.901641],[-83.371561,36.906984],[-83.367156,36.90991],[-83.357087,36.909972],[-83.357149,36.916492],[-83.347542,36.91131],[-83.350314,36.906087],[-83.347093,36.90373],[-83.350067,36.900058],[-83.305744,36.89957],[-83.272569,36.912907],[-83.26057,36.913589],[-83.256463,36.917981],[-83.244927,36.918091],[-83.241395,36.921777],[-83.230136,36.921737],[-83.228029,36.925514],[-83.197615,36.931059],[-83.17398789999993,36.94538549999996],[-83.146858,36.954676],[-83.1539827,36.957614300000024],[-83.14916060000003,36.96505159999996],[-83.1536,36.97163559999996],[-83.1478526,36.9764179],[-83.14793369999998,36.98422170000001],[-83.134482,36.991600199999986],[-83.1261703,36.991558899999944],[-83.122584,37.004327],[-83.141259,37.005615],[-83.144057,37.013494],[-83.159854,37.013663],[-83.161516,37.021095],[-83.172811,37.017472],[-83.185335,37.021332],[-83.18674,37.034154],[-83.178176,37.038391],[-83.181785,37.047385],[-83.174603,37.052362],[-83.180186,37.056151],[-83.178957,37.061506],[-83.16559,37.067344],[-83.164352,37.07392],[-83.176643,37.080683],[-83.17549,37.084521],[-83.168227,37.08805],[-83.171262,37.091362],[-83.167142,37.094714],[-83.16926,37.100474],[-83.167226,37.102271],[-83.182104,37.106643],[-83.184513,37.112327],[-83.195106,37.109171],[-83.196142,37.117572],[-83.201011,37.117437],[-83.202135,37.122326],[-83.206171,37.123793],[-83.205774,37.12907],[-83.227535,37.137043],[-83.21809,37.145564],[-83.218899,37.148952],[-83.227029,37.15095],[-83.226287,37.155728],[-83.219058,37.160243],[-83.214413,37.157548],[-83.211961,37.16524],[-83.202079,37.166573],[-83.203471,37.175718],[-83.214082,37.17591],[-83.21683,37.180278],[-83.223859,37.180035],[-83.227851,37.184713],[-83.232435,37.184365],[-83.24078,37.196014],[-83.249225,37.195129],[-83.252663,37.203543],[-83.263083,37.200329],[-83.277885,37.203753],[-83.286755,37.217428],[-83.299252,37.214898],[-83.30461,37.223043],[-83.308818,37.223955],[-83.308095,37.228533],[-83.310743,37.230052],[-83.322933,37.224953],[-83.325452,37.231106],[-83.329406,37.230245],[-83.331798,37.235059],[-83.336336,37.235027],[-83.332374,37.244838],[-83.339349,37.250492],[-83.33596,37.254239],[-83.344316,37.259669],[-83.339497,37.264655],[-83.341282,37.268858],[-83.335966,37.272522],[-83.345088,37.279327],[-83.345042,37.282913],[-83.353543,37.284155],[-83.35547,37.29103],[-83.352622,37.297431],[-83.366797,37.300461],[-83.373294,37.295545],[-83.374904,37.305735],[-83.381024,37.304311],[-83.387259,37.305584],[-83.388582,37.309802],[-83.395642,37.309656],[-83.396922,37.31916],[-83.40012,37.320026],[-83.401501,37.316955],[-83.403058,37.323418],[-83.395308,37.325478],[-83.391578,37.330446],[-83.403563,37.330522],[-83.402801,37.334505],[-83.39922,37.334559],[-83.400008,37.337871],[-83.406416,37.336276],[-83.405316,37.338807],[-83.413834,37.347358],[-83.413814,37.351635],[-83.417655,37.354003],[-83.421277,37.35047],[-83.425497,37.352991],[-83.425717,37.35713],[-83.432347,37.360521],[-83.431835,37.363125],[-83.446179,37.370782],[-83.44796,37.378298],[-83.464904,37.372994],[-83.476776,37.377609],[-83.484675,37.371929],[-83.486735,37.358016],[-83.499367,37.352329],[-83.504344,37.342],[-83.516532,37.341585],[-83.516563,37.336615],[-83.522701,37.339049],[-83.537073,37.330106],[-83.547256,37.334132],[-83.542707,37.338054],[-83.541635,37.34678],[-83.534216,37.352717],[-83.545267,37.361911],[-83.542833,37.367431],[-83.548979,37.371878],[-83.549504,37.379117],[-83.541811,37.38322],[-83.549197,37.394125],[-83.54588,37.398618],[-83.541648,37.398672],[-83.538579,37.407083],[-83.54026,37.411302],[-83.535912,37.41261],[-83.534175,37.417351],[-83.543628,37.420159],[-83.543262,37.425254],[-83.552533,37.433044],[-83.553872,37.440835],[-83.545521,37.446989],[-83.549915,37.449401],[-83.553431,37.458358],[-83.556657,37.457303],[-83.558361,37.451384],[-83.571614,37.447009],[-83.5836,37.45052],[-83.590927,37.457445],[-83.613892,37.458016],[-83.621117,37.464203],[-83.628405,37.460537],[-83.637388,37.463546],[-83.638722,37.457843],[-83.645467,37.456435],[-83.661737,37.468134],[-83.678643,37.452172],[-83.678711,37.455142],[-83.683377,37.450318],[-83.68853360000003,37.452163700000064],[-83.687265,37.446916],[-83.691801,37.445787],[-83.692909,37.439273],[-83.709077,37.438025],[-83.712031,37.431845],[-83.71675,37.430844],[-83.715957,37.426954],[-83.728604,37.427133],[-83.735998,37.423263],[-83.740912,37.425046],[-83.744053,37.419905],[-83.737255,37.419305],[-83.736045,37.415498],[-83.751144,37.411397],[-83.754858,37.413955],[-83.760226,37.408885],[-83.763752,37.410942],[-83.767139,37.40437],[-83.770012,37.40431],[-83.771505,37.397224],[-83.768184,37.39334],[-83.771934,37.38937],[-83.782449,37.395844],[-83.785779,37.391155],[-83.796577,37.386372],[-83.797052,37.381525],[-83.80227,37.381687],[-83.810394,37.373406],[-83.811707,37.370121],[-83.806577,37.364551],[-83.801196,37.364537],[-83.800179,37.357874],[-83.795333,37.356951],[-83.794818,37.350722],[-83.788461,37.352627],[-83.78234,37.345176],[-83.783985,37.334443],[-83.789139,37.334438],[-83.79443,37.329878],[-83.821483,37.331441],[-83.863139,37.306621],[-83.8818,37.306985],[-83.878298,37.299877],[-83.880326,37.294629],[-83.876786,37.294684],[-83.888365,37.285723],[-83.888399,37.277741],[-83.900006,37.266898],[-83.897019,37.262377],[-83.901619,37.254055],[-83.895896,37.246855],[-83.888654,37.246231],[-83.884405,37.235575],[-83.877195,37.233056],[-83.876386,37.228634],[-83.880297,37.220107],[-83.886658,37.217096],[-83.887087,37.205362],[-83.903308,37.203429],[-83.908741,37.196033],[-83.902729,37.19113],[-83.902615,37.181985],[-83.894276,37.179701],[-83.888412,37.181552],[-83.883777,37.16407],[-83.888283,37.155044],[-83.910693,37.165376],[-83.91243,37.159249],[-83.920232,37.160576],[-83.929776,37.155029],[-83.930097,37.141554],[-83.939706,37.14034],[-83.932747,37.128544],[-83.934969,37.121408],[-83.925346,37.111615],[-83.919527,37.109788],[-83.914392,37.11292],[-83.899736,37.111304],[-83.885523,37.118904],[-83.881023,37.114146],[-83.883428,37.10939],[-83.865503,37.104031],[-83.867339,37.096402],[-83.862718,37.090968],[-83.86758,37.083244],[-83.872628,37.080358],[-83.87492,37.082454],[-83.887928,37.074918],[-83.884721,37.061841],[-83.876493,37.062646],[-83.871009,37.054851],[-83.862893,37.051609],[-83.858451,37.054617],[-83.856485,37.042531],[-83.843385,37.043339],[-83.837973,37.04005],[-83.832904,37.043361],[-83.825789,37.04016],[-83.832133,37.031186],[-83.823439,37.025653],[-83.798763,37.03311],[-83.797185,37.037135],[-83.791975,37.034622],[-83.788174,37.037049],[-83.785399,37.034171],[-83.774487,37.037282],[-83.780183,37.022874],[-83.775418,37.015398],[-83.765952,37.018446],[-83.764541,37.021692],[-83.758922,37.020598],[-83.750778,37.026563],[-83.743843,37.026889],[-83.739467,37.017106],[-83.732329,37.016465],[-83.736101,37.007007],[-83.734284,37.004183],[-83.721278,37.003208],[-83.719917,36.995589],[-83.710347,36.996541],[-83.709217,36.992137],[-83.704293,36.992199],[-83.692715,36.98309],[-83.682417,36.983689],[-83.678917,36.979789],[-83.675317,36.981789],[-83.670413,36.975186],[-83.660608,36.976585],[-83.654609,36.971882],[-83.65411,36.967786],[-83.641316,36.959688],[-83.633116,36.962188],[-83.624115,36.958688],[-83.616115,36.962388],[-83.607557,36.952655],[-83.590295,36.957517],[-83.590716,36.951585],[-83.583812,36.941284],[-83.578211,36.937987],[-83.5696917,36.9394062],[-83.570104,36.935088],[-83.566,36.931388],[-83.57539,36.922348],[-83.575266,36.912279],[-83.561766,36.91261],[-83.560766,36.895729],[-83.550825,36.897369],[-83.55145340000004,36.900538799999964],[-83.54636319999999,36.90324110000003],[-83.53470289999996,36.8987781],[-83.526451,36.90016980000004],[-83.50759010000006,36.9111978],[-83.50402920000002,36.9080935],[-83.504312,36.898587],[-83.500419,36.895624],[-83.492106,36.896785],[-83.483382,36.8933138],[-83.477111,36.896685],[-83.473707,36.891884],[-83.46500340000001,36.888689600000035],[-83.45612660000006,36.892156600000014],[-83.45449570000001,36.88836409999997],[-83.452105,36.892092]]],[[[-83.43184339999998,37.29959080000001],[-83.43160720000003,37.30047680000004],[-83.431831,37.300322],[-83.43184339999998,37.29959080000001]]]]}},{"type":"Feature","properties":{"name":"Great Smoky Mountains National Park","type":"National park or forest","state":"North Carolina","hikes":1},"geometry":{"type":"Polygon","coordinates":[[[-83.804596,35.452251],[-83.80462519999998,35.452746],[-83.804902,35.452731],[-83.804596,35.452251]]]}},{"type":"Feature","properties":{"name":"Pike National Forest","type":"National park or forest","state":"Colorado","hikes":1},"geometry":{"type":"MultiPolygon","coordinates":[[[[-105.15984970000017,38.88423110000004],[-105.160462,38.867294],[-105.14890199999977,38.867113],[-105.14853399999987,38.859103],[-105.14032199999984,38.858882],[-105.1397569999998,38.845325],[-105.12856899999976,38.844799],[-105.12874700000012,38.8222],[-105.12335699999988,38.82175],[-105.123076,38.807424],[-105.10963499999959,38.807498],[-105.109324,38.791748],[-105.119274,38.791863],[-105.11993900000019,38.78434],[-105.09981,38.784961],[-105.100179,38.792037],[-105.0909170000002,38.792497],[-105.09059200000027,38.785335],[-105.053388,38.784704],[-105.05585999999967,38.770005],[-105.05265,38.697155],[-104.867208,38.695458],[-104.86821399999961,38.780953],[-104.88562799999985,38.781097],[-104.88713269999988,38.81729389999995],[-104.89157970000025,38.817353500000024],[-104.89170309999969,38.81379650000003],[-104.89683200000032,38.813735],[-104.89692099999958,38.810985],[-104.90246700000014,38.810982],[-104.90232700000023,38.813766],[-104.938612,38.814552],[-104.93862099999976,38.820491],[-104.951669,38.820477],[-104.95155300000032,38.834359],[-104.94705899999964,38.834508],[-104.94717400000019,38.837231],[-104.95107899999977,38.837405],[-104.938363,38.841418],[-104.9402470000004,38.850468],[-104.9482400000003,38.852493],[-104.94310100000018,38.852493],[-104.94294399999978,38.861067],[-104.939405,38.86106],[-104.93941000000035,38.864612],[-104.95301099999963,38.864606],[-104.95681399999977,38.871403],[-104.96426399999967,38.873975],[-104.96258900000038,38.88858],[-104.9649210000001,38.88939],[-104.96747799999957,38.892558],[-104.95410300000012,38.887547],[-104.94482399999985,38.878599],[-104.93038899999988,38.876107],[-104.92285899999962,38.868037],[-104.920377,38.867837],[-104.92143400000035,38.87165],[-104.91914000000017,38.873688],[-104.918149,38.867778],[-104.9104449999997,38.867774],[-104.91063880000046,38.87129629999997],[-104.91572399999971,38.87135],[-104.91438619999958,38.88224589999999],[-104.91702209999974,38.88587670000002],[-104.91451309999972,38.8859295],[-104.91362400000031,38.891939],[-104.89576099999977,38.891744],[-104.89640740000023,38.89669239999998],[-104.89029009999959,38.896578699999985],[-104.889367,38.936132],[-104.89341599999987,38.936193],[-104.89354599999984,38.939757],[-104.88679959999972,38.940205499999955],[-104.88680500000017,38.943944],[-104.89151490000029,38.94396269999996],[-104.89163829999971,38.947461099999984],[-104.90050839999984,38.94753410000001],[-104.90050029999962,38.9511],[-104.8918831000002,38.95105879999998],[-104.89582100000024,38.963409],[-104.90374499999983,38.963334],[-104.90379899999981,38.976503],[-104.89579800000013,38.97667],[-104.89442080000032,38.981352],[-104.89610599999955,38.983676],[-104.90382749999992,38.98013419999999],[-104.90488060000031,38.990828700000016],[-104.89587999999974,38.9910571],[-104.89616549999954,38.99783150000002],[-104.90559760000032,38.997654],[-104.90538860000011,39.02801820000003],[-104.91012050000025,39.028107],[-104.91061549999988,39.03986719999998],[-104.9150480000004,39.040122],[-104.914891,39.075684],[-104.90567100000013,39.075655],[-104.90561199999972,39.070876],[-104.89635799999974,39.07145],[-104.8960270000002,39.092625],[-104.920115,39.091308],[-104.91996500000012,39.099511],[-104.92390399999981,39.099539],[-104.92393599999976,39.11677],[-104.928653,39.11677],[-104.92876799999965,39.122121],[-104.92366299999964,39.122153],[-104.92373600000029,39.129812],[-105.397875,39.129565],[-105.398115,39.315777],[-105.478077,39.316406],[-105.49268099999959,39.319261],[-105.4902990000002,39.332524],[-105.52527500000033,39.339356],[-105.521948,39.357846],[-105.55662699999988,39.364723],[-105.562852,39.370617],[-105.59284600000039,39.385051],[-105.59040599999983,39.385164],[-105.58672900000026,39.403548],[-105.62290099999959,39.410781],[-105.61615899999983,39.441964],[-105.62162199999979,39.444531],[-105.62255920000005,39.4487836],[-105.6340591000003,39.44913270000003],[-105.63969679999988,39.4543246],[-105.65284799999971,39.455233],[-105.671871,39.463906],[-105.6943379999996,39.482085],[-105.69635799999956,39.493248],[-105.70438,39.504469],[-105.723658,39.514033],[-105.73073499999956,39.52189],[-105.73109300000043,39.538397],[-105.72422800000038,39.539714],[-105.72002799999977,39.546678],[-105.72397700000027,39.565378],[-105.8296629999996,39.564866],[-105.8257710000002,39.555679],[-105.81580699999986,39.551977],[-105.81892800000017,39.545816],[-105.8176309999998,39.538311],[-105.8230809999996,39.529866],[-105.83001700000013,39.532044],[-105.84537700000027,39.523751],[-105.85970899999982,39.531586],[-105.86792999999972,39.518723],[-105.85406099999982,39.504799],[-105.8637589999997,39.50244],[-105.86656900000034,39.494242],[-105.87471500000032,39.493522],[-105.8790390000004,39.48388],[-105.89195599999972,39.484327],[-105.90596,39.459657],[-105.91163799999978,39.456736],[-105.9391760000001,39.458178],[-105.94403500000043,39.440883],[-105.966797,39.438135],[-105.96449899999958,39.432813],[-105.954914,39.426367],[-105.95186799999966,39.414339],[-105.9768670000002,39.408571],[-105.98501899999978,39.401667],[-105.99285700000033,39.401859],[-105.99664899999955,39.394424],[-106.01432199999964,39.386721],[-106.01869700000034,39.380866],[-106.01724499999973,39.365949],[-106.01979400000035,39.362798],[-106.03471800000035,39.358378],[-106.05609599999964,39.358432],[-106.0666769999998,39.361818],[-106.07419299999978,39.36863],[-106.085632,39.369723],[-106.09679200000035,39.377896],[-106.11930099999975,39.376489],[-106.13552999999989,39.379546],[-106.13876100000031,39.371932],[-106.14919800000024,39.367897],[-106.15294400000013,39.362761],[-106.13992699999974,39.339554],[-106.151247,39.320695],[-106.169474,39.322233],[-106.17645399999968,39.312009],[-106.18370899999964,39.310283],[-106.183072,39.303475],[-106.16190099999982,39.3032],[-106.161718,39.216317],[-106.1774969999997,39.216161],[-106.18477200000041,39.209028],[-106.17898200000036,39.198256],[-106.18529100000022,39.186565],[-106.17838200000013,39.17529],[-106.17937400000042,39.164592],[-106.175034,39.155633],[-106.1727360000003,39.138175],[-106.18602900000016,39.129057],[-106.18873500000029,39.120789],[-106.20341499999988,39.113929],[-106.210173,39.103918],[-106.17855700000024,39.103291],[-106.16986700000018,39.090732],[-106.16966300000037,39.086418],[-106.191578,39.067983],[-106.19100699999956,39.056073],[-106.18481500000037,39.050837],[-106.18250100000034,39.038552],[-106.192077,39.029288],[-106.18947300000025,39.02128],[-106.19295399999979,39.017709],[-106.17884900000013,39.010764],[-106.17591900000036,38.999647],[-106.16940000000018,38.991452],[-106.14541399999989,38.997899],[-106.108953,38.987378],[-106.1097409999996,38.982245],[-106.10437599999966,38.973399],[-106.11375700000028,38.955328],[-106.1109960000001,38.9401],[-106.09065300000017,38.936544],[-106.08483499999959,38.939431],[-106.06603200000036,38.931898],[-106.058207,38.941774],[-106.02821100000028,38.942796],[-105.99819299999967,38.915134],[-105.98601599999958,38.917973],[-105.97648600000012,38.914426],[-105.97709500000018,38.911096],[-105.9638389999998,38.911306],[-105.96385700000039,38.918471],[-105.97288699999982,38.918443],[-105.97285000000035,38.92572],[-105.977452,38.925778],[-105.97774700000019,38.947502],[-106.00108199999966,38.947947],[-106.00094299999984,38.961968],[-105.972868,38.962068],[-105.97235299999966,38.976612],[-105.981046,38.976912],[-105.98111500000029,38.991357],[-105.97132700000014,38.991139400000016],[-105.970847,39.005681],[-105.975475,39.00573],[-105.974714,39.019989],[-105.97949999999966,39.020014],[-105.97650399999982,39.055907],[-105.98948399999985,39.056128],[-105.98956400000017,39.070377],[-106.042131,39.070377],[-106.042067,39.07403],[-106.04667899999966,39.074104],[-106.04652,39.077819],[-106.08366499999984,39.078293],[-106.08366299999967,39.093107],[-106.08858299999964,39.093229],[-106.087718,39.12856],[-106.04123500000036,39.129343],[-106.04129900000025,39.150983],[-106.050451,39.151252],[-106.05077200000039,39.160313],[-106.05063000000034,39.169478],[-106.03198299999963,39.169112],[-106.03206899999957,39.176407],[-106.04143499999984,39.176473],[-106.04096300000032,39.209452],[-106.013176,39.209503],[-106.01328999999961,39.227738],[-106.0455619999998,39.227678],[-106.04576500000043,39.241045],[-106.05348999999971,39.249983],[-106.05053699999982,39.250068],[-106.050528,39.260421],[-105.97614599999986,39.260509],[-105.97595600000031,39.289436],[-105.93879800000028,39.289526],[-105.93886799999979,39.303931],[-105.92080399999968,39.304167],[-105.92063199999983,39.31834],[-105.901853,39.318311],[-105.901725,39.347963],[-105.88307999999957,39.348327],[-105.879826,39.352511],[-105.88317500000024,39.355517],[-105.88257299999984,39.406437],[-105.7515149999997,39.405127],[-105.75364399999971,39.304558],[-105.71569499999984,39.304536],[-105.71576799999958,39.187803],[-105.68908299999975,39.187983],[-105.68959299999973,39.195141],[-105.67998700000025,39.195033],[-105.67970799999964,39.202549],[-105.670241,39.202585],[-105.66991700000014,39.216985],[-105.65126199999969,39.217165],[-105.65139900000024,39.187878],[-105.64227400000013,39.187912],[-105.64065800000033,39.143953],[-105.640501,39.136618],[-105.650419,39.136151],[-105.648723,39.107553],[-105.63928399999989,39.107485],[-105.63987400000018,39.092842],[-105.6215119999997,39.092842],[-105.60417,39.088559],[-105.60426200000045,39.095674],[-105.59589099999982,39.096901],[-105.59600699999953,39.083092],[-105.58662499999973,39.082881],[-105.5866909999998,39.069527],[-105.558854,39.069693],[-105.558898,39.04786709999998],[-105.5494681999998,39.04786070000002],[-105.549611,39.04163],[-105.54681100000012,39.041775],[-105.547091,39.031079],[-105.55623399999972,39.030571],[-105.5560540000001,39.001717],[-105.52827100000019,39.0032],[-105.52855500000032,38.974345],[-105.5096880000003,38.975283],[-105.50941999999968,38.960659],[-105.500289,38.961124],[-105.49924689999959,38.9309689],[-105.48085900000011,38.930916],[-105.480369,38.87268],[-105.51814000000043,38.872283],[-105.51848700000039,38.88681],[-105.58982799999963,38.884491],[-105.592428,38.883858],[-105.59269699999977,38.86937],[-105.60975799999956,38.868819],[-105.60983000000013,38.861666],[-105.69476199999963,38.861567],[-105.694027,38.839749],[-105.70385100000033,38.839759],[-105.704096,38.773806],[-105.72283999999969,38.774057],[-105.72273099999964,38.752143],[-105.73225799999977,38.75215],[-105.73216999999967,38.730684],[-105.722518,38.730387],[-105.7230540000003,38.723199],[-105.73211300000034,38.723375],[-105.73183199999956,38.708963],[-105.72257500000022,38.708655],[-105.72296999999966,38.70152],[-105.68537799999967,38.702247],[-105.685209,38.709339],[-105.66697600000036,38.709383],[-105.66709999999983,38.745158],[-105.6485369999998,38.745706],[-105.64899000000044,38.759671],[-105.667809,38.759328],[-105.66678100000041,38.774033],[-105.63938700000031,38.774609],[-105.63955499999983,38.781824],[-105.63052400000032,38.782087],[-105.62958900000025,38.804338],[-105.64882700000042,38.803637],[-105.64947800000036,38.839933],[-105.61145000000025,38.839973],[-105.61139899999961,38.818206],[-105.53700699999955,38.819614],[-105.53716900000039,38.81617],[-105.52821999999956,38.816128],[-105.52816599999959,38.8126],[-105.500376,38.813818],[-105.4997400000004,38.836039],[-105.46123,38.835169],[-105.46195599999979,38.857322],[-105.38270699999957,38.856086],[-105.37994500000022,38.869999],[-105.32764500000012,38.868905],[-105.32538600000012,38.945641],[-105.3278149999998,39.01398],[-105.24484000000044,39.015316],[-105.24424299999959,39.000796],[-105.23467699999982,39.000865],[-105.233658,38.986446],[-105.215475,38.986082],[-105.21493400000011,38.978833],[-105.187149,38.978833],[-105.18686199999966,38.97522],[-105.16844099999969,38.971508],[-105.16859399999977,38.978807],[-105.15942699999978,38.982519],[-105.15993599999966,38.989757],[-105.169465,38.993661],[-105.16983700000016,39.000447],[-105.16045699999961,39.000253],[-105.16148400000012,39.014699],[-105.142399,39.014541],[-105.14163499999974,39.000098],[-105.12660299999976,39.000062],[-105.124748,38.992777],[-105.11277599999976,38.992754],[-105.112855,38.985672],[-105.1189740000003,38.985616],[-105.12151480000024,38.98107770000004],[-105.10567700000013,38.981797],[-105.10219180000024,38.9750429],[-105.09525599999974,38.971704],[-105.09041199999976,38.975959],[-105.084149,38.975857],[-105.08460600000018,38.981791],[-105.07996800000016,38.981694],[-105.08080779999955,38.98879849999993],[-105.0853858,38.98889960000006],[-105.08539639999996,38.999652],[-105.09544899999952,38.999868],[-105.09666699999966,39.021609],[-105.08264390000004,39.02172409999995],[-105.08427399999967,39.04185],[-105.05138499999966,39.042222],[-105.04639700000035,38.912474],[-105.12548000000031,38.913173],[-105.1253820000003,38.921835],[-105.15187,38.921683],[-105.15194399999983,38.913039],[-105.15906300000022,38.912975],[-105.15962680000014,38.8879301],[-105.15738670000037,38.884293],[-105.15984970000017,38.88423110000004]]],[[[-105.008812,38.997724],[-105.01026009999988,38.988503],[-104.995994,38.988521],[-104.99359299999988,38.995781],[-104.99634600000029,38.995796],[-104.99607500000035,38.999536],[-104.991574,38.999475],[-104.99131349999955,39.01406379999998],[-105.00087030000033,39.010434899999986],[-105.00179540000003,38.9996011],[-105.008812,38.997724]]],[[[-105.26026300000039,38.948007],[-105.2600359999996,38.949301],[-105.260889,38.94798],[-105.26026300000039,38.948007]]],[[[-105.21782700000043,38.949181],[-105.21578599999961,38.949575],[-105.21460000000033,38.950573],[-105.21782700000043,38.949181]]],[[[-105.2122337,38.9601099],[-105.211685,38.96135],[-105.21225619999963,38.96147339999999],[-105.2122337,38.9601099]]]]}},{"type":"Feature","properties":{"name":"San Isabel National Forest","type":"National park or forest","state":"Colorado","hikes":1},"geometry":{"type":"MultiPolygon","coordinates":[[[[-105.33231700000024,37.058997],[-105.32795699999986,37.059691],[-105.32892430000035,37.05641439999998],[-105.33975299999989,37.052249],[-105.34452400000012,37.054468],[-105.35043600000039,37.050735],[-105.36258050000002,37.0498751],[-105.36220199999973,37.046769],[-105.367484,37.044157],[-105.38828600000016,37.049012],[-105.38372799999958,37.032594],[-105.37554500000013,37.024198],[-105.36811099999974,37.022013],[-105.39415799999982,37.027306],[-105.398537,37.02719],[-105.400992,37.022524],[-105.37151199999984,37.007079],[-105.39259099999957,37.011927],[-105.4096139999998,37.007612],[-105.40556800000026,37.007491],[-105.40676400000035,37.005368],[-105.39311299999962,36.995802],[-105.155042,36.995262],[-105.154922,37.053341],[-105.14640299999971,37.048628],[-105.139226,37.02878],[-105.141714,37.021728],[-105.13612500000036,37.011194],[-105.14095800000031,36.998782],[-105.13641700000026,36.995168],[-105.12079999999952,36.995428],[-105.099929,37.022001],[-105.083561,37.060523],[-105.08720799999976,37.069422],[-105.07985900000013,37.071864],[-105.08709700000048,37.075215],[-105.10175099999971,37.07492],[-105.09492799999956,37.078603],[-105.06692300000014,37.073569],[-105.05769200000027,37.079866],[-105.04071600000032,37.083573],[-105.03837100000041,37.087054],[-105.04114000000035,37.102211],[-105.05174499999978,37.105739],[-105.0548020000002,37.104411],[-105.05408700000034,37.11247],[-105.05926099999976,37.111028],[-105.04063000000039,37.150602],[-105.04225999999956,37.157082],[-105.04546200000028,37.163883],[-105.05822300000015,37.169241],[-105.0636880000003,37.173935],[-105.06557700000022,37.17666],[-105.054083,37.167786],[-105.04454299999972,37.16859],[-105.04832099999956,37.1844],[-105.043547,37.190179],[-105.05064599999963,37.200281],[-105.048586,37.204474],[-105.061142,37.207934],[-105.06735399999985,37.206606],[-105.072277,37.21059],[-105.07980500000016,37.208071],[-105.10376700000025,37.210812],[-105.11010000000032,37.221136],[-105.08258600000019,37.222976],[-105.074111,37.220687],[-105.05622999999972,37.227391],[-105.04815899999966,37.226905],[-105.0476780000003,37.238093],[-105.06137600000042,37.256023],[-105.06017100000048,37.262388],[-105.06375300000026,37.263968],[-105.06421100000043,37.280431],[-105.068137,37.288262],[-105.06587399999962,37.29474],[-105.053464,37.296385],[-105.060568,37.31203],[-105.07332599999971,37.320339],[-105.07424600000033,37.325151],[-105.06920999999974,37.327524],[-105.08039,37.335817],[-105.07122700000038,37.335052],[-105.06726000000016,37.339878],[-105.054312,37.342682],[-105.059752,37.338366],[-105.056831,37.335244],[-105.06094399999974,37.328031],[-105.05698700000035,37.320429],[-105.05844499999965,37.31017],[-105.05348800000023,37.299475],[-105.03666899999979,37.282147],[-105.03024699999956,37.291967],[-105.0333950000003,37.301973],[-105.0293520000001,37.305223],[-105.02850500000011,37.276787],[-105.045079,37.277498],[-105.04477999999956,37.27287],[-105.03399400000043,37.24576],[-105.02366200000023,37.234048],[-105.01123099999978,37.210857],[-104.97792300000016,37.201038],[-104.97224500000037,37.197665],[-104.973696,37.195609],[-104.97101700000032,37.193233],[-104.96871,37.187264],[-104.95829099999976,37.177296],[-104.95205300000036,37.183249],[-104.951396,37.18863],[-104.94522960000016,37.19135970000003],[-104.9477090000004,37.204139],[-104.93031999999955,37.19028],[-104.925884,37.188598],[-104.92420699999973,37.193239],[-104.91586599999978,37.182290699999974],[-104.9094357000002,37.179876700000044],[-104.926633,37.185744],[-104.92899,37.176817],[-104.92459400000028,37.173253],[-104.92573599999952,37.16772],[-104.92088299999969,37.154021],[-104.87857300000026,37.140433],[-104.86841700000024,37.134242],[-104.847354,37.131861],[-104.8588910000002,37.142766],[-104.8673330000004,37.15879],[-104.88146699999977,37.175177],[-104.87844100000014,37.182016],[-104.88589400000028,37.191938],[-104.88560499999974,37.19436],[-104.87884799999965,37.197575],[-104.88047200000011,37.199907],[-104.88752300000027,37.204836],[-104.89173199999983,37.203852],[-104.90295600000016,37.204312],[-104.90899600000023,37.207243],[-104.91151700000032,37.2168547],[-104.9065127000001,37.20616660000002],[-104.88521299999967,37.205665],[-104.89141100000022,37.210581],[-104.88795999999958,37.219645],[-104.89341900000011,37.235744],[-104.893408,37.244061],[-104.900119,37.248266],[-104.90144999999957,37.251235],[-104.956729,37.250827],[-104.970319,37.263942],[-104.97681999999968,37.262727],[-104.97743999999973,37.266027],[-104.99842100000033,37.28043],[-104.99014500000038,37.279732],[-104.98131,37.286012],[-104.978876,37.283887],[-104.96971500000045,37.283903],[-104.9758849999996,37.285233],[-104.98184799999959,37.295775],[-104.96348800000017,37.2905],[-104.960672,37.294532],[-104.944946,37.294871],[-104.965093,37.300645],[-104.98538899999959,37.314781],[-104.984471,37.31263],[-105.007031,37.31416669999999],[-105.01483599999969,37.309876],[-105.02588900000025,37.314264],[-105.0210259999996,37.316773],[-105.02911500000026,37.333169],[-105.02897999999986,37.339461],[-105.02347600000012,37.341648],[-105.024822,37.348395],[-105.01558499999966,37.343049],[-105.01100700000012,37.343811],[-105.00590899999979,37.337253],[-105.013341,37.331475],[-105.000731,37.331231],[-104.9821500000003,37.320402],[-104.96629100000023,37.31969],[-104.9593730000003,37.324541],[-104.96211299999962,37.327146],[-104.9692800000004,37.326293],[-104.99237499999975,37.340796],[-104.99302399999954,37.343482],[-104.983027,37.336411],[-104.97646099999962,37.340066],[-104.9607080000002,37.329851],[-104.96823799999956,37.338452],[-104.96757500000042,37.343648],[-104.96154799999962,37.345613],[-104.95644199999953,37.339319],[-104.95859599999982,37.337413],[-104.94892500000037,37.326309],[-104.91885700000012,37.327255],[-104.92134600000026,37.331305],[-104.91644299999989,37.329725],[-104.91678600000041,37.332403],[-104.90855599999978,37.334256],[-104.91087500000022,37.343415],[-104.92257200000014,37.355277],[-104.920712,37.35664090000003],[-104.90037100000018,37.353043],[-104.8875320000001,37.344621],[-104.85802400000036,37.344805],[-104.85363600000036,37.345586],[-104.86100900000021,37.349224],[-104.8600359999997,37.353002],[-104.87681460000037,37.356127],[-104.87478499999959,37.363665],[-104.84586900000029,37.358548],[-104.82189199999983,37.35981],[-104.77800700000041,37.360034],[-104.76737410000001,37.358566],[-104.76395299999959,37.359801],[-104.7575290000001,37.356914],[-104.75425399999962,37.364353],[-104.739051,37.358747],[-104.7278900000003,37.373226],[-104.75167800000038,37.374616],[-104.75442500000028,37.375909],[-104.7549910000004,37.377],[-104.73830099999985,37.373912],[-104.7207889999996,37.375337],[-104.693065,37.370094],[-104.67073099999986,37.387322],[-104.675491,37.394272],[-104.66277400000024,37.398497],[-104.66258099999956,37.401068],[-104.68168300000016,37.399686],[-104.68949,37.404127],[-104.68792499999986,37.408637],[-104.69818799999976,37.409069],[-104.70318499999982,37.405885],[-104.70905999999972,37.404457],[-104.69755500000042,37.409599],[-104.70094200000025,37.413583],[-104.69910700000031,37.42384],[-104.68440900000013,37.428351],[-104.689001,37.427984],[-104.68452399999975,37.429014],[-104.67915400000031,37.438217],[-104.67481800000012,37.437644],[-104.67565099999985,37.434348],[-104.669994,37.434393],[-104.67258200000023,37.42661],[-104.666409,37.425464],[-104.66830499999955,37.421572],[-104.66009200000032,37.426809],[-104.65342400000038,37.42678],[-104.65821799999983,37.449341],[-104.66688499999977,37.46656],[-104.6886580000003,37.465142],[-104.6930519999999,37.461296],[-104.69006499999989,37.458114],[-104.6912440000004,37.451609],[-104.699441,37.451089],[-104.6950760000002,37.439916],[-104.715896,37.434834],[-104.70911499999977,37.433203],[-104.7134489999998,37.429699],[-104.71793900000014,37.432162],[-104.72679100000012,37.426536],[-104.73615600000032,37.425042],[-104.749089,37.413976],[-104.74893399999982,37.407034],[-104.76726699999969,37.405442],[-104.76993600000033,37.414978],[-104.777361,37.420109],[-104.778644,37.428835],[-104.79902499999956,37.434065],[-104.80217100000014,37.432359],[-104.796293,37.437653],[-104.78823600000018,37.43901],[-104.78202999999986,37.444568],[-104.783086,37.446924],[-104.807263,37.446103],[-104.818549,37.44146],[-104.80178100000025,37.459671],[-104.82228900000034,37.47105],[-104.824892,37.469741],[-104.82455099999967,37.473561],[-104.88343399999985,37.444501],[-104.90173199999954,37.430221],[-104.92044500000031,37.426971],[-104.92349800000038,37.419832],[-104.90926299999985,37.454529],[-104.88407399999977,37.483462],[-104.8966,37.47575],[-104.90078500000027,37.480692],[-104.909438,37.480549],[-104.94837900000013,37.466959],[-104.96717599999975,37.445181],[-104.95686599999958,37.461801],[-104.94650599999972,37.470177],[-104.9596350000004,37.472145],[-104.96888199999981,37.469235],[-104.97804200000012,37.460669],[-104.9799269999997,37.462157],[-104.98330679999985,37.45877769999995],[-104.986589,37.461629],[-104.98536699999957,37.438375],[-104.971957,37.417859],[-104.981581,37.423637],[-104.983472,37.421595],[-104.98602800000035,37.432765],[-104.9937610000003,37.444693],[-104.99186200000045,37.481265],[-104.9934870000001,37.488582],[-104.99606500000041,37.48861],[-105.00055099999953,37.48206],[-105.0081200000003,37.479666],[-105.010169,37.473754],[-105.00502500000034,37.461066],[-105.006932,37.457679],[-105.0034700000002,37.450319],[-105.00472299999963,37.438232],[-105.00727100000015,37.448849],[-105.01996800000012,37.43456],[-105.02443999999988,37.419076],[-105.02269600000027,37.43729],[-105.03519900000039,37.44469],[-105.0366045000003,37.44881259999998],[-105.03717169999959,37.43696530000002],[-105.05363599999988,37.418317],[-105.06601799999986,37.412654],[-105.052389,37.420478],[-105.05139699999975,37.425747],[-105.03972900000043,37.439557],[-105.03713100000026,37.446093],[-105.04629170000017,37.449537299999974],[-105.0460912000002,37.45328139999998],[-105.04267209999996,37.453999],[-105.04592969999987,37.45843930000003],[-105.02767209999995,37.4645723],[-105.020695,37.481796],[-105.02055600000024,37.492272],[-105.03497199999957,37.492474],[-105.05079400000018,37.475057],[-105.057471,37.478783],[-105.055918,37.486982],[-105.07466099999962,37.473306],[-105.08053899999977,37.470952],[-105.055017,37.489784],[-105.040441,37.51071],[-105.052335,37.512855],[-105.06175300000015,37.507549],[-105.068637,37.507666],[-105.07043599999963,37.497266],[-105.07931099999972,37.494125],[-105.075273,37.498769],[-105.07316299999968,37.509694],[-105.09293700000018,37.502956],[-105.11089699999975,37.502892],[-105.11617200000033,37.511426],[-105.11783400000037,37.524096],[-105.12786700000011,37.522878],[-105.13437899999968,37.528794],[-105.14024100000032,37.524735],[-105.1445769999996,37.526266],[-105.1489640000004,37.512185],[-105.14600999999952,37.496299],[-105.152326,37.492519],[-105.14897400000034,37.48936],[-105.154608,37.488663],[-105.15476,37.482456],[-105.16359300000028,37.485413],[-105.16664799999961,37.482767],[-105.15967499999962,37.475137],[-105.16104299999957,37.473774],[-105.16866400000016,37.483271],[-105.15595999999961,37.490965],[-105.15008100000027,37.498525],[-105.15296760000004,37.5127535],[-105.15025500000029,37.523607],[-105.14398999999956,37.528168],[-105.15601300000039,37.529268],[-105.154423,37.533763],[-105.15897999999963,37.539647],[-105.15529300000013,37.540153],[-105.14929800000019,37.531487],[-105.1409130000002,37.526826],[-105.13621499999971,37.530259],[-105.11805200000042,37.526806],[-105.10945700000013,37.531801],[-105.12117199999973,37.54486],[-105.120533,37.551068],[-105.11407300000013,37.550841],[-105.17907499999971,37.574772],[-105.18521700000015,37.577695],[-105.1876290000002,37.583382],[-105.20703399999984,37.589504],[-105.2023499999996,37.594722],[-105.19323699999958,37.592092],[-105.19565700000031,37.60893],[-105.19004169999988,37.61407309999996],[-105.19382779999995,37.61746940000002],[-105.21960919999961,37.60874109999999],[-105.22293100000034,37.603102],[-105.22925599999975,37.603575],[-105.2314179999998,37.601052],[-105.238046,37.598252],[-105.2466400000002,37.589994],[-105.26122700000019,37.584762],[-105.26439499999988,37.580885],[-105.27033499999976,37.578336],[-105.2778829999997,37.56968],[-105.2875927000001,37.5610699],[-105.28519800000012,37.552264],[-105.283883,37.557098],[-105.27795799999963,37.556501],[-105.26457899999983,37.568654],[-105.2543940000001,37.571923],[-105.249169,37.579179],[-105.24542699999958,37.576365],[-105.24258199999966,37.580579],[-105.23110399999987,37.578843],[-105.23095899999954,37.5755],[-105.22607809999967,37.5771173],[-105.225751,37.574403],[-105.2209090000002,37.576231],[-105.22352099999975,37.569],[-105.22723000000018,37.56788],[-105.23813500000017,37.57337],[-105.23995499999977,37.566407],[-105.23411700000024,37.56657],[-105.23385600000022,37.563548],[-105.22764300000019,37.562474],[-105.22813,37.559956],[-105.21118900000029,37.554627],[-105.207135,37.556093],[-105.20846100000016,37.568982],[-105.21214300000015,37.569623],[-105.21352500000036,37.573994],[-105.21090800000042,37.57498],[-105.198597,37.570632],[-105.19971700000012,37.561428],[-105.18622700000014,37.556322],[-105.18795400000013,37.550347],[-105.18378300000012,37.547738],[-105.189679,37.54428],[-105.19459300000035,37.527521],[-105.20077400000041,37.525277],[-105.201464,37.528275],[-105.204483,37.52736],[-105.20379400000046,37.531298],[-105.20836400000022,37.530656],[-105.21704899999986,37.537225],[-105.227163,37.527583],[-105.223655,37.523991],[-105.21994899999986,37.528113],[-105.21514699999977,37.524336],[-105.20962899999975,37.525642],[-105.2029579999996,37.520491],[-105.21044000000035,37.520824],[-105.214465,37.518889],[-105.21308800000014,37.51588],[-105.19847900000015,37.509405],[-105.19536,37.505846],[-105.18900099999959,37.503738],[-105.184825,37.499896],[-105.18342899999959,37.495474],[-105.18512299999955,37.48994],[-105.18267500000012,37.487879],[-105.182651,37.487613],[-105.187181,37.48142],[-105.18250499999952,37.485816],[-105.17455300000032,37.484772],[-105.18188400000027,37.479083],[-105.176516,37.475454],[-105.17433600000034,37.463997],[-105.177069,37.461981],[-105.174082,37.46079],[-105.183129,37.45113],[-105.18752020000018,37.45191770000003],[-105.18453699999961,37.44726],[-105.17996200000032,37.44747990000005],[-105.17957000000023,37.440161],[-105.1865740000001,37.444536],[-105.193753,37.440643],[-105.19748699999985,37.433704],[-105.19564799999957,37.432743],[-105.1915969999996,37.426923],[-105.1984350000001,37.433452],[-105.21017800000023,37.430795],[-105.21812900000027,37.431115],[-105.24400000000014,37.437537],[-105.24712800000013,37.436276],[-105.24505600000035,37.427922],[-105.253437,37.436941],[-105.24913900000027,37.437718],[-105.25731099999969,37.43985],[-105.25123400000015,37.424999],[-105.25837499999966,37.439965],[-105.26444,37.440265],[-105.27168299999988,37.44304],[-105.29586899999964,37.456438],[-105.300782,37.441535],[-105.30388399999957,37.441421],[-105.29862400000022,37.458099],[-105.30195900000025,37.459274],[-105.31257599999978,37.459535],[-105.30968300000038,37.443894],[-105.30701299999963,37.442359],[-105.30922500000023,37.438216],[-105.31565700000037,37.435674],[-105.32111299999976,37.446182],[-105.33169199999976,37.446713],[-105.34180199999957,37.423682],[-105.33735800000034,37.424132],[-105.32521300000019,37.416418],[-105.31267000000038,37.41683],[-105.33692200000021,37.407601],[-105.334194,37.402015],[-105.31244000000022,37.409183],[-105.31059500000033,37.41236],[-105.30881100000012,37.407682],[-105.30991599999987,37.401835],[-105.32242499999958,37.388555],[-105.32021600000013,37.386334],[-105.28295000000017,37.372832],[-105.2792199999998,37.373564],[-105.266048,37.380693],[-105.25820700000014,37.38329],[-105.27903399999967,37.373147],[-105.2801409999996,37.367544],[-105.30019000000037,37.375336],[-105.31906700000033,37.377909],[-105.32207999999979,37.374658],[-105.33605200000012,37.381593],[-105.35619399999959,37.381404],[-105.35171700000032,37.377101],[-105.353722,37.370836],[-105.3487840000003,37.36335],[-105.37110300000018,37.367073],[-105.371817,37.364761],[-105.34476600000036,37.358064],[-105.3178319999997,37.329952],[-105.30755200000021,37.324937],[-105.32284899999961,37.326174],[-105.32516900000014,37.318092],[-105.332281,37.32757],[-105.33709899999957,37.329927],[-105.34251700000031,37.326652],[-105.34297799999982,37.332765],[-105.36121499999985,37.336125],[-105.35928199999987,37.339468],[-105.37688599999966,37.337791],[-105.35878700000025,37.333109],[-105.35728900000032,37.328246],[-105.37084699999964,37.333419],[-105.377693,37.331449],[-105.37027199999972,37.293907],[-105.37738100000016,37.292386],[-105.377476,37.279612],[-105.40082699999982,37.280195],[-105.404783,37.275914],[-105.4035519999997,37.272136],[-105.4061020000004,37.272068],[-105.405793,37.260826],[-105.39878109999995,37.2639386],[-105.39633999999971,37.259817],[-105.397353,37.241718],[-105.3890480000003,37.24215],[-105.36253600000039,37.252327],[-105.34953400000035,37.254026],[-105.336593,37.252511],[-105.36062300000027,37.252028],[-105.38480399999965,37.242569],[-105.389252,37.236151],[-105.38158899999964,37.221633],[-105.37730999999968,37.199765],[-105.37800599999974,37.189255],[-105.38539900000033,37.184484],[-105.37624399999956,37.174372],[-105.3653419999998,37.169684],[-105.353212,37.170536],[-105.33141400000012,37.179952],[-105.33150400000036,37.202893],[-105.34571199999955,37.222327],[-105.33944200000022,37.221917],[-105.33843799999983,37.219124],[-105.33294199999982,37.22288],[-105.32054850000024,37.21930320000002],[-105.31009500000032,37.221347],[-105.30929399999964,37.213678],[-105.30113500000039,37.204177],[-105.298905,37.192338],[-105.28562200000017,37.201197],[-105.28066399999973,37.218916],[-105.27689000000021,37.225414],[-105.275486,37.224928],[-105.28340999999958,37.201269],[-105.289975,37.194603],[-105.28067499999975,37.193708],[-105.28193200000041,37.197372],[-105.27552100000018,37.196523],[-105.276724,37.194829],[-105.2697379999998,37.19904],[-105.27967699999986,37.186291],[-105.27157800000016,37.185349],[-105.269892,37.180906],[-105.26325199999967,37.18356],[-105.23070700000028,37.184226],[-105.22667700000025,37.194371],[-105.223361,37.199316],[-105.20996599999977,37.203786],[-105.19287400000012,37.214769],[-105.2018719999996,37.207289],[-105.2231619999997,37.197966],[-105.22905600000027,37.184958],[-105.23485010000023,37.1812398],[-105.22406299999965,37.175414],[-105.22735639999985,37.17904009999997],[-105.21877200000043,37.182283],[-105.21399399999963,37.180659],[-105.22255100000038,37.174705],[-105.24693,37.182776],[-105.25295100000022,37.180922],[-105.25204100000043,37.174876],[-105.28082599999965,37.173102],[-105.26495799999972,37.16347949999997],[-105.26140400000044,37.165265],[-105.253653,37.164017],[-105.242707,37.158806],[-105.24945600000044,37.155986],[-105.2613480000003,37.164052],[-105.26292300000031,37.160687],[-105.2540319999998,37.152256],[-105.26058199999984,37.152305],[-105.26153029999966,37.14836689999998],[-105.28657900000026,37.167219],[-105.2904159999996,37.157306],[-105.28655099999973,37.149008],[-105.29868399999978,37.149362],[-105.29916700000021,37.165389],[-105.30388699999982,37.171205],[-105.31770700000014,37.174365],[-105.32614700000019,37.174617],[-105.36844799999977,37.160137],[-105.3656689999999,37.155284],[-105.3666549999997,37.136596],[-105.36246099999957,37.130296],[-105.32172900000042,37.119198],[-105.30122499999973,37.123722],[-105.30066090000024,37.120611],[-105.31195799999986,37.115124],[-105.29708,37.110657],[-105.315045,37.112194],[-105.310471,37.10061],[-105.30458299999988,37.098571],[-105.307441,37.097518],[-105.30289699999967,37.085337],[-105.31344399999972,37.082293],[-105.30951700000011,37.071605],[-105.31357100000034,37.07823],[-105.326209,37.061165],[-105.33231700000024,37.058997]]],[[[-105.154988,37.111311],[-105.15497099999955,37.092511],[-105.12643899999968,37.093707],[-105.13474799999966,37.10438],[-105.154988,37.111311]]],[[[-105.19892400000012,37.10256],[-105.19866700000043,37.101438],[-105.19835299999961,37.102239],[-105.19892400000012,37.10256]]],[[[-105.04387099999985,37.10247],[-105.045567,37.102746],[-105.04392900000016,37.102148],[-105.04387099999985,37.10247]]],[[[-105.2785549999996,37.134361],[-105.27986800000039,37.139124],[-105.286674,37.140935],[-105.28089800000022,37.137911],[-105.2785549999996,37.134361]]],[[[-105.19332499999969,37.13753],[-105.191352,37.136339],[-105.19272400000028,37.137713],[-105.19332499999969,37.13753]]],[[[-105.1577979999998,37.156002],[-105.15651100000025,37.154766],[-105.15616799999974,37.155201],[-105.1577979999998,37.156002]]],[[[-105.15359000000032,37.16358],[-105.156051,37.163672],[-105.15610800000017,37.163054],[-105.15359000000032,37.16358]]],[[[-104.919703,37.195465],[-104.91177900000044,37.198911],[-104.9255739999996,37.203722],[-104.92064200000041,37.199392],[-104.919703,37.195465]]],[[[-104.89789500000019,37.200531],[-104.89654800000018,37.198879],[-104.88923399999985,37.20028],[-104.8936820000003,37.202127],[-104.89789500000019,37.200531]]],[[[-105.000557,37.237019],[-104.99914700000019,37.250584],[-105.01302299999976,37.25052],[-105.00629899999971,37.23993],[-105.000557,37.237019]]],[[[-104.7837600000001,37.394347],[-104.7764090000003,37.394104],[-104.7755630000004,37.394638],[-104.785681,37.398102],[-104.7837600000001,37.394347]]],[[[-105.2305530000001,37.422159],[-105.22561400000038,37.418336],[-105.2269600000003,37.413734],[-105.22406000000029,37.411331],[-105.20953700000022,37.407305],[-105.22010099999986,37.414949],[-105.2114930000003,37.421202],[-105.21212499999957,37.424751],[-105.2151980000004,37.425827],[-105.21660299999982,37.420926],[-105.2305530000001,37.422159]]],[[[-104.94801200000032,37.429651],[-104.95004699999974,37.412507],[-104.9348270000004,37.426643],[-104.9340450000004,37.432639],[-104.93608500000025,37.434045],[-104.9420910000002,37.424925],[-104.94207499999978,37.429715],[-104.94801200000032,37.429651]]],[[[-104.78728599999977,37.41587],[-104.78530500000032,37.418785],[-104.78870500000036,37.422058],[-104.790559,37.417537],[-104.78728599999977,37.41587]]],[[[-105.23262800000015,37.432163],[-105.23618699999986,37.432024],[-105.23681850000042,37.4315226],[-105.232051,37.429232],[-105.23262800000015,37.432163]]],[[[-105.319748,37.429532],[-105.31900000000017,37.429737],[-105.31961199999958,37.430308],[-105.319748,37.429532]]],[[[-105.16877899999979,37.436795],[-105.16834299999967,37.43565],[-105.167338,37.437321],[-105.16877899999979,37.436795]]],[[[-105.0488439999997,37.475582],[-105.04985299999963,37.474169],[-105.048229,37.47546],[-105.0488439999997,37.475582]]],[[[-105.17146299999987,37.512495],[-105.17286700000012,37.514047],[-105.17344799999967,37.512424],[-105.17146299999987,37.512495]]],[[[-104.96972899999979,37.204352],[-104.96922899999977,37.204777],[-104.96958799999982,37.204815],[-104.96972899999979,37.204352]]],[[[-104.92349800000038,37.419832],[-104.92463900000041,37.414449],[-104.92493499999975,37.398373],[-104.92277000000034,37.406819],[-104.92349800000038,37.419832]]],[[[-105.15354400000011,37.401326],[-105.15668600000035,37.400829],[-105.15735800000024,37.400423],[-105.15354400000011,37.401326]]],[[[-105.02443999999988,37.419076],[-105.0240660000004,37.416367],[-105.02430300000023,37.415432],[-105.02341100000012,37.416761],[-105.02443999999988,37.419076]]],[[[-104.9981549999999,37.346142],[-104.9910479999996,37.343577],[-104.99110399999974,37.34396],[-104.9981549999999,37.346142]]],[[[-104.80217100000014,37.432359],[-104.81687299999977,37.422424],[-104.81825199999972,37.422118],[-104.81141999999973,37.423142],[-104.80217100000014,37.432359]]],[[[-104.97009599999961,37.20118],[-104.96931399999963,37.201094],[-104.96952900000034,37.202271],[-104.97009599999961,37.20118]]],[[[-105.15601300000039,37.529268],[-105.15928399999963,37.529576],[-105.164056,37.530855],[-105.159409,37.529036],[-105.15601300000039,37.529268]]],[[[-104.91188039999984,37.216318300000026],[-104.91213449999974,37.2171571],[-104.913565,37.216379],[-104.91188039999984,37.216318300000026]]],[[[-104.972055,37.199041],[-104.970947,37.198908],[-104.97045100000021,37.199886],[-104.972055,37.199041]]],[[[-105.2852689999997,37.148283],[-105.285087,37.147694],[-105.28320300000041,37.142511],[-105.2840969999998,37.146772],[-105.2852689999997,37.148283]]],[[[-105.29016899999982,37.125341],[-105.28505199999974,37.123433],[-105.28139199999977,37.12325],[-105.2654909999998,37.126366],[-105.29016899999982,37.125341]]],[[[-104.7549910000004,37.377],[-104.75488599999979,37.379527],[-104.76045499999954,37.382684],[-104.75661800000022,37.388429],[-104.760971,37.399811],[-104.767715,37.39931],[-104.76598000000016,37.395608],[-104.772713,37.389032],[-104.80502399999986,37.385856],[-104.80657399999959,37.383132],[-104.77030899999976,37.388143],[-104.7549910000004,37.377]]],[[[-105.08054500000026,37.469958],[-105.08440200000037,37.466964],[-105.09764499999969,37.461625],[-105.08321899999954,37.466958],[-105.08054500000026,37.469958]]],[[[-105.29708,37.110657],[-105.288543,37.109171],[-105.283373,37.109252],[-105.2745049999997,37.113266],[-105.29708,37.110657]]],[[[-105.06601799999986,37.412654],[-105.0685249999997,37.41263],[-105.07068599999965,37.411131],[-105.0678240000001,37.411209],[-105.06601799999986,37.412654]]],[[[-105.25820700000014,37.38329],[-105.2521,37.384945],[-105.2491840000004,37.386364],[-105.25344599999984,37.385145],[-105.25820700000014,37.38329]]],[[[-105.1915969999996,37.426923],[-105.19033600000041,37.419647],[-105.19323400000025,37.413444],[-105.1891869999997,37.409025],[-105.18505500000023,37.409872],[-105.182414,37.417817],[-105.18950399999987,37.422692],[-105.18506809999995,37.422577499999974],[-105.17434600000026,37.428645],[-105.167716,37.42489],[-105.164762,37.414151],[-105.1547759999996,37.407256],[-105.15504799999962,37.402925],[-105.152163,37.409018],[-105.15797700000022,37.427189],[-105.1549749999999,37.426209],[-105.15545700000021,37.421682],[-105.15123699999975,37.422344],[-105.148656,37.415657],[-105.14455100000015,37.417396],[-105.14721899999982,37.422458],[-105.14204899999983,37.427813],[-105.14672799999963,37.428044],[-105.14485899999957,37.433263],[-105.15083000000023,37.435303],[-105.14784,37.441392],[-105.1503650000004,37.444781],[-105.15320900000025,37.44311],[-105.15197100000026,37.449314],[-105.15588619999978,37.455690799999985],[-105.1583749999999,37.449499],[-105.16564099999987,37.449158],[-105.166447,37.439175],[-105.16320300000035,37.43993],[-105.1633760000003,37.437572],[-105.17133099999975,37.432353],[-105.17756100000027,37.433796],[-105.18117800000027,37.440276],[-105.18881500000039,37.443208],[-105.17802099999967,37.429629],[-105.17322600000017,37.430842],[-105.184129,37.424286],[-105.1915969999996,37.426923]]],[[[-104.95386400000012,37.248597],[-104.961684,37.25078],[-104.95248899999959,37.246651],[-104.95386400000012,37.248597]]],[[[-104.9715729999996,37.417774],[-104.97015199999974,37.41653],[-104.96893100000027,37.416497],[-104.9715729999996,37.417774]]],[[[-105.300576,37.125348],[-105.295352,37.125401],[-105.29016899999982,37.125341],[-105.29259899999958,37.125915],[-105.300576,37.125348]]],[[[-105.30951700000011,37.071605],[-105.307842,37.069859],[-105.302434,37.067506],[-105.30411000000029,37.068948],[-105.30951700000011,37.071605]]],[[[-105.17431799999976,37.519891],[-105.17405699999973,37.52012],[-105.17415599999983,37.52047],[-105.17431799999976,37.519891]]],[[[-105.17268999999986,37.517928],[-105.17154300000023,37.518123],[-105.17318799999973,37.519384],[-105.17268999999986,37.517928]]],[[[-105.172497,37.51561],[-105.17206600000034,37.515222],[-105.171943,37.516944],[-105.172497,37.51561]]],[[[-104.97043299999962,37.209079],[-104.969721,37.209027],[-104.96928800000016,37.209385],[-104.97043299999962,37.209079]]],[[[-104.97115099999974,37.207172],[-104.96969699999985,37.207928],[-104.97008200000026,37.208289],[-104.97115099999974,37.207172]]],[[[-104.97143399999977,37.205828],[-104.970111,37.205509],[-104.97096599999969,37.206378],[-104.97143399999977,37.205828]]],[[[-104.92493499999975,37.398373],[-104.925753,37.397048],[-104.9250429999997,37.396259],[-104.92493499999975,37.398373]]],[[[-105.02430300000023,37.415432],[-105.02607699999962,37.414335],[-105.02635099999983,37.409116],[-105.02549800000024,37.413631],[-105.02430300000023,37.415432]]],[[[-104.97034799999979,37.202695],[-104.96847600000036,37.203626],[-104.9685099999996,37.204231],[-104.97034799999979,37.202695]]],[[[-105.164056,37.530855],[-105.16840400000021,37.534272],[-105.17791900000023,37.537255],[-105.17650800000033,37.535698],[-105.164056,37.530855]]],[[[-104.91213449999974,37.2171571],[-104.9152371999999,37.2235742],[-104.92188940000028,37.22717069999997],[-104.93057419999991,37.22561589999995],[-104.94247590000015,37.22861289999997],[-104.92394439999956,37.2140122],[-104.91213449999974,37.2171571]]],[[[-105.25805500000014,37.12563],[-105.25604099999977,37.125435],[-105.25362500000028,37.126185],[-105.25513899999973,37.125789],[-105.25805500000014,37.12563]]],[[[-105.259411,37.125907],[-105.25900000000014,37.125539],[-105.25805500000014,37.12563],[-105.259411,37.125907]]],[[[-105.26408899999973,37.1268],[-105.263409,37.125933],[-105.260475,37.125789],[-105.26408899999973,37.1268]]],[[[-104.96743300000034,37.415434],[-104.96751900000028,37.414454],[-104.966896,37.413995],[-104.96743300000034,37.415434]]],[[[-105.17415599999983,37.52047],[-105.17378100000025,37.522917],[-105.17557699999968,37.525113],[-105.17467000000012,37.523802],[-105.17415599999983,37.52047]]],[[[-104.96928800000016,37.209385],[-104.96178300000018,37.211246],[-104.96189200000023,37.215062],[-104.97504800000044,37.227253],[-104.97264500000021,37.218918],[-104.96439200000037,37.214468],[-104.96928800000016,37.209385]]],[[[-105.25362500000028,37.126185],[-105.2444570000002,37.127804],[-105.23801800000037,37.127962],[-105.24784899999958,37.128144],[-105.25362500000028,37.126185]]],[[[-105.17679100000038,37.526483],[-105.1761470000001,37.525908],[-105.17718499999972,37.529428],[-105.17679100000038,37.526483]]],[[[-105.33231700000024,37.058997],[-105.33443999999974,37.058981],[-105.33579400000033,37.059617],[-105.33449599999989,37.058784],[-105.33231700000024,37.058997]]],[[[-105.33741200000031,37.060835],[-105.33708799999957,37.061093],[-105.33978399999975,37.061567],[-105.33741200000031,37.060835]]],[[[-104.98284600000038,37.137405],[-104.94200699999955,37.14309],[-104.919398,37.150005],[-104.95386990000016,37.159142399999986],[-104.98993199999983,37.153117],[-105.00231900000023,37.148047],[-105.00832500000018,37.140628],[-104.98284600000038,37.137405]]],[[[-104.884576,37.194265],[-104.878223,37.184678],[-104.87825700000018,37.17758],[-104.87951800000027,37.175773],[-104.87076300000021,37.164273],[-104.868588,37.166006],[-104.87424000000033,37.174346],[-104.87391500000041,37.184878],[-104.86741299999984,37.188747],[-104.86041,37.187778],[-104.86283699999957,37.182443],[-104.8597840000004,37.179313],[-104.86743399999978,37.177669],[-104.86796200000033,37.164537],[-104.87048499999969,37.16379],[-104.86219899999979,37.15217],[-104.85599300000038,37.154462],[-104.85559900000014,37.164332],[-104.841413,37.17338],[-104.84364699999976,37.180683],[-104.84247000000036,37.182406],[-104.840718,37.177569],[-104.8300809999998,37.169994],[-104.82353700000026,37.168964],[-104.81858,37.162966],[-104.79789300000027,37.174413],[-104.80342399999957,37.175062],[-104.80411500000014,37.180896],[-104.81117999999965,37.181882],[-104.81451499999969,37.189964],[-104.81277,37.191929],[-104.822903,37.197075],[-104.83597,37.21517],[-104.84426300000042,37.218078],[-104.87393400000018,37.218793],[-104.87465400000045,37.230465],[-104.88155399999977,37.239204],[-104.88396399999966,37.250421],[-104.900053,37.251119],[-104.89223900000044,37.24433],[-104.89268599999967,37.234313],[-104.886717,37.22162],[-104.890399,37.21067],[-104.886563,37.209503],[-104.87853100000038,37.197711],[-104.884576,37.194265]]],[[[-104.84282700000023,37.184296],[-104.83609200000016,37.181211],[-104.846484,37.189428],[-104.84282700000023,37.184296]]],[[[-104.99269999999969,37.205208],[-105.01068300000027,37.207244],[-105.02657300000023,37.196112],[-105.02697899999967,37.185924],[-105.020292,37.16955],[-105.020672,37.15691],[-105.01723,37.152466],[-104.94892999999988,37.161547],[-104.95406100000024,37.169891],[-104.96274000000028,37.169982],[-104.95376900000035,37.171891],[-104.96598999999958,37.181072],[-104.97573399999968,37.197344],[-104.99269999999969,37.205208]]],[[[-105.01559499999959,37.177173],[-105.01502299999989,37.176532],[-105.01487999999974,37.177012],[-105.01559499999959,37.177173]]],[[[-105.00721099999969,37.187583],[-105.00164500000018,37.178208],[-105.00205000000042,37.181042],[-104.99812800000035,37.1818],[-104.9920919999997,37.178395],[-104.99170900000038,37.181361],[-105.00721099999969,37.187583]]],[[[-104.96274000000028,37.169982],[-104.96360399999988,37.169719],[-104.9633460000001,37.169513],[-104.96274000000028,37.169982]]],[[[-104.71888500000023,37.234708],[-104.70538699999958,37.232969],[-104.7003210000001,37.235563],[-104.70799300000041,37.244052],[-104.70944199999988,37.250379],[-104.717839,37.251273],[-104.736782,37.261468],[-104.75168099999972,37.256074],[-104.75884600000032,37.240891],[-104.7568289999997,37.240269],[-104.76476600000036,37.227556],[-104.75542699999963,37.219414],[-104.748296,37.22548],[-104.72279899999965,37.218232],[-104.71149000000038,37.222405],[-104.71992700000017,37.224983],[-104.721955,37.231205],[-104.71888500000023,37.234708]]],[[[-104.71888500000023,37.234708],[-104.72395299999988,37.237052],[-104.73049500000013,37.238233],[-104.72653200000026,37.236646],[-104.71888500000023,37.234708]]],[[[-104.83925400000027,37.219012],[-104.83310099999983,37.23108],[-104.83808699999987,37.240787],[-104.850776,37.245958],[-104.8511429999999,37.250662],[-104.87821600000038,37.251312],[-104.85440400000012,37.229104],[-104.84466799999979,37.227345],[-104.843606,37.220912],[-104.83925400000027,37.219012]]],[[[-104.82258200000032,37.219543],[-104.81945400000033,37.225222],[-104.807936,37.226332],[-104.807589,37.229494],[-104.81280099999987,37.231493],[-104.81841399999965,37.241477],[-104.82454199999982,37.244842],[-104.82968799999962,37.242117],[-104.83041400000039,37.219787],[-104.82258200000032,37.219543]]],[[[-104.765154,37.227866],[-104.75993599999974,37.237801],[-104.76316800000023,37.243962],[-104.76165700000016,37.255004],[-104.767217,37.259658],[-104.78183900000023,37.246831],[-104.7779549999997,37.238057],[-104.765154,37.227866]]],[[[-104.89200800000019,37.253181],[-104.88058,37.250873],[-104.88349400000033,37.257133],[-104.882001,37.261323],[-104.86593000000026,37.26016],[-104.868795,37.2635],[-104.896893,37.271116],[-104.89856800000015,37.268433],[-104.89394699999976,37.263081],[-104.89200800000019,37.253181]]],[[[-104.96348800000017,37.2905],[-104.96837999999964,37.288188],[-104.96253300000024,37.288258],[-104.955198,37.277087],[-104.93608899999967,37.271589],[-104.9346339999997,37.265471],[-104.92829999999957,37.263139],[-104.925634,37.260547],[-104.905821,37.257077],[-104.92289800000015,37.271433],[-104.92627700000024,37.278142],[-104.96348800000017,37.2905]]],[[[-104.868795,37.2635],[-104.85342099999967,37.259012],[-104.83779800000022,37.258579],[-104.82979899999982,37.259972],[-104.829791,37.26364],[-104.79016100000041,37.263191],[-104.79165800000024,37.267035],[-104.78902099999954,37.267655],[-104.7821259999997,37.265725],[-104.77470699999967,37.272403],[-104.77225299999974,37.284569],[-104.767238,37.287452],[-104.75952800000015,37.289715],[-104.7688409999996,37.290704],[-104.774167,37.295628],[-104.76238899999959,37.29599],[-104.7621,37.299882],[-104.74828099999971,37.31141],[-104.7498559999997,37.314531],[-104.75464000000011,37.314809],[-104.78415400000036,37.302454],[-104.80117300000026,37.304684],[-104.81848099999982,37.294767],[-104.8214339999997,37.290004],[-104.829312,37.286225],[-104.83592299999967,37.27732],[-104.839501,37.275694],[-104.82781999999965,37.289387],[-104.8426310000002,37.28993],[-104.86405000000019,37.296284],[-104.89654800000018,37.292469],[-104.901445,37.293253],[-104.89989300000013,37.286929],[-104.908245,37.284303],[-104.920278,37.282684],[-104.92927460000023,37.28505779999996],[-104.93444999999976,37.283365],[-104.92939400000023,37.282397],[-104.927882,37.278967],[-104.896893,37.271116],[-104.89717399999985,37.274439],[-104.882633,37.273364],[-104.868795,37.2635]]],[[[-104.84039,37.274819],[-104.84485099999964,37.274587],[-104.8469939999999,37.272402],[-104.84039,37.274819]]],[[[-104.93118700000028,37.263581],[-104.95235700000033,37.267495],[-104.965495,37.273427],[-104.96481899999975,37.266852],[-104.957284,37.263671],[-104.94490700000043,37.260604],[-104.93278899999983,37.260874],[-104.93118700000028,37.263581]]],[[[-104.75896500000027,37.281402],[-104.76671100000041,37.263607],[-104.740541,37.264173],[-104.743788,37.268714],[-104.7405090000001,37.282116],[-104.752748,37.277148],[-104.75896500000027,37.281402]]],[[[-104.75896500000027,37.281402],[-104.74437299999988,37.302646],[-104.74794599999986,37.311646],[-104.75351400000041,37.302595],[-104.76184500000042,37.298733],[-104.75895500000034,37.29205],[-104.759473,37.28841],[-104.7681000000003,37.286513],[-104.77222999999962,37.281865],[-104.75896500000027,37.281402]]],[[[-104.888357,37.297678],[-104.8604599999997,37.296748],[-104.84174200000032,37.290664],[-104.827987,37.289773],[-104.80142,37.306053],[-104.78782400000024,37.305906],[-104.789961,37.311226],[-104.80946399999965,37.321036],[-104.83444300000032,37.321903],[-104.84737700000014,37.31737],[-104.87989900000034,37.324727],[-104.8977550000003,37.321717],[-104.88780420000016,37.31282660000002],[-104.914325,37.319695],[-104.92447300000016,37.316376],[-104.92450199999986,37.310332],[-104.93302619999969,37.315095],[-104.93304600000043,37.310081],[-104.938406,37.30644],[-104.93508099999984,37.305227],[-104.93817499999973,37.303326],[-104.93734400000015,37.299526],[-104.93107299999986,37.293138],[-104.885445,37.295189],[-104.888357,37.297678]]],[[[-104.888357,37.297678],[-104.89330100000024,37.303779],[-104.89688999999971,37.305743],[-104.89229000000016,37.300664],[-104.888357,37.297678]]],[[[-104.89507200000028,37.347564],[-104.88587,37.342331],[-104.89658599999973,37.335099],[-104.88473000000013,37.326214],[-104.85989200000034,37.32199],[-104.86458,37.329943],[-104.8609100000001,37.330449],[-104.85841400000028,37.326855],[-104.8571530000002,37.330198],[-104.84767000000014,37.325519],[-104.84583899999961,37.321214],[-104.821818,37.323454],[-104.80917099999968,37.321658],[-104.80444799999982,37.319023],[-104.79608199999961,37.318148],[-104.791558,37.314889],[-104.79085400000022,37.321409],[-104.783184,37.323731],[-104.76692700000031,37.319288],[-104.76317800000017,37.314323],[-104.75114600000038,37.318214],[-104.75484900000033,37.331739],[-104.759265,37.334529],[-104.74257699999957,37.334433],[-104.731037,37.330698],[-104.72529999999988,37.337317],[-104.70883199999973,37.343894],[-104.72963800000024,37.351717],[-104.79347400000042,37.358367],[-104.81424199999955,37.352734],[-104.82161300000014,37.347812],[-104.839957,37.344788],[-104.88231399999975,37.343815],[-104.88893600000034,37.344615],[-104.89507200000028,37.347564]]],[[[-104.759265,37.334529],[-104.763795,37.337799],[-104.77910799999984,37.336042],[-104.784757,37.338241],[-104.7956220000002,37.3406],[-104.80459899999973,37.340968],[-104.777079,37.334851],[-104.759265,37.334529]]],[[[-104.83356300000031,37.347148],[-104.82180399999974,37.349782],[-104.80524099999982,37.356348],[-104.82138700000031,37.359444],[-104.84297199999965,37.356374],[-104.8559089999997,37.358705],[-104.8498240000004,37.349616],[-104.83746400000044,37.350467],[-104.83356300000031,37.347148]]],[[[-105.294634,37.45914],[-105.26672899999977,37.441892],[-105.23739700000021,37.4377],[-105.21261499999966,37.431277],[-105.19742900000045,37.434254],[-105.19512999999985,37.439735],[-105.1874660000002,37.448976],[-105.20607859999986,37.47087979999994],[-105.20906900000014,37.476037],[-105.207461,37.481257],[-105.21392500000022,37.481347],[-105.22062099999975,37.486131],[-105.22340999999955,37.489449],[-105.2180330000004,37.4901162],[-105.2370794,37.507473],[-105.24511399999975,37.505941],[-105.25228299999976,37.513152],[-105.2546672999998,37.51986],[-105.24990000000031,37.523384],[-105.270771,37.52151],[-105.27636800000016,37.517624],[-105.272576,37.513845],[-105.2703750000004,37.502469],[-105.26003899999984,37.498058],[-105.25830600000025,37.493907],[-105.277212,37.493708],[-105.27654799999979,37.502195],[-105.28464899999965,37.505057],[-105.29289399999973,37.514766],[-105.28967799999964,37.504554],[-105.29241000000012,37.50001],[-105.30479699999962,37.501054],[-105.298133,37.490484],[-105.305257,37.489271],[-105.31370499999974,37.480114],[-105.3196750000003,37.47905],[-105.32045600000022,37.482974],[-105.31335899999986,37.488172],[-105.31548599999971,37.492773],[-105.31048600000031,37.503435],[-105.31175099999982,37.507762],[-105.31835900000017,37.503206],[-105.32729299999976,37.478097],[-105.33763299999971,37.473425],[-105.33837700000018,37.462848],[-105.31031599999972,37.462415],[-105.2963899999996,37.458858],[-105.29041400000033,37.47072],[-105.2868510000003,37.474383],[-105.283545,37.476124],[-105.294634,37.45914]]],[[[-105.26685400000024,37.471518],[-105.26188399999972,37.471745],[-105.26202399999963,37.476027],[-105.26685400000024,37.471518]]],[[[-105.53502900000035,37.531338],[-105.53684499999963,37.526207],[-105.549502,37.518884],[-105.50309600000035,37.518874],[-105.50284999999978,37.51525],[-105.49915300000036,37.51518],[-105.49907999999971,37.507212],[-105.49221000000016,37.50987],[-105.49284699999984,37.504087],[-105.466813,37.505448],[-105.46261890000028,37.5083159],[-105.46549599999972,37.517261],[-105.45627000000025,37.5193],[-105.45698800000035,37.514996],[-105.45319999999967,37.516494],[-105.45908899999984,37.506915],[-105.464836,37.504812],[-105.48017800000036,37.504515],[-105.49592999999969,37.491888],[-105.49599699999985,37.486392],[-105.48514399999965,37.486395],[-105.48711600000017,37.453837],[-105.49481900000035,37.452319],[-105.48271299999985,37.449936],[-105.472951,37.444119],[-105.4709990000003,37.436815],[-105.46287500000032,37.436171],[-105.457104,37.438434],[-105.45891499999982,37.44368],[-105.44886499999956,37.4605],[-105.44894199999965,37.472436],[-105.44474500000018,37.474907],[-105.441898,37.492749],[-105.43362200000011,37.477663],[-105.427235,37.478465],[-105.4179400000003,37.488305],[-105.41770599999981,37.49703],[-105.42089300000019,37.50261],[-105.42248100000037,37.507793],[-105.42504599999961,37.510614],[-105.42590100000027,37.513235],[-105.422183,37.508013],[-105.41712999999979,37.496228],[-105.41718900000018,37.488857],[-105.42233299999982,37.477914],[-105.41144500000031,37.481735],[-105.3988259999996,37.492103],[-105.39494999999974,37.509514],[-105.40117199999959,37.511351],[-105.39420800000035,37.511602],[-105.391281,37.520185],[-105.41194200000011,37.534341],[-105.40895199999986,37.535508],[-105.39015700000039,37.52529],[-105.388426,37.534242],[-105.39339699999975,37.53951],[-105.39574900000024,37.549149],[-105.38298099999979,37.549098],[-105.36420800000035,37.562722],[-105.3627869999996,37.567634],[-105.36257800000028,37.563577],[-105.3817429999998,37.549317],[-105.38224099999967,37.540007],[-105.389599,37.526174],[-105.38597,37.510476],[-105.34815699999965,37.494919],[-105.33450840000002,37.49525310000003],[-105.33936800000039,37.505425],[-105.34308499999968,37.529303],[-105.33293600000022,37.527085],[-105.331499,37.533106],[-105.32342369999998,37.537023],[-105.33202,37.54698],[-105.31502799999956,37.540365],[-105.306519,37.522094],[-105.30900299999982,37.514842],[-105.302032,37.517688],[-105.29414940000024,37.5324918],[-105.30317099999988,37.538807],[-105.30424200000043,37.549259],[-105.31647399999967,37.552589],[-105.3385029999998,37.568249],[-105.3511109999996,37.570883],[-105.35263900000022,37.571954],[-105.33841200000037,37.568957],[-105.3115190000004,37.551424],[-105.30152600000038,37.552457],[-105.305248,37.556441],[-105.30211000000017,37.558702],[-105.296199,37.554421],[-105.29598899999968,37.546599],[-105.29089579999975,37.5379601],[-105.285055,37.547018],[-105.28989499999963,37.558931],[-105.2869500000004,37.568113],[-105.288531,37.568199],[-105.29167,37.56979],[-105.29537700000027,37.577923],[-105.29747699999967,37.57826],[-105.30554599999958,37.575439],[-105.30987900000041,37.574866],[-105.3272259999996,37.580109],[-105.33073499999965,37.577407],[-105.34431199999966,37.577633],[-105.33615089999977,37.5809358],[-105.31960199999966,37.580156],[-105.30605300000018,37.575737],[-105.29874799999968,37.578231],[-105.296503,37.578506],[-105.29561099999987,37.57814],[-105.294777,37.57759],[-105.29394300000024,37.576812],[-105.2910110000003,37.569715],[-105.286945,37.568516],[-105.28607399999981,37.576045],[-105.29958299999957,37.592092],[-105.29854700000014,37.599032],[-105.30306600000019,37.603107],[-105.310927,37.618291],[-105.30985999999973,37.62288],[-105.31010899999967,37.618504],[-105.29805299999971,37.599546],[-105.29865900000041,37.592242],[-105.285859,37.577474],[-105.284826,37.570767],[-105.28782800000025,37.56185],[-105.27038329999974,37.57897709999999],[-105.26044839999958,37.58600850000001],[-105.25371340000041,37.58904580000004],[-105.25663599999956,37.598936],[-105.2533726999996,37.58914989999999],[-105.24786350000034,37.59028060000005],[-105.23895000000019,37.598601],[-105.21960919999961,37.60874109999999],[-105.22891700000045,37.620541],[-105.220308,37.621491],[-105.21453400000027,37.626425],[-105.20133900000043,37.619175],[-105.194827,37.61964],[-105.2014870000001,37.621468],[-105.20099299999966,37.625872],[-105.1979570000001,37.626493],[-105.20576700000012,37.640748],[-105.22474400000029,37.625795],[-105.22939400000038,37.62322],[-105.23044899999961,37.623358],[-105.21390300000019,37.637078],[-105.21435199999958,37.639459],[-105.229498,37.639303],[-105.23197600000012,37.643239],[-105.21727599999979,37.644252],[-105.21136400000042,37.648257],[-105.214184,37.650912],[-105.21693799999967,37.655553],[-105.21896500000022,37.661445],[-105.22085999999975,37.662236],[-105.22993799999955,37.673766],[-105.23065400000038,37.676864],[-105.23388399999982,37.680865],[-105.235049,37.684382],[-105.235363,37.694161],[-105.24081800000017,37.700187],[-105.25481499999987,37.707994],[-105.25599100000014,37.704],[-105.26345799999964,37.703485],[-105.26750099999985,37.687057],[-105.267981,37.695953],[-105.276334,37.704348],[-105.28439600000027,37.702902],[-105.2916290000002,37.706486],[-105.29523500000019,37.702543],[-105.30059299999958,37.698203],[-105.29771200000025,37.691664],[-105.30105600000013,37.698042],[-105.2953230000003,37.703235],[-105.307984,37.714551],[-105.307625,37.72147],[-105.29960100000017,37.721436],[-105.31510499999965,37.730188],[-105.344871,37.733191],[-105.35130599999958,37.730881],[-105.35351900000023,37.725507],[-105.35683799999987,37.722318],[-105.35629100000044,37.714829],[-105.330067,37.690853],[-105.3274759999996,37.68643],[-105.326991,37.683003],[-105.32890700000027,37.684756],[-105.3322029999998,37.679761],[-105.329306,37.688288],[-105.35686300000013,37.714981],[-105.35731299999962,37.722464],[-105.35504900000012,37.725345],[-105.36232199999976,37.720873],[-105.3699980000004,37.708552],[-105.40187999999976,37.68529],[-105.4109100000001,37.674495],[-105.436684,37.671522],[-105.459722,37.664862],[-105.457114,37.671951],[-105.42985600000037,37.680399],[-105.43046,37.684017],[-105.41573600000038,37.693745],[-105.3722909999996,37.708397],[-105.36537000000033,37.717946],[-105.3773610000003,37.719043],[-105.39098599999977,37.725631],[-105.4001160000003,37.73542],[-105.41001499999973,37.738539],[-105.41622599999958,37.735943],[-105.42559899999954,37.738684],[-105.44068699999963,37.736556],[-105.44517299999963,37.739176],[-105.4545689999997,37.733096],[-105.45414699999984,37.724026],[-105.45722800000043,37.719122],[-105.47749400000028,37.707573],[-105.48047100000035,37.69809],[-105.47724300000019,37.666199],[-105.48697700000035,37.653483],[-105.49238899999969,37.634784],[-105.491514,37.625004],[-105.49861199999964,37.614493],[-105.49547200000045,37.612224],[-105.493273,37.600919],[-105.501755,37.597571],[-105.49459100000034,37.592352],[-105.49303800000037,37.582984],[-105.485517,37.5779],[-105.49605999999967,37.570061],[-105.49630999999968,37.563853],[-105.53502900000035,37.531338]]],[[[-105.42709600000028,37.514355],[-105.426234,37.513486],[-105.42620600000033,37.513966],[-105.42709600000028,37.514355]]],[[[-105.47508200000023,37.56682],[-105.472723,37.5665],[-105.47180300000032,37.568172],[-105.473559,37.568835],[-105.47508200000023,37.56682]]],[[[-105.47721399999959,37.573527],[-105.47752899999958,37.571375],[-105.475861,37.572383],[-105.47721399999959,37.573527]]],[[[-105.48959699999965,37.594584],[-105.4915539999998,37.595064],[-105.49083300000036,37.593737],[-105.48959699999965,37.594584]]],[[[-105.33227899999979,37.656342],[-105.32500800000031,37.650044],[-105.317487,37.657133],[-105.31866799999968,37.673687],[-105.32067500000038,37.674594],[-105.32060399999989,37.670338],[-105.33227899999979,37.656342]]],[[[-105.25718999999957,37.601687],[-105.25642600000018,37.603313],[-105.25661300000036,37.60361],[-105.25718999999957,37.601687]]],[[[-105.30985999999973,37.62288],[-105.30758799999957,37.62764],[-105.307213,37.631522],[-105.31085700000045,37.639919],[-105.30820799999965,37.631297],[-105.30985999999973,37.62288]]],[[[-105.4109100000001,37.674495],[-105.4125779999997,37.6727],[-105.41839700000037,37.654895],[-105.416861,37.651532],[-105.4109100000001,37.674495]]],[[[-105.25663599999956,37.598936],[-105.25715899999972,37.600593],[-105.25727600000039,37.599751],[-105.25663599999956,37.598936]]],[[[-105.3699980000004,37.708552],[-105.37100999999967,37.705063],[-105.37050700000027,37.702564],[-105.3699689999998,37.703158],[-105.3699980000004,37.708552]]],[[[-105.3322029999998,37.679761],[-105.33748600000014,37.673965],[-105.33827900000014,37.671963],[-105.33638299999966,37.673706],[-105.3322029999998,37.679761]]],[[[-105.296557,37.691413],[-105.2949019999996,37.689658],[-105.291104,37.687958],[-105.292473,37.689539],[-105.296557,37.691413]]],[[[-105.19481399999975,37.505466],[-105.2021219999996,37.50529],[-105.20246600000021,37.501535],[-105.21157299999973,37.496161],[-105.19927850000025,37.500519499999974],[-105.20355499999955,37.488859],[-105.19332390000005,37.492592],[-105.19255100000035,37.49685],[-105.19091299999963,37.492477],[-105.18700499999981,37.493874],[-105.19031,37.481945],[-105.18844300000015,37.481212],[-105.194503,37.472718],[-105.18879129999978,37.46160139999998],[-105.19321,37.473428],[-105.187181,37.48142],[-105.18850399999982,37.483676],[-105.18308900000021,37.487403],[-105.1851449999996,37.489473],[-105.18543400000013,37.490685],[-105.18394999999957,37.495478],[-105.18578500000041,37.500112],[-105.19481399999975,37.505466]]],[[[-105.19812699999977,37.49511],[-105.19585699999979,37.495431],[-105.1892170000004,37.500012],[-105.19528099999975,37.499254],[-105.19487799999968,37.503162],[-105.19812699999977,37.49511]]],[[[-105.22464279999998,37.50840240000005],[-105.22416800000025,37.516708],[-105.2290829999998,37.51664],[-105.230117,37.512998],[-105.22464279999998,37.50840240000005]]],[[[-105.088135,37.552527],[-105.088678,37.55787],[-105.083605,37.55801],[-105.08742599999984,37.567538],[-105.100995,37.576754],[-105.11701900000033,37.578111],[-105.124087,37.588841],[-105.13112999999959,37.58895],[-105.10904099999986,37.590901],[-105.11471500000022,37.593745],[-105.13898599999983,37.599273],[-105.15395199999972,37.597538],[-105.15921999999973,37.593734],[-105.18471629999961,37.59356180000002],[-105.16855860000042,37.57370849999999],[-105.1240768999997,37.55465279999997],[-105.09345150000006,37.54796290000004],[-105.088135,37.552527]]],[[[-105.19004169999988,37.61407309999996],[-105.1826536999997,37.60643560000001],[-105.17669799999986,37.606371],[-105.17480799999984,37.600668],[-105.13342900000016,37.600997],[-105.11114699999976,37.60901],[-105.10835499999973,37.611103],[-105.108316,37.617691],[-105.11302200000034,37.624446],[-105.1141500000002,37.633346],[-105.125247,37.640209],[-105.1251310000002,37.650425],[-105.13101399999988,37.65135],[-105.12622399999985,37.659061],[-105.12964399999974,37.6665],[-105.14695899999987,37.656765],[-105.1634329999996,37.653798],[-105.17120099999977,37.649062],[-105.177991,37.650506],[-105.169639,37.658013],[-105.15362499999962,37.663116],[-105.14771500000042,37.660218],[-105.13260509999985,37.66848249999998],[-105.1286516000003,37.67624],[-105.13575269999966,37.6770661],[-105.11162200000044,37.684722],[-105.07745900000016,37.7022],[-105.05896,37.706276],[-105.04178200000045,37.718706],[-105.02833899999986,37.720892],[-105.01829800000034,37.727473],[-105.03653,37.735555],[-105.0435649999997,37.73519],[-105.04434200000017,37.737846],[-105.05532600000042,37.733681],[-105.06942,37.738122],[-105.13020999999985,37.709257],[-105.14270700000034,37.694451],[-105.16464500000015,37.709624],[-105.15298200000034,37.707584],[-105.13918600000021,37.712214],[-105.13288950000002,37.71065819999998],[-105.12979100000022,37.718311],[-105.12240099999988,37.723013],[-105.09022799999981,37.728334],[-105.07825799999978,37.739828],[-105.10452999999958,37.745417],[-105.1151529999996,37.75429],[-105.133265,37.759282],[-105.15112200000013,37.747112],[-105.16929700000041,37.721494],[-105.168976,37.727919],[-105.16427999999961,37.731711],[-105.164914,37.736981],[-105.16674100000012,37.740307],[-105.17165,37.738431],[-105.16793099999973,37.743393],[-105.17826099999976,37.753355],[-105.17853900000031,37.759269],[-105.18601100000024,37.75286],[-105.2096839999998,37.748874],[-105.22669900000028,37.741868],[-105.23790700000018,37.730235],[-105.23660899999973,37.711828],[-105.22092200000039,37.692799],[-105.21570700000026,37.682806],[-105.21516600000044,37.677466],[-105.22202700000015,37.693015],[-105.24051899999971,37.708453],[-105.23395699999958,37.6985],[-105.23380300000031,37.681623],[-105.21742400000035,37.659876],[-105.21372399999976,37.650847],[-105.199433,37.63653],[-105.1976350000004,37.625526],[-105.193395,37.62171],[-105.190602,37.624544],[-105.190734,37.619353],[-105.184313,37.61583],[-105.19004169999988,37.61407309999996]]],[[[-105.18695999999967,37.626373],[-105.18732500000021,37.623272],[-105.1857859999996,37.623232],[-105.18695999999967,37.626373]]],[[[-105.166641,37.710774],[-105.16690099999988,37.709652],[-105.1653530000003,37.709885],[-105.166641,37.710774]]],[[[-105.05293500000029,37.724202],[-105.05348199999973,37.722623],[-105.051551,37.72347],[-105.05293500000029,37.724202]]],[[[-105.1723609999996,37.738015],[-105.17238900000011,37.738399],[-105.17293699999962,37.737946],[-105.1723609999996,37.738015]]],[[[-105.17293699999962,37.737946],[-105.178905,37.731523],[-105.180979,37.730227],[-105.17664000000046,37.732338],[-105.17293699999962,37.737946]]],[[[-105.18289,37.726296],[-105.185649,37.723018],[-105.1870579999997,37.721883],[-105.18556700000036,37.72267],[-105.18289,37.726296]]],[[[-105.180979,37.730227],[-105.182684,37.728424],[-105.18289,37.726296],[-105.181924,37.727018],[-105.180979,37.730227]]],[[[-105.38112100000046,37.748702],[-105.3658499999996,37.727715],[-105.37611340000042,37.7195412],[-105.36636399999989,37.718168],[-105.349063,37.73409],[-105.33671999999966,37.736962],[-105.34418299999976,37.743975],[-105.35386700000028,37.744341],[-105.355081,37.751436],[-105.3483749999997,37.757907],[-105.35451900000031,37.760513],[-105.35457,37.763227],[-105.36079800000039,37.764094],[-105.36354400000022,37.772358],[-105.38157500000028,37.766686],[-105.3852560000002,37.761292],[-105.37375699999959,37.757507],[-105.37210599999959,37.753616],[-105.367268,37.75399],[-105.3734339999998,37.746227],[-105.38112100000046,37.748702]]],[[[-105.37193900000014,37.737191],[-105.36279999999978,37.736485],[-105.36066999999969,37.743904],[-105.3569229999997,37.745142],[-105.36557400000014,37.744336],[-105.37193900000014,37.737191]]],[[[-105.11594400000035,37.833458],[-105.10709499999972,37.847811],[-105.10653700000027,37.851713],[-105.11112000000023,37.851692],[-105.11192400000026,37.860889],[-105.10728999999968,37.867784],[-105.10417499999987,37.850859],[-105.108457,37.840759],[-105.10839300000018,37.825705],[-105.10108500000032,37.820058],[-105.095465,37.810403],[-105.09452,37.823537],[-105.08737099999979,37.833973],[-105.08607200000014,37.799582],[-105.0811730000001,37.802518],[-105.07762699999968,37.801795],[-105.07723599999969,37.798455],[-105.07122700000038,37.799941],[-105.04937,37.79535],[-105.07571699999981,37.775491],[-105.06761299999972,37.77039],[-105.04872299999957,37.775827],[-105.04659100000022,37.767896],[-105.0498119999998,37.767136],[-105.04049099999968,37.757946],[-105.041212,37.748978],[-105.03476699999969,37.738254],[-105.01390749999969,37.72787190000004],[-104.97842600000044,37.739023],[-104.98555299999968,37.742612],[-104.994191,37.758024],[-104.993583,37.781152],[-104.98326099999967,37.765084],[-104.96901199999978,37.755748],[-104.950953,37.776153],[-104.94375799999973,37.793204],[-104.95183699999957,37.800873],[-104.95827500000021,37.814974],[-104.9500259999998,37.815858],[-104.9506669999998,37.820229],[-104.94655899999962,37.818632],[-104.94436599999972,37.821746],[-104.92212800000024,37.822175],[-104.92254000000018,37.826069],[-104.940503,37.826465],[-104.94023500000031,37.83723],[-104.94607299999984,37.84218],[-104.9437540000003,37.856591],[-104.93729300000042,37.861997],[-104.94178900000038,37.867909],[-104.939807,37.872805],[-104.928543,37.873973],[-104.92121600000029,37.87992],[-104.92124299999982,37.886342],[-104.9466226000004,37.8850157],[-104.9515659999996,37.877105],[-104.95796100000031,37.878103],[-104.94828899999986,37.884959],[-104.9545009999998,37.884615],[-104.95462899999961,37.911648],[-104.973902,37.911792],[-104.973543,37.940356],[-104.99214100000016,37.940522],[-104.99255999999978,37.994284],[-104.973272,37.995628],[-104.97354700000027,38.025144],[-105.01359600000045,38.025669],[-105.01108400000018,38.099111],[-104.98287900000041,38.099961],[-104.98315199999962,38.172919],[-104.99255699999955,38.172964],[-104.99229799999968,38.187489],[-105.02974500000026,38.1874],[-105.02951900000043,38.201843],[-105.04859599999988,38.20202],[-105.04873000000018,38.238539],[-105.05226300000042,38.237859],[-105.054724,38.241531],[-105.06969,38.224102],[-105.08540599999985,38.214338],[-105.09056199999958,38.214294],[-105.09676100000023,38.206015],[-105.09780899999977,38.198023],[-105.103926,38.192319],[-105.10206499999963,38.183247],[-105.08778900000021,38.17402],[-105.08463299999971,38.168181],[-105.07155000000014,38.161308],[-105.06558900000032,38.149737],[-105.0681799999999,38.143759],[-105.07182300000025,38.142056],[-105.097161,38.140655],[-105.1078539999996,38.134882],[-105.09777000000014,38.141089],[-105.06868899999978,38.144255],[-105.07046500000024,38.151267],[-105.086015,38.165316],[-105.10284599999954,38.176488],[-105.10530099999956,38.181325],[-105.11006900000045,38.180434],[-105.10474699999958,38.185127],[-105.104503,38.192535],[-105.09377500000032,38.214268],[-105.09106399999978,38.228776],[-105.10166000000028,38.226814],[-105.105599,38.227638],[-105.10507299999958,38.230084],[-105.09254700000028,38.243403],[-105.10808499999986,38.240803],[-105.11184299999984,38.244995],[-105.11832100000022,38.245633],[-105.10572699999976,38.254395],[-105.1073820000001,38.257485],[-105.13119499999956,38.248515],[-105.14546899999972,38.237028],[-105.14786500000025,38.236461],[-105.13394599999981,38.247353],[-105.13391399999985,38.2565],[-105.15147300000042,38.246438],[-105.150958,38.257432],[-105.15310399999964,38.258027],[-105.1301600000002,38.261805],[-105.12128600000018,38.275997],[-105.1063789999998,38.289043],[-105.10520200000036,38.315004],[-105.1161219999998,38.309347],[-105.13246899999983,38.308316],[-105.140346,38.301073],[-105.164753,38.28928],[-105.16507000000026,38.296285],[-105.169596,38.299181],[-105.158865,38.32874],[-105.1721740000003,38.323461],[-105.17970200000038,38.31197],[-105.18990000000029,38.308079],[-105.18853499999969,38.313664],[-105.199119,38.303725],[-105.19377800000032,38.313876],[-105.194752,38.316513],[-105.19850599999968,38.313981],[-105.1917370000004,38.321971],[-105.19202700000014,38.332273],[-105.17961699999964,38.340925],[-105.1725249999997,38.341566],[-105.167684,38.344636],[-105.17189260000038,38.34620050000004],[-105.17698799999958,38.34124609999998],[-105.18244099999963,38.342207],[-105.18072399999956,38.345871],[-105.18828599999975,38.346214],[-105.19221,38.340831],[-105.18972700000035,38.349962],[-105.20249900000024,38.351248],[-105.20850999999972,38.336804],[-105.22042699999986,38.330268],[-105.22012600000014,38.327958],[-105.24098200000026,38.327238],[-105.23730599999988,38.314876],[-105.24839499999982,38.311712],[-105.24906799999978,38.310294],[-105.2526490000004,38.307125],[-105.25526999999978,38.306337],[-105.25582100000044,38.3006],[-105.25739999999986,38.300539],[-105.255609,38.306582],[-105.24880400000039,38.312074],[-105.23765199999974,38.31544],[-105.24050999999986,38.316759],[-105.24201599999954,38.327639],[-105.2350579999999,38.330478],[-105.23808799999986,38.338813],[-105.2331099999996,38.342253],[-105.23885300000025,38.343629],[-105.23367799999987,38.346312],[-105.229445,38.366733],[-105.22959299999977,38.374573],[-105.23555000000017,38.38041],[-105.23428599999983,38.38669],[-105.241945,38.388807],[-105.26879099999964,38.386811],[-105.2740499999998,38.403039],[-105.2857593000003,38.3988454],[-105.29902950000006,38.40020779999996],[-105.298067,38.40233],[-105.30362200000036,38.40613],[-105.3178439999998,38.404144],[-105.32477099999957,38.407258],[-105.32401199999968,38.404094],[-105.32756399999971,38.401573],[-105.3244479999998,38.404346],[-105.32657300000038,38.407321],[-105.32327869999966,38.409789400000015],[-105.3311689999996,38.414855],[-105.331151,38.420439],[-105.334518,38.422545],[-105.3445600000004,38.420479],[-105.34991500000041,38.422973],[-105.352821,38.416105],[-105.3589009999998,38.414797],[-105.36177699999962,38.420544],[-105.367897,38.421112],[-105.37173400000025,38.4166],[-105.371796,38.421705],[-105.37619099999965,38.421475],[-105.376858,38.424337],[-105.37975200000042,38.422546],[-105.3792219999997,38.415136],[-105.38467000000023,38.410929],[-105.384754,38.431547],[-105.39792599999974,38.431991],[-105.3990940000002,38.428238],[-105.4004190000002,38.432405],[-105.38141499999962,38.434368],[-105.379931,38.437843],[-105.37379299999985,38.444507],[-105.3800479000002,38.479741799999985],[-105.37505809999983,38.48588280000002],[-105.40687069999974,38.484626100000014],[-105.43984979999956,38.47544169999995],[-105.45014810000013,38.47115580000005],[-105.4575883999997,38.459438200000015],[-105.48556500000035,38.457059],[-105.49414500000029,38.453092],[-105.4977209999996,38.446517],[-105.4976569999997,38.454089],[-105.51238200000031,38.456451],[-105.52359499999974,38.445877],[-105.53276199999972,38.441194],[-105.536351,38.442877],[-105.52464500000033,38.44631],[-105.51213000000014,38.456944],[-105.497575,38.454642],[-105.49677,38.502051],[-105.60788900000038,38.502297],[-105.61028099999969,38.515784],[-105.62503199999975,38.521723],[-105.62513400000012,38.499281],[-105.62778999999968,38.499608],[-105.64875299999969,38.513525],[-105.6518389999998,38.518631],[-105.65054499999968,38.523316],[-105.66506699999968,38.522159],[-105.66066999999984,38.514581],[-105.66146199999976,38.503729],[-105.676346,38.511148],[-105.67931599999955,38.518587],[-105.68423300000018,38.520659],[-105.69187199999955,38.518865],[-105.69149299999965,38.51598],[-105.6988650000003,38.510544],[-105.70536100000035,38.52232],[-105.72655200000035,38.531926],[-105.74007899999981,38.533136],[-105.75013599999974,38.539333],[-105.74987699999988,38.54952],[-105.74089900000024,38.549433],[-105.74420000000018,38.558244],[-105.759731,38.573171],[-105.76626200000035,38.572968],[-105.77552999999972,38.579746],[-105.775024,38.59282],[-105.79139400000021,38.584714],[-105.79924330000036,38.587982699999976],[-105.795269,38.594491],[-105.78082099999982,38.59654],[-105.7769480000002,38.602132],[-105.7675550000004,38.604579],[-105.77816799999958,38.611792],[-105.77656099999963,38.616894],[-105.76626200000035,38.619547],[-105.77827899999978,38.624128],[-105.7790670000003,38.636044],[-105.78699999999971,38.640907],[-105.77978500000037,38.647345],[-105.78177699999982,38.649124],[-105.812399,38.659012],[-105.81326499999986,38.641895],[-105.81793399999972,38.644229],[-105.8182560000003,38.650478],[-105.81332300000015,38.659268],[-105.824236,38.667139],[-105.846895,38.666036],[-105.85946300000013,38.658555],[-105.85774800000024,38.655393],[-105.86887699999988,38.652771],[-105.865457,38.655437],[-105.8879780000004,38.661208],[-105.89047500000031,38.664357],[-105.8965550000001,38.660497],[-105.8990870000002,38.66934],[-105.903613,38.670846],[-105.9076169999996,38.662676],[-105.90472899999969,38.658279],[-105.909577,38.653657],[-105.92090299999978,38.659795],[-105.92023600000032,38.664315],[-105.92548499999965,38.666366],[-105.92415999999967,38.671068],[-105.929464,38.670697],[-105.94900900000036,38.656613],[-105.94798900000045,38.644344],[-105.9530380000003,38.643087],[-105.953914,38.639608],[-105.95776100000016,38.640956],[-105.96360400000012,38.656771],[-105.96862500000036,38.657777],[-105.968599,38.66588],[-105.97730499999959,38.678626],[-105.97944499999961,38.692175],[-105.96975,38.693551],[-105.95295399999966,38.713678],[-105.95104000000036,38.698376],[-105.956781,38.693352],[-105.920818,38.693485],[-105.92078199999968,38.701302],[-105.91755599999965,38.70124],[-105.92505199999978,38.704234],[-105.92577799999964,38.707285],[-105.89368199999964,38.716361],[-105.8881889999999,38.724103],[-105.8933630000002,38.731323],[-105.9011579999999,38.732096],[-105.90427499999987,38.736835],[-105.874276,38.729958],[-105.87416599999983,38.726659],[-105.88114899999975,38.724666],[-105.88066899999959,38.721052],[-105.86579800000035,38.716345],[-105.84891900000036,38.717859],[-105.8458880000003,38.714964],[-105.84903999999958,38.735297],[-105.859787,38.745211],[-105.863361,38.742611],[-105.87453000000028,38.745054],[-105.88935999999973,38.73887],[-105.88835600000021,38.745008],[-105.89346000000015,38.743308],[-105.88721800000043,38.749408],[-105.87346700000042,38.747637],[-105.87886899999984,38.756674],[-105.87910400000041,38.764651],[-105.86789599999962,38.764702],[-105.87695399999956,38.780374],[-105.87320300000013,38.782954],[-105.88785899999954,38.785492],[-105.90071199999986,38.783723],[-105.88807999999986,38.785676],[-105.880598,38.790249],[-105.88072299999955,38.802703],[-105.892371,38.811178],[-105.909219,38.811137],[-105.90914099999988,38.828469],[-105.92850000000017,38.828553],[-105.92861399999973,38.854916],[-105.94098200000035,38.854917],[-105.93269799999975,38.862575],[-105.94482700000033,38.870578],[-105.940923,38.874638],[-105.94224300000043,38.879318],[-105.9466610000002,38.88382],[-105.96095500000023,38.883418],[-105.95683800000019,38.884416],[-105.96099199999969,38.889216],[-105.95848900000018,38.891453],[-105.96471999999989,38.898421],[-105.96397500000026,38.892178],[-105.97004700000029,38.896549],[-105.9683237999997,38.9012467],[-105.9752329999998,38.899679],[-105.97459900000035,38.908248],[-105.97769899999984,38.907679],[-105.976994,38.903326],[-105.98099500000025,38.902989],[-105.98521100000039,38.917688],[-105.99819299999967,38.915134],[-106.02821100000028,38.942796],[-106.058207,38.941774],[-106.06603200000036,38.931898],[-106.08483499999959,38.939431],[-106.09065300000017,38.936544],[-106.1109960000001,38.9401],[-106.11375700000028,38.955328],[-106.10437599999966,38.973399],[-106.1097409999996,38.982245],[-106.108953,38.987378],[-106.14541399999989,38.997899],[-106.16940000000018,38.991452],[-106.17591900000036,38.999647],[-106.17884900000013,39.010764],[-106.19295399999979,39.017709],[-106.18947300000025,39.02128],[-106.192077,39.029288],[-106.18250100000034,39.038552],[-106.18481500000037,39.050837],[-106.19100699999956,39.056073],[-106.191578,39.067983],[-106.16928300000038,39.087787],[-106.17855700000024,39.103291],[-106.210173,39.103918],[-106.20341499999988,39.113929],[-106.18873500000029,39.120789],[-106.18602900000016,39.129057],[-106.1727360000003,39.138175],[-106.175034,39.155633],[-106.17937400000042,39.164592],[-106.17838200000013,39.17529],[-106.18529100000022,39.186565],[-106.17898200000036,39.198256],[-106.18477200000041,39.209028],[-106.17923200000037,39.212257],[-106.17793299999983,39.218995],[-106.17063800000015,39.223482],[-106.16839299999954,39.229838],[-106.17184600000036,39.23605],[-106.18511199999978,39.242406],[-106.180878,39.247741],[-106.18038,39.259906],[-106.18680399999958,39.279235],[-106.180911,39.2988],[-106.18397199999983,39.309354],[-106.17645399999968,39.312009],[-106.169474,39.322233],[-106.151247,39.320695],[-106.13992699999974,39.339554],[-106.15294400000013,39.362761],[-106.14919800000024,39.367897],[-106.13876100000031,39.371932],[-106.13552999999989,39.379546],[-106.17750799999972,39.37969],[-106.17395699999977,39.372692],[-106.17596200000031,39.370083],[-106.17313199999981,39.370472],[-106.18076799999986,39.36672],[-106.1870539999996,39.367649],[-106.17509,39.361509],[-106.172134,39.354505],[-106.187525,39.361376],[-106.20591299999987,39.358411],[-106.215874,39.352527],[-106.21985400000032,39.349425],[-106.21779100000039,39.318778],[-106.23223500000023,39.309476],[-106.23647399999956,39.309442],[-106.22654999999986,39.313397],[-106.21900099999984,39.328632],[-106.2232750000003,39.370864],[-106.22764000000018,39.373871],[-106.23392499999986,39.372936],[-106.25150500000035,39.358044],[-106.25907600000039,39.362012],[-106.28381199999983,39.349469],[-106.2856919999999,39.352128],[-106.29530900000027,39.352936],[-106.29618199999972,39.356945],[-106.30644400000043,39.361298],[-106.30382999999982,39.358922],[-106.308285,39.352545],[-106.31401599999965,39.353185],[-106.327707,39.339321],[-106.33452499999984,39.324853],[-106.329465,39.315672],[-106.319798,39.319234],[-106.3099869999997,39.331592],[-106.298978,39.338915],[-106.293133,39.339734],[-106.28097499999964,39.338782],[-106.27923400000029,39.339837],[-106.27920300000042,39.338142],[-106.298759,39.338468],[-106.3106059999997,39.325779],[-106.32650699999967,39.314132],[-106.32436200000011,39.309164],[-106.326641,39.290673],[-106.32096899999978,39.275443],[-106.33228799999988,39.277283],[-106.3391240000002,39.272452],[-106.327217,39.26977],[-106.32015399999975,39.272721],[-106.32064399999985,39.275261],[-106.31189500000029,39.272988],[-106.32863100000014,39.267181],[-106.34012699999961,39.258956],[-106.32255599999986,39.258446],[-106.322383,39.261719],[-106.29929700000042,39.263741],[-106.29529199999978,39.26747],[-106.28490599999957,39.259189],[-106.279425,39.258553],[-106.274169,39.235956],[-106.27511800000035,39.232538],[-106.30987400000024,39.216708],[-106.30933100000023,39.224615],[-106.32022999999973,39.232552],[-106.34905599999968,39.224632],[-106.343259,39.20276],[-106.34637000000032,39.204953],[-106.35581800000018,39.220308],[-106.3520529999996,39.205625],[-106.35387500000029,39.201871],[-106.36285099999975,39.209854],[-106.38451799999959,39.212049],[-106.38363560000026,39.2226123],[-106.390453,39.222053],[-106.39251100000037,39.224845],[-106.38739049999955,39.235597],[-106.390974,39.238119],[-106.36707539999968,39.2372466],[-106.366883,39.240809],[-106.3568500000002,39.244869],[-106.345487,39.25616],[-106.34823099999971,39.257318],[-106.347789,39.261183],[-106.356468,39.260367],[-106.35290099999968,39.267121],[-106.34122200000034,39.266071],[-106.34482800000033,39.279814],[-106.35492299999981,39.284899],[-106.36519599999964,39.285739800000016],[-106.36664800000025,39.290821],[-106.3620010000004,39.298581],[-106.36400800000021,39.303861],[-106.3577889999997,39.300208],[-106.358933,39.292267],[-106.34912299999984,39.287075],[-106.35098799999956,39.304741],[-106.33956499999985,39.317056],[-106.34869799999971,39.319044],[-106.3601689999998,39.333159],[-106.36695799999985,39.333843],[-106.35966899999977,39.333686],[-106.35238800000037,39.329661],[-106.3480210000003,39.320234],[-106.33759200000016,39.317948],[-106.329716,39.337597],[-106.33105600000039,39.342377],[-106.3347600000004,39.342619],[-106.33525199999977,39.338759],[-106.33874300000014,39.341382],[-106.33421999999976,39.344294],[-106.343054,39.342479],[-106.35803799999962,39.343982],[-106.361508,39.35023],[-106.34697700000021,39.344135],[-106.34476000000011,39.346819],[-106.35285380000028,39.35413490000004],[-106.37082000000035,39.360638],[-106.380634,39.376151],[-106.40063400000027,39.380962],[-106.41478500000011,39.36749],[-106.42897200000026,39.359976],[-106.435182,39.346638],[-106.43354899999972,39.337493],[-106.42845200000038,39.335132],[-106.42694699999987,39.323356],[-106.43246099999955,39.316353],[-106.45065300000036,39.316699],[-106.45421899999972,39.31226],[-106.466127,39.311304],[-106.46827199999959,39.307316],[-106.47876400000045,39.314222],[-106.49989800000023,39.301484],[-106.50356099999954,39.295052],[-106.50403099999978,39.284762],[-106.48983000000028,39.27314],[-106.48295400000023,39.272441],[-106.48407,39.265396],[-106.48105899999982,39.259889],[-106.49765000000023,39.242023],[-106.49874099999975,39.234932],[-106.48971100000031,39.227978],[-106.49387000000024,39.218729],[-106.493649,39.198326],[-106.4981720000003,39.192701],[-106.49960799999958,39.183849],[-106.51000100000036,39.174654],[-106.50843700000036,39.167771],[-106.51107799999961,39.163533],[-106.52094299999983,39.157354],[-106.53513799999973,39.163147],[-106.53810000000037,39.158013],[-106.55167799999955,39.161466],[-106.56126500000013,39.155678],[-106.562631,39.151948],[-106.558679,39.143848],[-106.56457499999989,39.132424],[-106.55817300000041,39.120226],[-106.564988,39.11401],[-106.563989,39.106041],[-106.58031199999976,39.102164],[-106.586158,39.09405],[-106.58491699999976,39.084831],[-106.577077,39.079438],[-106.57952500000027,39.075575],[-106.57755099999959,39.05321],[-106.58424499999987,39.047187],[-106.59723399999974,39.044821],[-106.59951599999982,39.033789],[-106.59169299999961,39.024924],[-106.59492199999987,39.02081],[-106.594456,39.004185],[-106.599215,38.997994],[-106.595022,38.991072],[-106.58616399999957,38.992813],[-106.57716099999968,38.990444],[-106.55421099999973,38.998711],[-106.55072299999962,38.991701],[-106.52839000000039,38.980728],[-106.52186100000029,38.968667],[-106.52851099999963,38.959884],[-106.52668400000034,38.955412],[-106.5071630000001,38.946092],[-106.50437200000015,38.936849],[-106.46503300000029,38.910355],[-106.43717599999964,38.914907],[-106.43026300000012,38.92491],[-106.42116200000021,38.928094],[-106.413166,38.916269],[-106.40212499999961,38.910617],[-106.39395999999984,38.912249],[-106.39234500000013,38.918775],[-106.38083699999967,38.925685],[-106.37698299999983,38.922674],[-106.37622199999977,38.909539],[-106.37343999999965,38.906608],[-106.35707399999986,38.912945],[-106.34524199999954,38.907067],[-106.334984,38.911667],[-106.32610000000012,38.911005],[-106.32131399999956,38.8926],[-106.32603999999965,38.888928],[-106.32750599999962,38.882298],[-106.33406500000041,38.88131],[-106.336188,38.871881],[-106.34893799999979,38.865113],[-106.34955100000019,38.854904],[-106.36504499999974,38.852986],[-106.36445899999977,38.846186],[-106.37040099999983,38.83847],[-106.38174700000037,38.832858],[-106.383632,38.824706],[-106.39668399999965,38.822713],[-106.40687399999982,38.829327],[-106.41609299999959,38.824172],[-106.415045,38.815283],[-106.4227260000002,38.808376],[-106.41459000000017,38.799139],[-106.41288099999984,38.791161],[-106.41681900000034,38.786848],[-106.413816,38.779093],[-106.419259,38.766],[-106.415099,38.757095],[-106.419953,38.751529],[-106.4166650000002,38.727814],[-106.42346799999959,38.720847],[-106.425276,38.710307],[-106.44348899999984,38.709231],[-106.452126,38.698777],[-106.4378609999997,38.6825],[-106.438072,38.676635],[-106.429088,38.65762],[-106.429545,38.651235],[-106.41771800000015,38.644462],[-106.408038,38.647734],[-106.401739,38.645769],[-106.40126300000018,38.639582],[-106.37996899999975,38.638273],[-106.385175,38.632279],[-106.38531299999975,38.624959],[-106.36417399999955,38.614523],[-106.36468499999961,38.605907],[-106.35930899999964,38.599399],[-106.36102399999956,38.594492],[-106.35130000000021,38.58349],[-106.35342000000038,38.581467],[-106.35167299999962,38.576905],[-106.34461900000012,38.568564],[-106.35538699999955,38.542371],[-106.354186,38.533384],[-106.342597,38.521538],[-106.34810800000032,38.5125],[-106.344237,38.504573],[-106.33046299999987,38.493775],[-106.32717900000044,38.497576],[-106.31178999999969,38.495121],[-106.30399099999968,38.477761],[-106.290332,38.473254],[-106.28853200000032,38.461374],[-106.280609,38.454338],[-106.27265499999965,38.455197],[-106.27411900000035,38.446887],[-106.26607100000038,38.441735],[-106.24553000000026,38.438905],[-106.24945000000017,38.432624],[-106.243909,38.418632],[-106.25320299999973,38.400748],[-106.237119,38.379639],[-106.240238,38.374559],[-106.23745299999969,38.368001],[-106.24365399999961,38.354992],[-106.22698199999965,38.344916],[-106.22266099999982,38.337447],[-106.212291,38.334975],[-106.201777,38.344351],[-106.139735,38.368963],[-106.11096999999975,38.386202],[-106.1139249999998,38.400213],[-106.09623099999978,38.414758],[-106.1070279999998,38.42217],[-106.08858399999974,38.422244],[-106.090835,38.428519],[-106.09702800000011,38.428125],[-106.10215199999988,38.432655],[-106.10673299999965,38.448162],[-106.10016299999975,38.455045],[-106.090314,38.475781],[-106.083014,38.5027125],[-106.10193099999957,38.508039],[-106.097243,38.510117],[-106.09937800000041,38.515006],[-106.10470099999958,38.517323],[-106.111636,38.518586],[-106.117284,38.513862],[-106.1328630000003,38.52398],[-106.145827,38.525153],[-106.16802599999974,38.533537],[-106.185452,38.534706],[-106.21211499999987,38.542012],[-106.221404,38.539203],[-106.234045,38.538547],[-106.2151180000003,38.542234],[-106.19030800000013,38.540461],[-106.19598399999974,38.554835],[-106.18427599999983,38.537542],[-106.1631269999997,38.541371],[-106.16007599999979,38.536076],[-106.140017,38.531826],[-106.1429330000004,38.536161],[-106.13522199999959,38.542614],[-106.10823900000025,38.543806],[-106.09230700000042,38.55016],[-106.07957500000023,38.547479],[-106.08322500000027,38.554102],[-106.07991,38.567912],[-106.081908,38.578937],[-106.09082099999969,38.580231],[-106.08270200000013,38.582781],[-106.08336500000017,38.600273],[-106.09891000000033,38.607922],[-106.0813330000001,38.608698],[-106.077411,38.625534],[-106.09004899999961,38.643729],[-106.0963580000004,38.646079],[-106.09183800000027,38.646372],[-106.10036699999957,38.658885],[-106.09389000000019,38.657779],[-106.08898399999957,38.66513],[-106.08134500000021,38.637946],[-106.07357800000013,38.63173],[-106.06593500000042,38.629069],[-106.06175599999973,38.633166],[-106.055829,38.635951],[-106.04891799999979,38.645579],[-106.05122899999958,38.651752],[-106.049713,38.658097],[-106.047129,38.662213],[-106.05124199999975,38.668849],[-106.04947800000028,38.673083],[-106.042935,38.680268],[-106.05255300000039,38.700765],[-106.050495,38.704123],[-106.04937199999961,38.695061],[-106.04190800000032,38.680194],[-106.05019899999972,38.668386],[-106.04601599999963,38.662531],[-106.0504110000002,38.652551],[-106.04843400000017,38.644505],[-106.0512739999997,38.639331],[-106.06335399999986,38.628822],[-106.05370400000035,38.619001],[-106.06038,38.61075],[-106.06150000000014,38.596242],[-106.0605,38.606299],[-106.05554000000038,38.608061],[-106.05157400000024,38.603369],[-106.04699599999984,38.604284],[-106.03769950000036,38.59310849999998],[-106.042306,38.593305],[-106.03345800000037,38.586407],[-106.032813,38.589607],[-106.0276040000004,38.59089],[-106.01538200000017,38.584425],[-106.01475,38.58061],[-106.00877199999967,38.582301],[-106.01256499999985,38.578342],[-106.010341,38.566097],[-106.00429699999965,38.562879],[-105.99936400000043,38.562532],[-106.00014389999978,38.56849610000003],[-105.99643439999976,38.57003120000004],[-105.99059899999955,38.568888],[-105.99226619999999,38.56407730000003],[-105.98803,38.56328],[-105.97396900000037,38.581389],[-105.98665300000017,38.562054],[-105.99982000000038,38.555018],[-105.99267599999973,38.555524],[-105.99928099999984,38.550556],[-105.98801699999979,38.545612],[-105.987813,38.538302],[-105.98172799999978,38.533932],[-105.973714,38.518286],[-105.95594099999967,38.5062],[-105.9485239999998,38.506724],[-105.94233099999963,38.503322],[-105.91178700000043,38.505402],[-105.91395099999974,38.499429],[-105.90496,38.50202],[-105.9038140000004,38.499083],[-105.8944659999998,38.505133],[-105.8968529999996,38.496285],[-105.90427000000037,38.486933],[-105.87893199999965,38.478043],[-105.86140099999962,38.477515],[-105.86016299999963,38.46923],[-105.84282699999957,38.461075],[-105.82699900000026,38.438866],[-105.81492000000019,38.43786],[-105.80691899999962,38.433603],[-105.798279,38.435773],[-105.80514400000014,38.430444],[-105.78861400000024,38.414783],[-105.78644599999971,38.417746],[-105.78504200000037,38.409908],[-105.76672800000027,38.391337],[-105.7627760000004,38.378322],[-105.74095899999983,38.360856],[-105.75373990000001,38.3673644],[-105.75942000000042,38.364719],[-105.77803699999953,38.342865],[-105.823369,38.329646],[-105.82122299999955,38.327429],[-105.83113600000013,38.322127],[-105.836479,38.309491],[-105.84941900000038,38.292388],[-105.84616900000019,38.290205],[-105.84083099999978,38.29246],[-105.819383,38.273648],[-105.80001399999985,38.269922],[-105.789144,38.251825],[-105.7878880000004,38.242057],[-105.75949,38.228414],[-105.756026,38.218128],[-105.73631799999956,38.209232],[-105.7329800000002,38.200987],[-105.72701900000037,38.199706],[-105.716001,38.185212],[-105.70831,38.181861],[-105.69919299999958,38.167974],[-105.68683299999962,38.166847],[-105.680778,38.160504],[-105.67303899999965,38.159127],[-105.670166,38.153098],[-105.67612299999958,38.145286],[-105.6702000000002,38.128548],[-105.66262900000017,38.119148],[-105.65763500000035,38.117446],[-105.6622129999999,38.106828],[-105.65877799999967,38.097257],[-105.6554969999996,38.095184],[-105.65052199999957,38.09909],[-105.64537599999977,38.097302],[-105.64873299999984,38.097049],[-105.64420900000027,38.093618],[-105.6424050000002,38.096588],[-105.63133700000019,38.093341],[-105.61484199999961,38.099514],[-105.60936899999972,38.097927],[-105.60176100000021,38.107175],[-105.59900100000011,38.118845],[-105.57703299999963,38.130887],[-105.585781,38.131291],[-105.58425799999979,38.133067],[-105.59125199999971,38.135773],[-105.598402,38.132493],[-105.59979480000018,38.134985],[-105.59503299999983,38.136375],[-105.60720300000024,38.13883],[-105.59084999999972,38.137852],[-105.56491900000026,38.154404],[-105.54581300000022,38.154676],[-105.576213,38.168712],[-105.585476,38.168648],[-105.60376599999984,38.160474],[-105.59333200000019,38.166031],[-105.60065699999964,38.170819],[-105.588843,38.176419],[-105.60220999999963,38.180756],[-105.59797300000042,38.191588],[-105.61411699999984,38.186187],[-105.60710799999957,38.19018],[-105.61840000000014,38.188616],[-105.611077,38.19137],[-105.61999920000034,38.196455899999954],[-105.59925100000012,38.197716],[-105.5932489999996,38.21086],[-105.6030679999996,38.210652],[-105.61420399999984,38.204421],[-105.618062,38.204648],[-105.61827000000017,38.210554],[-105.627109,38.208195],[-105.63074100000031,38.203757],[-105.64199300000026,38.20653],[-105.61710399999984,38.223318],[-105.61528600000038,38.224936],[-105.6200530000003,38.227334],[-105.60273800000017,38.240025],[-105.61004000000041,38.250551],[-105.616399,38.240439],[-105.63104400000022,38.237348],[-105.63422700000025,38.244073],[-105.64013899999962,38.246338],[-105.62600799999963,38.248034],[-105.625905,38.256737],[-105.64013899999962,38.24778],[-105.647301,38.25203],[-105.63191799999973,38.258476],[-105.6447630000003,38.25939],[-105.64884500000012,38.256185],[-105.64871999999966,38.260963],[-105.66578599999985,38.264117],[-105.6417750000002,38.273316],[-105.62073999999961,38.288181],[-105.62085500000016,38.292619],[-105.62985100000036,38.291784],[-105.62963100000013,38.298278],[-105.63860799999966,38.309078],[-105.62504299999976,38.310951],[-105.6150230000002,38.302776],[-105.60378499999962,38.304885],[-105.59988100000014,38.287331],[-105.60656100000014,38.267872],[-105.58053900000033,38.250872],[-105.56281799999987,38.24499189999998],[-105.56736300000027,38.243909],[-105.564144,38.2384],[-105.55589400000034,38.233902],[-105.55070499999968,38.217126],[-105.52317600000012,38.192584],[-105.52438799999975,38.201096],[-105.51775700000019,38.211378],[-105.49940000000012,38.219241],[-105.50171400000016,38.227003],[-105.519209,38.233274],[-105.50291199999953,38.235738],[-105.50149099999969,38.247222],[-105.51158339999985,38.25409610000003],[-105.54171800000023,38.25461],[-105.519133,38.255485],[-105.511758,38.25871],[-105.502505,38.265852],[-105.50096400000012,38.279813],[-105.52677040000005,38.280955100000014],[-105.5255774000002,38.285191699999984],[-105.538576,38.286478],[-105.53810200000028,38.290084],[-105.53644499999979,38.2937],[-105.536436,38.288999],[-105.530746,38.288866],[-105.528422,38.291841],[-105.521664,38.288603],[-105.52132060000028,38.295958799999966],[-105.51928800000015,38.292189],[-105.50451460000002,38.291935899999984],[-105.50370779999977,38.295621600000025],[-105.50929500000014,38.297105],[-105.50935699999987,38.299451],[-105.49886530000038,38.29558969999997],[-105.49124540000034,38.2979203],[-105.49114130000027,38.29160389999997],[-105.47760400000038,38.293569],[-105.484714,38.274253],[-105.48212200000036,38.263545],[-105.4766409999998,38.265056],[-105.47657599999982,38.269354],[-105.467292,38.277283],[-105.46865,38.267716],[-105.46392600000013,38.265367],[-105.477208,38.262347],[-105.4699430000001,38.261993],[-105.47555399999973,38.255121],[-105.46240099999976,38.254328],[-105.45399399999975,38.262496],[-105.46087600000031,38.253045],[-105.44639600000018,38.248328],[-105.441626,38.249808],[-105.43676899999988,38.244331],[-105.42883799999971,38.248722],[-105.42066600000028,38.246309],[-105.42440300000032,38.242416],[-105.4244509999998,38.236783],[-105.43995500000017,38.232799],[-105.43806999999968,38.238348],[-105.44302499999985,38.240619],[-105.463076,38.243606],[-105.474112,38.23904],[-105.47090499999972,38.233688],[-105.45809999999979,38.233286],[-105.45707899999978,38.221086],[-105.44874500000041,38.216245],[-105.442234,38.217551],[-105.43913299999959,38.213457],[-105.4433259999996,38.21141],[-105.440334,38.20584],[-105.44340499999984,38.199823],[-105.44030300000021,38.197373],[-105.444787,38.19885],[-105.45203799999967,38.192457],[-105.45888199999978,38.192584],[-105.461654,38.181796],[-105.45243600000025,38.181837],[-105.44197099999982,38.174377],[-105.43963399999969,38.166729],[-105.426267,38.167953],[-105.42441899999984,38.172683],[-105.42437199999956,38.170001],[-105.41738799999956,38.168135],[-105.40789,38.178891],[-105.416797,38.183578],[-105.41386600000021,38.1893],[-105.4172000000002,38.191553],[-105.4149000000004,38.201957],[-105.4042579999997,38.203159],[-105.39808899999974,38.191843],[-105.37975299999962,38.185754],[-105.3736629999999,38.187224],[-105.37009799999969,38.194635],[-105.37106299999954,38.200337],[-105.36652000000021,38.205317],[-105.36234800000013,38.203617],[-105.362444,38.199971],[-105.35948799999984,38.201593],[-105.36253500000032,38.196447],[-105.35531200000031,38.189208],[-105.360066,38.19362],[-105.3683470000004,38.194425],[-105.36593300000017,38.192637],[-105.36636900000029,38.184329],[-105.34788699999977,38.182845],[-105.356524,38.182401],[-105.35416599999985,38.179126],[-105.365398,38.179549],[-105.36645600000031,38.182234],[-105.37407299999967,38.17915],[-105.366778,38.172704],[-105.36408700000021,38.174202],[-105.361902,38.157261],[-105.352668,38.158501],[-105.34796299999977,38.152176],[-105.35048399999987,38.143963],[-105.35117500000042,38.150619],[-105.35695200000032,38.152051],[-105.3573550000004,38.142533],[-105.35272600000023,38.142215],[-105.352288,38.138374],[-105.35655200000046,38.1318],[-105.34853999999987,38.134298],[-105.34878599999958,38.1279],[-105.35646499999955,38.127871],[-105.356287,38.124134],[-105.36106199999978,38.124164],[-105.36100300000028,38.121092],[-105.37662399999954,38.121164],[-105.37734900000021,38.112255],[-105.3639069999997,38.112623],[-105.36226,38.103264],[-105.3771110000003,38.094506],[-105.39278400000026,38.09124],[-105.39595400000013,38.085465],[-105.37647599999988,38.083931],[-105.3639599999996,38.088401],[-105.37470199999957,38.079241],[-105.37391800000033,38.074823],[-105.35920499999978,38.069822],[-105.35363700000012,38.072772],[-105.35180300000026,38.078779],[-105.35253699999988,38.073017],[-105.35814500000016,38.069307],[-105.358611,38.065245],[-105.339537,38.065247],[-105.33375200000035,38.061431],[-105.35477399999985,38.063999],[-105.35767800000015,38.053982],[-105.40205099999953,38.043862],[-105.39208399999987,38.040885],[-105.362129,38.048201],[-105.373849,38.043427],[-105.37450500000035,38.037765],[-105.3703650000002,38.02698],[-105.361118,38.023119],[-105.31737399999956,38.041692],[-105.30102799999962,38.036246],[-105.30476699999981,38.03183],[-105.293375,38.025861],[-105.27563000000023,38.027134],[-105.27992100000027,38.037528],[-105.29968900000026,38.046923],[-105.27060699999981,38.037521],[-105.274477,38.027075],[-105.30220399999986,38.016298],[-105.27871699999952,38.016118],[-105.27639499999972,38.011165],[-105.281775,38.014166],[-105.30529999999989,38.015818],[-105.341752,38.002623],[-105.35306799999978,38.001661],[-105.35631100000029,37.999704],[-105.3285329999999,38.000376],[-105.31443399999984,37.995614],[-105.29313800000014,38.001166],[-105.2953230000003,37.994706],[-105.313403,37.993562],[-105.33181299999987,37.998871],[-105.34220200000031,37.994559],[-105.30807899999976,37.984231],[-105.30681500000033,37.990744],[-105.29698300000014,37.991064],[-105.296253,37.985443],[-105.26958699999989,37.979688],[-105.27395299999988,37.989103],[-105.258563,37.988447],[-105.252666,37.98593],[-105.24042299999985,37.968595],[-105.23254499999958,37.978719],[-105.21384499999988,37.982013],[-105.21486199999956,37.985096],[-105.2032720000004,37.997805],[-105.199096,37.998366],[-105.1990120000002,37.989811],[-105.206601,37.989461],[-105.20658899999984,37.982772],[-105.21385900000014,37.980337],[-105.216094,37.970312],[-105.23425199999971,37.958183],[-105.23073900000021,37.942622],[-105.25190450000038,37.947749900000034],[-105.26394200000014,37.93206],[-105.26184199999985,37.925638],[-105.28058300000022,37.901025],[-105.28576799999965,37.899458],[-105.2921080000003,37.907895],[-105.30025500000036,37.912488],[-105.300469,37.922389],[-105.31116499999986,37.935936],[-105.315826,37.938784],[-105.32708499999961,37.937371],[-105.33447399999987,37.884222],[-105.33320299999984,37.882118],[-105.32734699999973,37.887226],[-105.32168699999963,37.889634],[-105.315793,37.899619],[-105.32204,37.888374],[-105.33330799999956,37.881071],[-105.325189,37.874432],[-105.3195880000003,37.859876],[-105.309558,37.849568],[-105.30458099999971,37.8303],[-105.2669669999997,37.81206],[-105.2156750000003,37.80237],[-105.1975140000003,37.794584],[-105.20075499999973,37.813988],[-105.2051270000002,37.817468],[-105.19971199999972,37.823926],[-105.19902200000016,37.832336],[-105.1973200000004,37.82664],[-105.18338100000011,37.826676],[-105.180176,37.814079],[-105.18162,37.804212],[-105.16941799999964,37.79242],[-105.16915899999978,37.78846],[-105.15978399999965,37.787588],[-105.15971700000041,37.783395],[-105.14988899999966,37.780666],[-105.1507210000002,37.813051],[-105.14653399999976,37.818408],[-105.14913999999969,37.819689],[-105.14601700000011,37.820843],[-105.14777099999966,37.823058],[-105.14204899999983,37.822649],[-105.141259,37.807999],[-105.14738800000032,37.779412],[-105.14498099999977,37.777512],[-105.139923,37.782483],[-105.1349209999996,37.7827],[-105.135839,37.775702],[-105.12679999999989,37.766376],[-105.09962099999962,37.761191],[-105.06876900000012,37.744129],[-105.06714499999964,37.748813],[-105.08062599999978,37.780032],[-105.08965199999977,37.791121],[-105.1005210000004,37.816468],[-105.11378699999982,37.826286],[-105.11594400000035,37.833458]]],[[[-105.18367999999968,37.837159],[-105.17525299999984,37.830748],[-105.1544719999996,37.828364],[-105.14953900000035,37.823005],[-105.15057299999962,37.831156],[-105.15764499999972,37.836492],[-105.18367999999968,37.837159]]],[[[-104.934073,37.823998],[-104.93139599999962,37.82365],[-104.92523799999965,37.825166],[-104.92818099999961,37.825595],[-104.934073,37.823998]]],[[[-105.13711229999981,37.828793099999984],[-105.13164299999978,37.829076],[-105.11923500000033,37.832529],[-105.13034899999967,37.842208],[-105.13538500000024,37.837889],[-105.13711229999981,37.828793099999984]]],[[[-105.22671399999972,37.8423],[-105.22247599999956,37.838023],[-105.216193,37.842337],[-105.22262500000019,37.843175],[-105.22671399999972,37.8423]]],[[[-105.20758,37.868028],[-105.20667200000042,37.865824],[-105.20338099999952,37.864321],[-105.2072279999997,37.888885],[-105.22911399999967,37.913499],[-105.22097999999978,37.940615],[-105.23232700000041,37.940912],[-105.2370950000004,37.930772],[-105.24276899999984,37.930488],[-105.24234100000038,37.920525],[-105.226945,37.896346],[-105.21167600000015,37.890849],[-105.20701700000022,37.886082],[-105.218811,37.89065],[-105.20846699999976,37.883885],[-105.20517200000033,37.865623],[-105.20758,37.868028]]],[[[-105.190994,37.921719],[-105.18739499999971,37.91634],[-105.18730599999954,37.912913],[-105.184216,37.916751],[-105.190994,37.921719]]],[[[-105.065021,37.927436],[-105.06565300000021,37.92091],[-105.06004299999977,37.916135],[-105.064922,37.925174],[-105.065021,37.927436]]],[[[-105.17272600000014,38.017351],[-105.1661189999999,38.017194],[-105.17224499999988,38.02223],[-105.17240499999964,38.026979],[-105.182261,38.031845],[-105.176364,38.026672],[-105.17272600000014,38.017351]]],[[[-105.31101600000012,38.30249],[-105.30994200000023,38.301666],[-105.30744899999975,38.300726],[-105.31101600000012,38.30249]]],[[[-105.2741899999997,38.345302],[-105.24676599999984,38.351989],[-105.23935699999973,38.350432],[-105.23350800000017,38.35761],[-105.24390400000027,38.359258],[-105.252612,38.354599],[-105.266798,38.354811],[-105.272498,38.350555],[-105.28476500000025,38.350513],[-105.287238,38.345866],[-105.298926,38.345305],[-105.2741899999997,38.345302]]],[[[-106.11344200000028,38.790378],[-106.10980300000024,38.794375],[-106.10842899999979,38.796551],[-106.10863599999983,38.799321],[-106.10588699999977,38.797721],[-106.104032,38.808386],[-106.1045489999996,38.811622],[-106.10052600000014,38.804072],[-106.09677299999967,38.802801],[-106.09496099999984,38.79339],[-106.094909,38.799517],[-106.09689199999964,38.803232],[-106.09960899999977,38.804595],[-106.10043599999989,38.814266],[-106.1034400000004,38.813387],[-106.10921700000029,38.826716],[-106.11825500000037,38.826797],[-106.1231549999996,38.832208],[-106.12599999999954,38.832219],[-106.12964700000022,38.835019],[-106.1313750000003,38.835034],[-106.12954199999963,38.835682],[-106.128135,38.834733],[-106.12902199999974,38.835969],[-106.13206100000045,38.836136],[-106.13286499999957,38.837804],[-106.13033200000028,38.838554],[-106.13198499999955,38.844709],[-106.13703799999975,38.845139],[-106.140256,38.850437],[-106.1441470000002,38.846912],[-106.141984,38.843256],[-106.14657399999972,38.843264],[-106.146979,38.837539],[-106.151149,38.8363],[-106.1508979999998,38.846847],[-106.17442800000012,38.84705],[-106.17470399999956,38.83646],[-106.17894800000023,38.836059],[-106.17792099999973,38.830714],[-106.183127,38.826484],[-106.164728,38.832048],[-106.16073599999957,38.826885],[-106.14738710000002,38.829176900000014],[-106.145871,38.837888],[-106.13351300000018,38.836536],[-106.13352050000033,38.834182699999985],[-106.12762900000041,38.832492],[-106.1298010000004,38.825129],[-106.12763900000033,38.817878],[-106.1252490000003,38.818321],[-106.12316300000028,38.797429],[-106.1140940000003,38.794818],[-106.11344200000028,38.790378]]],[[[-106.31127899999966,39.272839],[-106.29584499999969,39.273473],[-106.287323,39.277947],[-106.279047,39.286348],[-106.27775899999958,39.290211],[-106.263894,39.297987],[-106.26321400000036,39.301008],[-106.25057900000012,39.304365],[-106.25210599999974,39.305671],[-106.2458943000003,39.31035240000003],[-106.27361900000032,39.295905],[-106.28965200000042,39.278833],[-106.31127899999966,39.272839]]],[[[-105.124292,37.848089],[-105.124705,37.856245],[-105.1299440000003,37.864154],[-105.12986099999972,37.84838],[-105.124292,37.848089]]],[[[-105.258412,38.298582],[-105.25800100000016,38.300634],[-105.258423,38.300267],[-105.25889400000037,38.298776],[-105.26237099999959,38.298036],[-105.258412,38.298582]]],[[[-105.11733500000042,37.839623],[-105.121012,37.846049],[-105.12311699999981,37.848201],[-105.124292,37.848089],[-105.11733500000042,37.839623]]],[[[-105.31113700000024,37.902849],[-105.30988800000026,37.902838],[-105.30906,37.903719],[-105.31113700000024,37.902849]]],[[[-105.31499,37.901355],[-105.31427800000041,37.901685],[-105.31113700000024,37.902849],[-105.31209200000018,37.902877],[-105.31499,37.901355]]],[[[-105.95266900000033,38.715367],[-105.94618400000029,38.716744],[-105.946963,38.718674],[-105.95266900000033,38.715367]]],[[[-105.11757699999976,37.833287],[-105.11600299999985,37.838226],[-105.11733500000042,37.839623],[-105.11757699999976,37.833287]]],[[[-105.89346000000015,38.743308],[-105.906883,38.740094],[-105.90677099999971,38.738813],[-105.8993729999996,38.739942],[-105.89346000000015,38.743308]]],[[[-105.2180569999997,37.872063],[-105.22001099999959,37.872337],[-105.21891100000026,37.871622],[-105.2180569999997,37.872063]]],[[[-105.21167700000024,37.870997],[-105.214575,37.872091],[-105.216811,37.872121],[-105.213672,37.87115],[-105.21167700000024,37.870997]]],[[[-105.20835500000038,37.868777],[-105.2078689999997,37.868997],[-105.21167700000024,37.870997],[-105.20835500000038,37.868777]]],[[[-105.190994,37.921719],[-105.19574899999984,37.929477],[-105.20476900000024,37.938455],[-105.19988499999964,37.950856],[-105.19944600000017,37.957839],[-105.20693200000036,37.942134],[-105.214705,37.940808],[-105.20485099999982,37.929846],[-105.2001159999999,37.928337],[-105.20106999999973,37.932225],[-105.190994,37.921719]]],[[[-105.12702400000045,37.956032],[-105.12627,37.958027],[-105.126443,37.960752],[-105.12718400000021,37.961031],[-105.12702400000045,37.956032]]],[[[-105.10194400000042,37.944957],[-105.12278800000045,37.951678],[-105.12374300000039,37.954271],[-105.12702400000045,37.956032],[-105.12390300000014,37.949911],[-105.117178,37.949348],[-105.10849100000019,37.943452],[-105.10194400000042,37.944957]]],[[[-105.065021,37.927436],[-105.06605600000032,37.94421],[-105.07779999999963,37.952965],[-105.08405699999969,37.955595],[-105.08801099999971,37.948588],[-105.099028,37.944953],[-105.10194400000042,37.944957],[-105.09038400000013,37.94226],[-105.07963300000031,37.933974],[-105.06930500000043,37.936934],[-105.065021,37.927436]]],[[[-105.31209200000018,38.302679],[-105.3190340000003,38.304596],[-105.3211520000003,38.306062],[-105.31929600000039,38.304573],[-105.31209200000018,38.302679]]],[[[-105.15012799999965,37.892451],[-105.141867,37.89661],[-105.1377210000003,37.906856],[-105.13994199999983,37.90376],[-105.149774,37.905133],[-105.15597299999978,37.902706],[-105.15012799999965,37.892451]]],[[[-105.1299440000003,37.864154],[-105.12945300000011,37.868429],[-105.14856100000033,37.885517],[-105.15012799999965,37.892451],[-105.150372,37.880898],[-105.14217699999963,37.87745],[-105.1299440000003,37.864154]]],[[[-105.26237099999959,38.298036],[-105.2858530000004,38.294278],[-105.29222600000017,38.290081],[-105.288041,38.290787],[-105.28659000000027,38.287997],[-105.28537200000014,38.293975],[-105.280743,38.292259],[-105.26237099999959,38.298036]]],[[[-105.22389600000021,37.873815],[-105.224284,37.874213],[-105.22471100000026,37.873687],[-105.22389600000021,37.873815]]],[[[-105.22064800000018,37.872455],[-105.22001800000018,37.873031],[-105.22101199999975,37.873358],[-105.22064800000018,37.872455]]],[[[-105.21720800000044,37.871965],[-105.2173099999999,37.872286],[-105.2180569999997,37.872063],[-105.21720800000044,37.871965]]],[[[-105.127876,37.962599],[-105.12741699999971,37.963471],[-105.13567099999963,37.965349],[-105.127876,37.962599]]],[[[-105.335073,38.314209],[-105.321649,38.307847],[-105.3248159999997,38.309815],[-105.32978500000013,38.312607],[-105.335073,38.314209]]],[[[-105.22798299999957,37.873049],[-105.22784499999983,37.873494],[-105.2284240000001,37.873418],[-105.22798299999957,37.873049]]],[[[-105.2253970000004,37.872817],[-105.22572499999966,37.873581],[-105.22667800000033,37.873184],[-105.2253970000004,37.872817]]],[[[-105.222035,37.87315],[-105.22266299999974,37.874004],[-105.22317499999988,37.874076],[-105.222035,37.87315]]],[[[-105.2284240000001,37.873418],[-105.24065099999984,37.875106],[-105.26042300000016,37.890889],[-105.25503900000044,37.884139],[-105.26925899999972,37.875231],[-105.27794300000018,37.874283],[-105.28498810000029,37.87913810000001],[-105.28491700000025,37.87464],[-105.289171,37.876066],[-105.27832899999977,37.865997],[-105.26910200000022,37.874382],[-105.2284240000001,37.873418]]],[[[-105.322224,37.766188],[-105.2550796000002,37.7931209],[-105.26974899999982,37.8015],[-105.3030599999997,37.798796],[-105.30617400000031,37.801655],[-105.304107,37.80754],[-105.2881699999998,37.816099],[-105.28675899999989,37.820208],[-105.30032900000019,37.823386],[-105.30679499999957,37.83111],[-105.31377500000013,37.830493],[-105.33482999999967,37.83874],[-105.36485900000028,37.819698],[-105.34592199999985,37.821422],[-105.33530999999984,37.818012],[-105.34272499999955,37.815744],[-105.35059800000032,37.806401],[-105.36816000000022,37.799098],[-105.37142499999985,37.794758],[-105.3659780000003,37.790995],[-105.37035700000045,37.783295],[-105.3835100000004,37.776166],[-105.35783399999958,37.774761],[-105.34271799999986,37.767811],[-105.322224,37.766188]]],[[[-105.3140390000004,37.814514],[-105.311752,37.820708],[-105.30765300000047,37.821148],[-105.321985,37.822868],[-105.3140390000004,37.814514]]],[[[-105.35276000000036,37.827069],[-105.34958800000031,37.825372],[-105.34791300000013,37.826266],[-105.34934199999974,37.827648],[-105.35276000000036,37.827069]]],[[[-105.3620340000002,38.126299],[-105.356329,38.135135],[-105.36070100000046,38.140537],[-105.36790499999978,38.135468],[-105.36588599999989,38.13181],[-105.36150599999964,38.131679],[-105.3614739999997,38.128041],[-105.36570700000036,38.12804],[-105.3620340000002,38.126299]]],[[[-105.331151,38.420439],[-105.32956900000025,38.415747],[-105.32180200000016,38.411351],[-105.30353400000025,38.415928],[-105.29969399999979,38.412013],[-105.27469899999956,38.418486],[-105.2774039999996,38.420707],[-105.271206,38.420362],[-105.26584,38.427366],[-105.26850899999967,38.430625],[-105.289638,38.436819],[-105.3070789999997,38.456445],[-105.316489,38.45615],[-105.32570899999989,38.461118],[-105.32728299999981,38.459616],[-105.32200099999956,38.452434],[-105.33470999999963,38.448537],[-105.35150800000011,38.456315],[-105.355406,38.454425],[-105.35636799999962,38.462413],[-105.34162899999963,38.467041],[-105.363053,38.476827],[-105.37484699999989,38.475265],[-105.370144,38.46719],[-105.3740700000003,38.457494],[-105.37368199999968,38.44339],[-105.38135900000039,38.433979],[-105.38022800000026,38.430335],[-105.37019599999972,38.42973],[-105.36884500000026,38.43482],[-105.36010399999958,38.439248],[-105.35823200000017,38.4465],[-105.35435400000013,38.447085],[-105.331151,38.420439]]],[[[-106.11122600000026,38.793754],[-106.1088949999997,38.799551],[-106.11430499999977,38.803896],[-106.1140999999999,38.795259],[-106.11122600000026,38.793754]]],[[[-106.107682,38.800301],[-106.105184,38.811486],[-106.10429899999957,38.813149],[-106.11384200000012,38.810303],[-106.107682,38.800301]]],[[[-106.10897299999988,38.812298],[-106.1088600000004,38.819186],[-106.1160623999996,38.818929900000036],[-106.11612899999972,38.816871],[-106.10897299999988,38.812298]]],[[[-106.15575199999972,38.83294],[-106.15506300000021,38.83305],[-106.15505100000013,38.835147],[-106.15575199999972,38.83294]]],[[[-105.92652400000024,38.860428],[-105.91853499999978,38.86232],[-105.91783999999979,38.865745],[-105.9284,38.867891],[-105.93037499999984,38.864577],[-105.92652400000024,38.860428]]],[[[-105.92319000000029,38.877037],[-105.92770299999984,38.878819],[-105.93441299999964,38.885633],[-105.929649,38.875785],[-105.92319000000029,38.877037]]],[[[-105.95683800000019,38.884416],[-105.95357499999982,38.886124],[-105.9559910000002,38.888756],[-105.95630899999955,38.886822],[-105.95683800000019,38.884416]]],[[[-105.93906199999965,38.885621],[-105.94591100000017,38.892609],[-105.951426,38.891909],[-105.94483199999986,38.88674],[-105.93906199999965,38.885621]]],[[[-105.970651,38.907832],[-105.96310099999984,38.900124],[-105.95955600000039,38.90267],[-105.96775600000035,38.909806],[-105.970651,38.907832]]],[[[-105.9683237999997,38.9012467],[-105.96870200000042,38.903946],[-105.970651,38.907832],[-105.97112699999977,38.903451],[-105.9683237999997,38.9012467]]],[[[-106.34477300000029,39.205039],[-106.3459040000004,39.206106],[-106.345411,39.204972],[-106.34477300000029,39.205039]]],[[[-106.357565,39.222603],[-106.36456300000029,39.237182],[-106.38159690000009,39.235667700000036],[-106.3789202999997,39.22260810000003],[-106.357565,39.222603]]],[[[-106.33847420000036,39.26456430000004],[-106.33565000000034,39.266008],[-106.328413,39.26827],[-106.33577399999983,39.270442],[-106.33847420000036,39.26456430000004]]],[[[-106.2174980000004,39.379638],[-106.220186,39.369494],[-106.21640310000014,39.364768],[-106.21759899999978,39.352835],[-106.20611200000016,39.360081],[-106.189806,39.363353],[-106.17865600000033,39.361357],[-106.18719599999966,39.367065],[-106.19237899999983,39.366675],[-106.199605,39.379663],[-106.2174980000004,39.379638]]]]}}]}