{"type":"FeatureCollection","schema":"trailblogger/v2","features":[{"type":"Feature","properties":{"id":"54b634d2b50d","name":"Arboretum Circle","length_mi":1.48,"country":"Iceland","state":null,"park":null,"park_type":null,"note":"","source":"OpenStreetMap","osm_id":"16144273","osm_ids":[],"created_at":"2025-12-22T16:12:31.872577"},"geometry":{"type":"LineString","coordinates":[[-17.90347,65.71908],[-17.90267,65.71889],[-17.90251,65.71838],[-17.90264,65.71806],[-17.9035,65.71927],[-17.90347,65.71908],[-17.89995,65.71987],[-17.89994,65.71968],[-17.90011,65.71962],[-17.9035,65.71927],[-17.89241,65.71678],[-17.89047,65.7166],[-17.8904,65.7167],[-17.89004,65.71673],[-17.88904,65.71671],[-17.88776,65.71725],[-17.88605,65.71722],[-17.88506,65.71745],[-17.88495,65.71763],[-17.88488,65.71849],[-17.88491,65.71871],[-17.88563,65.71891],[-17.88621,65.71951],[-17.88718,65.7199],[-17.8896,65.7206],[-17.89241,65.72017],[-17.89226,65.7198],[-17.89281,65.71966],[-17.89813,65.71969],[-17.89933,65.71988],[-17.89995,65.71987],[-17.89426,65.71688],[-17.89241,65.71678],[-17.89426,65.71688],[-17.89998,65.71624],[-17.89429,65.71684],[-17.90028,65.71655],[-17.89998,65.71624],[-17.90047,65.71669],[-17.90028,65.71655],[-17.90081,65.71663],[-17.90047,65.71669],[-17.90272,65.7178],[-17.90222,65.71757],[-17.90218,65.71748],[-17.90238,65.7174],[-17.90209,65.71705],[-17.90081,65.71663],[-17.90264,65.71806],[-17.90272,65.7178]]}},{"type":"Feature","properties":{"id":"aeabdf9b8a15","name":"Askja hiking trails","length_mi":8.84,"country":"Iceland","state":null,"park":null,"park_type":null,"note":"","source":"OpenStreetMap","osm_id":"16274346","osm_ids":[],"created_at":"2025-12-22T16:12:31.872577"},"geometry":{"type":"LineString","coordinates":[[-16.72463,65.04789],[-16.72492,65.04875],[-16.72626,65.04988],[-16.72631,65.05012],[-16.72691,65.05072],[-16.72689,65.05113],[-16.72764,65.05183],[-16.72762,65.05253],[-16.72777,65.05275],[-16.72822,65.05464],[-16.72813,65.05561],[-16.7284,65.05909],[-16.72806,65.05984],[-16.72805,65.06081],[-16.72841,65.06129],[-16.72974,65.06257],[-16.72996,65.06307],[-16.73003,65.06365],[-16.7297,65.06465],[-16.72869,65.06544],[-16.72875,65.06604],[-16.72766,65.06665],[-16.72694,65.06684],[-16.72528,65.06696],[-16.72463,65.04789],[-16.7234,65.04753],[-16.72353,65.04725],[-16.72342,65.04688],[-16.72414,65.04638],[-16.72502,65.0461],[-16.72373,65.04444],[-16.72383,65.04428],[-16.72378,65.04414],[-16.59607,65.04284],[-16.59707,65.04276],[-16.59731,65.04322],[-16.59752,65.04334],[-16.59834,65.0437],[-16.60046,65.04437],[-16.60154,65.04439],[-16.60216,65.04418],[-16.60277,65.04414],[-16.60414,65.04435],[-16.60815,65.04439],[-16.61398,65.04502],[-16.61505,65.04525],[-16.61718,65.04517],[-16.61996,65.0455],[-16.62149,65.04549],[-16.62815,65.04477],[-16.63232,65.04446],[-16.63316,65.04456],[-16.63362,65.04473],[-16.63384,65.04509],[-16.63449,65.04553],[-16.63765,65.04644],[-16.64091,65.04629],[-16.6432,65.04647],[-16.64435,65.04642],[-16.64465,65.04629],[-16.64516,65.04572],[-16.64643,65.04515],[-16.64654,65.04486],[-16.64751,65.04426],[-16.64774,65.04398],[-16.64768,65.04382],[-16.64917,65.0432],[-16.64947,65.04291],[-16.64966,65.04198],[-16.65059,65.04151],[-16.65094,65.04085],[-16.65151,65.04071],[-16.65251,65.03992],[-16.65281,65.03921],[-16.65317,65.03893],[-16.65484,65.03825],[-16.65647,65.03732],[-16.65929,65.03654],[-16.66017,65.03597],[-16.66112,65.03568],[-16.66203,65.03515],[-16.66522,65.03405],[-16.6685,65.03354],[-16.66983,65.03345],[-16.67193,65.03383],[-16.67282,65.03409],[-16.67599,65.03463],[-16.67698,65.03426],[-16.67759,65.0339],[-16.67745,65.03381],[-16.67758,65.03346],[-16.68117,65.03259],[-16.68614,65.03226],[-16.68822,65.03227],[-16.68975,65.03271],[-16.69127,65.03352],[-16.69278,65.03414],[-16.69352,65.03467],[-16.6946,65.0351],[-16.69796,65.03592],[-16.6998,65.03699],[-16.70044,65.03757],[-16.70025,65.03785],[-16.70035,65.03829],[-16.70071,65.03862],[-16.70108,65.0394],[-16.70301,65.0408],[-16.70366,65.04183],[-16.70477,65.04255],[-16.70493,65.04292],[-16.70546,65.04333],[-16.70557,65.04363],[-16.70626,65.04404],[-16.70783,65.04461],[-16.70804,65.04477],[-16.70924,65.04496],[-16.71129,65.04493],[-16.71141,65.04514],[-16.71176,65.04525],[-16.71245,65.04519],[-16.71389,65.04552],[-16.7156,65.04559],[-16.71885,65.04648],[-16.72121,65.04684],[-16.72263,65.04676],[-16.72282,65.04655],[-16.72324,65.04648],[-16.72343,65.04653],[-16.72342,65.04688],[-16.59707,65.04276],[-16.59735,65.04276],[-16.59788,65.04249],[-16.59962,65.04233],[-16.60026,65.04234],[-16.6009,65.04249],[-16.6021,65.04237],[-16.59662,65.04197],[-16.59669,65.04194],[-16.59661,65.04183],[-16.5964,65.0417],[-16.59029,65.03982],[-16.58942,65.03965],[-16.58879,65.03969],[-16.58827,65.03909],[-16.58815,65.03851],[-16.58906,65.03752],[-16.59023,65.03598],[-16.59067,65.03503],[-16.5912,65.03483],[-16.59128,65.03471],[-16.59073,65.03397],[-16.59074,65.0336],[-16.59236,65.03261],[-16.5926,65.03222],[-16.59274,65.03184],[-16.59261,65.03147],[-16.59214,65.03093],[-16.59192,65.03043],[-16.59175,65.02953],[-16.59081,65.02898],[-16.5898,65.0286],[-16.58848,65.02729],[-16.58744,65.02738],[-16.58601,65.02711],[-16.58586,65.02693],[-16.58511,65.02666],[-16.58484,65.02631],[-16.58465,65.02538],[-16.5839,65.02487],[-16.5838,65.02451],[-16.58329,65.02373],[-16.58308,65.02368],[-16.58226,65.02392],[-16.58168,65.02392],[-16.58049,65.02369],[-16.58009,65.02345],[-16.57889,65.02315],[-16.59653,65.04204],[-16.59662,65.04197],[-16.57889,65.02315],[-16.57694,65.02306],[-16.59788,65.04249],[-16.59653,65.04204],[-16.59521,65.04228]]}},{"type":"Feature","properties":{"id":"76dd75879a1f","name":"Auf der Troll-Halbinsel","length_mi":1.56,"country":"Iceland","state":null,"park":null,"park_type":null,"note":"","source":"OpenStreetMap","osm_id":"6227728","osm_ids":[],"created_at":"2025-12-22T16:12:31.871577"},"geometry":{"type":"LineString","coordinates":[[-18.82829,65.85185],[-18.82977,65.85134],[-18.83031,65.85092],[-18.83091,65.85077],[-18.82758,65.8468],[-18.82763,65.84696],[-18.82824,65.84731],[-18.82927,65.84778],[-18.83069,65.84921],[-18.83076,65.84954],[-18.83067,65.84968],[-18.83084,65.85006],[-18.83091,65.85077],[-18.80782,65.83604],[-18.80837,65.83602],[-18.80913,65.83692],[-18.80925,65.83719],[-18.80919,65.83748],[-18.80982,65.83807],[-18.8101,65.83865],[-18.81039,65.83894],[-18.81024,65.83934],[-18.81054,65.83975],[-18.81422,65.84089],[-18.81439,65.84106],[-18.81435,65.84125],[-18.81462,65.84145],[-18.8148,65.84187],[-18.81551,65.84227],[-18.81558,65.84253],[-18.81599,65.84297],[-18.81592,65.84352],[-18.8156,65.84423],[-18.81571,65.84444],[-18.81554,65.84483],[-18.8156,65.84518],[-18.81587,65.84558],[-18.81632,65.84584],[-18.81931,65.84619],[-18.82191,65.84597],[-18.82357,65.84602],[-18.8238,65.84615],[-18.82613,65.84647],[-18.82684,65.84673],[-18.82755,65.84672],[-18.82758,65.8468]]}},{"type":"Feature","properties":{"id":"5d9944028bc4","name":"Aussichtberg Vindbelgjarfjall","length_mi":1.5,"country":"Iceland","state":null,"park":null,"park_type":null,"note":"","source":"OpenStreetMap","osm_id":"6227757","osm_ids":[],"created_at":"2025-12-22T16:12:31.871577"},"geometry":{"type":"LineString","coordinates":[[-17.08327,65.61272],[-17.08319,65.61295],[-17.08344,65.61321],[-17.08334,65.61342],[-17.08343,65.61381],[-17.08325,65.61406],[-17.0828,65.61426],[-17.08306,65.61487],[-17.08301,65.61512],[-17.08312,65.61529],[-17.08384,65.61571],[-17.08432,65.6165],[-17.08464,65.61672],[-17.08426,65.61703],[-17.08422,65.61732],[-17.08379,65.61768],[-17.08373,65.6179],[-17.08386,65.61849],[-17.08319,65.61999],[-17.08359,65.62063],[-17.0833,65.62157],[-17.08332,65.62196],[-17.08232,65.62245],[-17.08082,65.6229],[-17.08121,65.6237],[-17.08108,65.62394],[-17.08069,65.62407],[-17.07921,65.62419],[-17.07896,65.62479],[-17.0781,65.6255],[-17.0779,65.62592],[-17.0769,65.62625],[-17.07655,65.62606],[-17.07587,65.62617],[-17.07551,65.62598],[-17.07494,65.62621],[-17.07467,65.6259],[-17.0738,65.6262],[-17.07358,65.62623],[-17.07346,65.62605],[-17.07284,65.62616],[-17.07276,65.62605],[-17.07221,65.62594],[-17.07198,65.62544],[-17.07138,65.62495],[-17.07124,65.62463],[-17.07004,65.62507],[-17.07006,65.62491],[-17.06969,65.62494],[-17.06973,65.62484],[-17.06907,65.62405]]}},{"type":"Feature","properties":{"id":"a60aa8d51fad","name":"Austrurafréttur","length_mi":11.38,"country":"Iceland","state":null,"park":null,"park_type":null,"note":"","source":"OpenStreetMap","osm_id":"6129970","osm_ids":[],"created_at":"2025-12-22T16:12:31.869577"},"geometry":{"type":"LineString","coordinates":[[-18.88756,63.53035],[-18.88465,63.52966],[-18.88284,63.52909],[-18.88234,63.52883],[-18.88258,63.52828],[-18.8829,63.52788],[-18.88572,63.52612],[-18.88696,63.52596],[-18.88884,63.52633],[-18.8897,63.52631],[-18.89017,63.52647],[-18.89135,63.52711],[-18.8922,63.52788],[-18.89256,63.52856],[-18.89315,63.52885],[-18.89153,63.5287],[-18.89163,63.5291],[-18.8925,63.52964],[-18.89426,63.53007],[-18.89438,63.53049],[-18.89414,63.53074],[-18.89399,63.53102],[-18.89406,63.53106],[-18.89433,63.53107],[-18.89474,63.53079],[-18.89552,63.5305],[-18.89587,63.53073],[-18.89706,63.53108],[-18.89717,63.53124],[-18.89838,63.53146],[-18.89904,63.532],[-18.89949,63.53252],[-18.89981,63.53313],[-18.90002,63.53329],[-18.90081,63.53368],[-18.90169,63.53389],[-18.90333,63.53467],[-18.90377,63.5359],[-18.90366,63.53617],[-18.90302,63.5367],[-18.90189,63.53698],[-18.90321,63.53721],[-18.90454,63.53775],[-18.90422,63.53801],[-18.90358,63.53897],[-18.90345,63.54006],[-18.90358,63.54045],[-18.90378,63.54064],[-18.90484,63.54135],[-18.90499,63.54133],[-18.90495,63.54109],[-18.90509,63.54102],[-18.90583,63.54115],[-18.9078,63.54122],[-18.90906,63.54223],[-18.91009,63.54286],[-18.91052,63.54346],[-18.91133,63.54394],[-18.91322,63.54484],[-18.91565,63.54548],[-18.91665,63.54546],[-18.92005,63.54584],[-18.92155,63.54625],[-18.92232,63.54632],[-18.92611,63.54556],[-18.92632,63.5454],[-18.92607,63.54479],[-18.92642,63.54467],[-18.92671,63.54471],[-18.92852,63.54552],[-18.92872,63.54608],[-18.92961,63.54676],[-18.92973,63.54741],[-18.93017,63.54763],[-18.93155,63.54795],[-18.93297,63.54859],[-18.93316,63.54851],[-18.93345,63.54814],[-18.93415,63.54776],[-18.93489,63.54767],[-18.93519,63.54776],[-18.93533,63.54805],[-18.93522,63.54852],[-18.93499,63.5488],[-18.93526,63.54917],[-18.93635,63.55004],[-18.93648,63.55069],[-18.9367,63.55102],[-18.93695,63.55233],[-18.93752,63.55277],[-18.93882,63.55318],[-18.93854,63.55363],[-18.93876,63.55395],[-18.9393,63.55434],[-18.94152,63.55514],[-18.94189,63.55598],[-18.94231,63.55637],[-18.94244,63.55709],[-18.94307,63.55765],[-18.94282,63.55835],[-18.94289,63.55863],[-18.9437,63.55914],[-18.94418,63.55972],[-18.94528,63.56036],[-18.94558,63.56066],[-18.94651,63.56206],[-18.9472,63.56258],[-18.94724,63.56314],[-18.94707,63.56329],[-18.94709,63.56351],[-18.88234,63.52883],[-18.88217,63.52858],[-18.88236,63.52807],[-18.88288,63.52738],[-18.8838,63.52578],[-18.88333,63.52527],[-18.88307,63.52362],[-18.88199,63.52155],[-18.88207,63.52112],[-18.88238,63.52066],[-18.88225,63.5203],[-18.87971,63.51967],[-18.87808,63.51916],[-18.87692,63.51864],[-18.8728,63.51746],[-18.87136,63.51714],[-18.87053,63.51722],[-18.86963,63.51707],[-18.8687,63.51714],[-18.86173,63.51965],[-18.86047,63.52],[-18.85998,63.52026],[-18.85962,63.52095],[-18.87458,63.52938],[-18.8746,63.52898],[-18.87471,63.52877],[-18.8745,63.52846],[-18.87449,63.52797],[-18.87388,63.52715],[-18.87246,63.52563],[-18.8718,63.52515],[-18.87198,63.52449],[-18.87054,63.52383],[-18.86934,63.52352],[-18.86791,63.52342],[-18.866,63.52366],[-18.86359,63.5233],[-18.86308,63.52306],[-18.8626,63.52312],[-18.86275,63.52298],[-18.86264,63.52271],[-18.86214,63.52273],[-18.86242,63.52252],[-18.86215,63.5225],[-18.86185,63.52231],[-18.86126,63.52232],[-18.8607,63.52249],[-18.86052,63.52242],[-18.8604,63.52225],[-18.86072,63.52181],[-18.85962,63.52095],[-18.87898,63.5276],[-18.87656,63.52759],[-18.87594,63.52772],[-18.8756,63.52817],[-18.87573,63.5283],[-18.87518,63.52872],[-18.87523,63.52888],[-18.87506,63.52904],[-18.87458,63.52938],[-18.87994,63.52766],[-18.87898,63.5276],[-18.87994,63.52766],[-18.8803,63.52817],[-18.88086,63.52847],[-18.88228,63.52878],[-18.87458,63.52938],[-18.87467,63.52957],[-18.8745,63.52973],[-18.87452,63.52984],[-18.87489,63.52999],[-18.87701,63.53036],[-18.87709,63.53048],[-18.87695,63.53081],[-18.87649,63.5312],[-18.87643,63.53137],[-18.87714,63.53251],[-18.87753,63.53288],[-18.87896,63.53325],[-18.87902,63.53501],[-18.88021,63.53565],[-18.88122,63.53602],[-18.88193,63.53612],[-18.8843,63.53702],[-18.88536,63.5373],[-18.88729,63.53825],[-18.88785,63.53904],[-18.88802,63.5399],[-18.88816,63.54011],[-18.88948,63.54052],[-18.89058,63.54118],[-18.89029,63.54137],[-18.89053,63.54157],[-18.89056,63.54188],[-18.89067,63.54197],[-18.89044,63.5421],[-18.89062,63.54248],[-18.89056,63.54265],[-18.891,63.54315],[-18.89324,63.54348],[-18.89467,63.54429],[-18.89652,63.54504],[-18.89729,63.54529],[-18.89957,63.54569],[-18.89988,63.54589],[-18.89999,63.54611],[-18.8989,63.54631],[-18.89811,63.54732],[-18.89728,63.54767],[-18.89662,63.54781],[-18.89472,63.54869],[-18.89491,63.54919],[-18.89464,63.54972],[-18.89372,63.5507],[-18.89252,63.55109],[-18.8925,63.55121],[-18.89262,63.55129],[-18.89426,63.55122],[-18.90071,63.55199],[-18.90225,63.55326],[-18.90218,63.55345],[-18.90276,63.55377],[-18.90279,63.554],[-18.90313,63.55425],[-18.90551,63.55517],[-18.90782,63.55647],[-18.90989,63.55722],[-18.91068,63.55723],[-18.9134,63.55784],[-18.91606,63.55771],[-18.91727,63.55818],[-18.91875,63.55848],[-18.91974,63.55851],[-18.92084,63.55882],[-18.92305,63.55919],[-18.92439,63.55906],[-18.93876,63.55395],[-18.93708,63.55436],[-18.9367,63.55462],[-18.93661,63.55496],[-18.93678,63.5553],[-18.9367,63.55565],[-18.93614,63.55629],[-18.93545,63.55668],[-18.93352,63.55707],[-18.93266,63.55711],[-18.92965,63.55687],[-18.92841,63.55725],[-18.92827,63.55749],[-18.92695,63.55815],[-18.92569,63.55847],[-18.92439,63.55906]]}},{"type":"Feature","properties":{"id":"211ba4f41a43","name":"Baejarfell","length_mi":3.4,"country":"Iceland","state":null,"park":null,"park_type":null,"note":"","source":"OpenStreetMap","osm_id":"6125813","osm_ids":[],"created_at":"2025-12-22T16:12:31.869577"},"geometry":{"type":"LineString","coordinates":[[-20.87398,64.69446],[-20.87187,64.69398],[-20.87249,64.69357],[-20.87295,64.69342],[-20.87304,64.69316],[-20.87233,64.69172],[-20.87242,64.69135],[-20.87232,64.69104],[-20.87113,64.69027],[-20.8707,64.68982],[-20.87008,64.68941],[-20.86964,64.68901],[-20.86951,64.68848],[-20.86938,64.68836],[-20.86791,64.68778],[-20.86709,64.68721],[-20.867,64.68697],[-20.86741,64.68652],[-20.86716,64.68613],[-20.8659,64.68555],[-20.86435,64.68543],[-20.86423,64.68535],[-20.86439,64.68478],[-20.86408,64.68435],[-20.86345,64.68409],[-20.86336,64.68394],[-20.86116,64.68269],[-20.86026,64.68206],[-20.86022,64.68193],[-20.85892,64.68154],[-20.85861,64.68105],[-20.85874,64.6808],[-20.85857,64.68048],[-20.85889,64.68034],[-20.85892,64.68022],[-20.85839,64.67981],[-20.85855,64.67975],[-20.85846,64.67962],[-20.85872,64.67951],[-20.8588,64.67927],[-20.85841,64.67861],[-20.85847,64.67858],[-20.85822,64.67772],[-20.85798,64.67719],[-20.85818,64.67631],[-20.85751,64.67587],[-20.8563,64.67539],[-20.85611,64.67521],[-20.85492,64.67536],[-20.85515,64.67547],[-20.85415,64.67577],[-20.85265,64.67654],[-20.85231,64.67658],[-20.85221,64.67671],[-20.85238,64.67726],[-20.85194,64.67781],[-20.85272,64.67866],[-20.85284,64.67905],[-20.85305,64.6791],[-20.85309,64.67961],[-20.85291,64.68011],[-20.85302,64.68032],[-20.85298,64.68093],[-20.85282,64.68145],[-20.85296,64.68184],[-20.85348,64.68211],[-20.85369,64.68243],[-20.85361,64.6826],[-20.85479,64.68315],[-20.85693,64.68324],[-20.85733,64.68367],[-20.85833,64.68387],[-20.85967,64.68447],[-20.86088,64.68477],[-20.86746,64.69047],[-20.86536,64.68996],[-20.86501,64.68963],[-20.86489,64.68926],[-20.86379,64.68883],[-20.86128,64.68748],[-20.85948,64.68695],[-20.85926,64.68674],[-20.85927,64.68656],[-20.85955,64.68624],[-20.8598,64.68553],[-20.86004,64.68532],[-20.86093,64.68507],[-20.8611,64.68497],[-20.86106,64.68487],[-20.86088,64.68477],[-20.87026,64.69232],[-20.86849,64.6913],[-20.86846,64.69104],[-20.86833,64.69092],[-20.86746,64.69047],[-20.87026,64.69232],[-20.87082,64.69226],[-20.87187,64.69398],[-20.87165,64.69384],[-20.87135,64.69309],[-20.87082,64.69226],[-20.87398,64.69446],[-20.87187,64.69398]]}},{"type":"Feature","properties":{"id":"06c798d68bce","name":"Basaltküste von Arnarstapi","length_mi":4.82,"country":"Iceland","state":null,"park":null,"park_type":null,"note":"","source":"OpenStreetMap","osm_id":"6126272","osm_ids":[],"created_at":"2025-12-22T16:12:31.869577"},"geometry":{"type":"LineString","coordinates":[[-23.62761,64.76628],[-23.62741,64.76617],[-23.62762,64.76585],[-23.62761,64.766],[-23.62741,64.76617],[-23.62577,64.76455],[-23.62595,64.7649],[-23.62661,64.76536],[-23.62762,64.76585],[-23.62801,64.76328],[-23.62646,64.76432],[-23.62577,64.76455],[-23.62817,64.76321],[-23.62801,64.76328],[-23.64335,64.75373],[-23.6427,64.75415],[-23.64242,64.75453],[-23.64167,64.75457],[-23.64073,64.75488],[-23.64015,64.75538],[-23.63967,64.75544],[-23.63928,64.75568],[-23.63858,64.75581],[-23.63747,64.75647],[-23.63636,64.75644],[-23.63613,64.75652],[-23.63564,64.75689],[-23.63561,64.75702],[-23.63527,64.75712],[-23.6353,64.75729],[-23.63497,64.75735],[-23.63464,64.75777],[-23.63366,64.758],[-23.63329,64.75825],[-23.63289,64.7582],[-23.63259,64.75829],[-23.63252,64.75865],[-23.63218,64.75915],[-23.63261,64.75958],[-23.63259,64.75987],[-23.63218,64.76033],[-23.632,64.76088],[-23.6314,64.7614],[-23.63139,64.76155],[-23.63163,64.76176],[-23.63102,64.76191],[-23.62961,64.76274],[-23.62817,64.76321],[-23.64386,64.75357],[-23.64335,64.75373],[-23.64378,64.75325],[-23.64386,64.75357],[-23.64499,64.75227],[-23.64499,64.75249],[-23.64378,64.75325],[-23.64516,64.75174],[-23.64498,64.75196],[-23.64499,64.75227],[-23.64516,64.75174],[-23.64498,64.75196],[-23.64499,64.75249],[-23.64378,64.75325],[-23.64386,64.75357],[-23.64322,64.7538],[-23.64261,64.75424],[-23.64242,64.75453],[-23.64167,64.75457],[-23.64073,64.75488],[-23.64015,64.75538],[-23.63967,64.75544],[-23.63928,64.75568],[-23.63858,64.75581],[-23.63747,64.75647],[-23.63636,64.75644],[-23.63613,64.75652],[-23.63564,64.75689],[-23.63561,64.75702],[-23.63527,64.75712],[-23.6353,64.75729],[-23.63497,64.75735],[-23.63464,64.75777],[-23.63366,64.758],[-23.63329,64.75825],[-23.63289,64.7582],[-23.63259,64.75829],[-23.63252,64.75865],[-23.63218,64.75915],[-23.63261,64.75958],[-23.63259,64.75987],[-23.63218,64.76033],[-23.632,64.76088],[-23.6314,64.7614],[-23.63139,64.76155],[-23.63163,64.76172],[-23.63158,64.76182],[-23.63102,64.76191],[-23.62961,64.76274],[-23.62817,64.76321],[-23.62646,64.76432],[-23.62577,64.76455],[-23.62094,64.77009],[-23.61802,64.77015],[-23.61768,64.76998],[-23.61722,64.76947],[-23.61849,64.76884],[-23.61833,64.76853],[-23.61763,64.76813],[-23.61761,64.76796],[-23.61775,64.76772],[-23.61759,64.76745],[-23.61909,64.76701],[-23.62043,64.76693],[-23.62247,64.76616],[-23.62265,64.76586],[-23.62231,64.76561],[-23.62228,64.76543],[-23.62345,64.76567],[-23.62577,64.76455],[-23.62094,64.77009],[-23.61802,64.77015],[-23.61768,64.76998],[-23.61723,64.76942],[-23.61805,64.7691],[-23.6185,64.7688],[-23.61833,64.76853],[-23.61763,64.76813],[-23.61761,64.76796],[-23.61775,64.76772],[-23.61759,64.76745],[-23.61909,64.76701],[-23.62043,64.76693],[-23.62247,64.76616],[-23.62265,64.76586],[-23.62231,64.76561],[-23.62228,64.76543],[-23.62345,64.76567],[-23.62577,64.76455],[-23.61805,64.7691],[-23.61784,64.76935],[-23.61877,64.77011],[-23.62094,64.77009],[-23.61802,64.77015],[-23.61768,64.76998],[-23.61723,64.76942],[-23.61805,64.7691],[-23.6185,64.7688],[-23.61833,64.76853],[-23.61763,64.76813],[-23.61761,64.76796],[-23.61775,64.76772],[-23.61759,64.76745],[-23.61909,64.76701],[-23.62043,64.76693],[-23.62247,64.76616],[-23.62265,64.76586],[-23.62231,64.76561],[-23.62228,64.76543],[-23.62345,64.76567],[-23.62577,64.76455],[-23.62264,64.7659],[-23.62345,64.76567],[-23.62379,64.76576],[-23.62542,64.76571],[-23.62761,64.76628],[-23.62741,64.76617]]}},{"type":"Feature","properties":{"id":"8707237b655b","name":"Bjargselsbotnar","length_mi":2.44,"country":"Iceland","state":null,"park":null,"park_type":null,"note":"","source":"OpenStreetMap","osm_id":"14433969","osm_ids":[],"created_at":"2025-12-22T16:12:31.872577"},"geometry":{"type":"LineString","coordinates":[[-14.73099,65.09672],[-14.73068,65.09653],[-14.73055,65.09618],[-14.73016,65.0959],[-14.72878,65.09584],[-14.72792,65.09598],[-14.7276,65.09575],[-14.72756,65.0955],[-14.72607,65.09531],[-14.72558,65.09504],[-14.72541,65.09483],[-14.72567,65.09443],[-14.72539,65.09417],[-14.72539,65.09399],[-14.72437,65.09386],[-14.7236,65.09424],[-14.72339,65.0942],[-14.72351,65.09402],[-14.72348,65.09346],[-14.72317,65.09307],[-14.72384,65.09286],[-14.72452,65.09239],[-14.7203,65.09142],[-14.72009,65.0915],[-14.71914,65.09115],[-14.71857,65.09127],[-14.71811,65.09122],[-14.71793,65.09135],[-14.71707,65.09107],[-14.71648,65.09115],[-14.71447,65.09042],[-14.71248,65.09061],[-14.71146,65.09104],[-14.7111,65.09102],[-14.71058,65.09122],[-14.71029,65.09166],[-14.70984,65.09202],[-14.70915,65.09231],[-14.70852,65.09297],[-14.70855,65.09312],[-14.70822,65.09355],[-14.70835,65.09435],[-14.70826,65.09513],[-14.70782,65.09542],[-14.70818,65.09607],[-14.70879,65.09587],[-14.71071,65.09644],[-14.71099,65.09672],[-14.7111,65.09762],[-14.71282,65.09745],[-14.71313,65.09748],[-14.71376,65.09779],[-14.71999,65.09816],[-14.71376,65.09779],[-14.72695,65.09774],[-14.72593,65.0976],[-14.72234,65.09816],[-14.72066,65.09824],[-14.71999,65.09816],[-14.73337,65.09621],[-14.73133,65.09671],[-14.73038,65.09679],[-14.72959,65.09704],[-14.72923,65.09735],[-14.72792,65.09766],[-14.72695,65.09774],[-14.73526,65.09592],[-14.7344,65.09592],[-14.73395,65.09619],[-14.73337,65.09621],[-14.73784,65.09538],[-14.73754,65.09552],[-14.73724,65.09536],[-14.73644,65.09577],[-14.73526,65.09592]]}},{"type":"Feature","properties":{"id":"ff8ce6756d27","name":"Blahnukur","length_mi":3.89,"country":"Iceland","state":null,"park":null,"park_type":null,"note":"","source":"OpenStreetMap","osm_id":"6133108","osm_ids":[],"created_at":"2025-12-22T16:12:31.869577"},"geometry":{"type":"LineString","coordinates":[[-19.06917,63.97677],[-19.0698,63.97723],[-19.07095,63.97753],[-19.07202,63.97735],[-19.07387,63.97661],[-19.07643,63.97615],[-19.0768,63.97572],[-19.07699,63.97564],[-19.07723,63.97517],[-19.07707,63.97453],[-19.07713,63.97447],[-19.07669,63.97411],[-19.0767,63.97393],[-19.07635,63.97347],[-19.07645,63.97344],[-19.07636,63.97332],[-19.07653,63.97292],[-19.07681,63.97287],[-19.08033,63.97384],[-19.08116,63.97427],[-19.08175,63.97482],[-19.08181,63.97511],[-19.08157,63.9764],[-19.08198,63.97665],[-19.08212,63.97702],[-19.0825,63.97709],[-19.08273,63.97699],[-19.08298,63.97713],[-19.08336,63.97714],[-19.08338,63.97726],[-19.08369,63.9772],[-19.08378,63.97733],[-19.08363,63.97738],[-19.0838,63.97762],[-19.08267,63.97836],[-19.0838,63.97891],[-19.08373,63.97952],[-19.08398,63.97971],[-19.08333,63.98076],[-19.08357,63.98097],[-19.08381,63.98153],[-19.0834,63.98211],[-19.08365,63.98226],[-19.08359,63.98234],[-19.08456,63.98267],[-19.08368,63.9829],[-19.08259,63.98299],[-19.08195,63.98328],[-19.08043,63.98352],[-19.07924,63.98395],[-19.07789,63.98401],[-19.07779,63.9839],[-19.07795,63.98374],[-19.07786,63.98364],[-19.07704,63.98346],[-19.07654,63.9835],[-19.07519,63.98391],[-19.07356,63.98397],[-19.07289,63.98385],[-19.0721,63.9835],[-19.07167,63.98348],[-19.07075,63.98371],[-19.06988,63.98357],[-19.06926,63.98359],[-19.06792,63.98407],[-19.06662,63.98386],[-19.0646,63.98422],[-19.06298,63.98483],[-19.06183,63.98577],[-19.06072,63.98631],[-19.0595,63.98891],[-19.05957,63.98875],[-19.05938,63.98852],[-19.05957,63.988],[-19.06072,63.98631],[-19.0595,63.98891],[-19.05957,63.98875],[-19.05938,63.98852],[-19.05957,63.988],[-19.05991,63.9876],[-19.06078,63.9861],[-19.06041,63.98562],[-19.05916,63.98478],[-19.0599,63.98483],[-19.06033,63.98506],[-19.06121,63.98526],[-19.06113,63.98519],[-19.06138,63.98493],[-19.06158,63.98447],[-19.06202,63.98424],[-19.06198,63.98394],[-19.06209,63.9839],[-19.06197,63.98381],[-19.06211,63.98376],[-19.06198,63.98366],[-19.06216,63.98362],[-19.06205,63.98328],[-19.06227,63.98326],[-19.06221,63.98321],[-19.06263,63.98295],[-19.06284,63.98224],[-19.06302,63.98223],[-19.06301,63.98211],[-19.06325,63.98197],[-19.06317,63.98131],[-19.06328,63.98113],[-19.06314,63.98102],[-19.06318,63.98084],[-19.06298,63.98072],[-19.0631,63.98069],[-19.06313,63.9805],[-19.063,63.98047],[-19.06291,63.98028],[-19.0629,63.97997],[-19.06319,63.97961],[-19.06292,63.97941],[-19.06312,63.97921],[-19.06325,63.97876],[-19.06385,63.97827],[-19.06525,63.9778],[-19.06534,63.97772],[-19.06523,63.97768],[-19.06549,63.97746],[-19.06545,63.97719],[-19.06555,63.97715],[-19.0656,63.97692],[-19.06598,63.97678],[-19.06748,63.97655],[-19.06858,63.97673],[-19.06908,63.97666],[-19.06917,63.97677],[-19.06031,63.99048],[-19.05978,63.98919],[-19.0595,63.98891],[-19.06031,63.99048],[-19.06069,63.99049],[-19.06076,63.9906]]}},{"type":"Feature","properties":{"id":"82998f5b4f8b","name":"Botnsvatn path","length_mi":1.74,"country":"Iceland","state":null,"park":null,"park_type":null,"note":"","source":"OpenStreetMap","osm_id":"14315737","osm_ids":[],"created_at":"2025-12-22T16:12:31.872577"},"geometry":{"type":"LineString","coordinates":[[-17.33738,66.04352],[-17.33658,66.0433],[-17.33506,66.04325],[-17.33371,66.04277],[-17.33115,66.04238],[-17.33033,66.04191],[-17.32854,66.04147],[-17.32695,66.04079],[-17.32391,66.04007],[-17.32329,66.03958],[-17.32293,66.03947],[-17.32208,66.03959],[-17.32189,66.03974],[-17.32197,66.04002],[-17.3217,66.03989],[-17.3214,66.03945],[-17.32109,66.0394],[-17.32093,66.0391],[-17.321,66.03896],[-17.3203,66.03815],[-17.31615,66.03716],[-17.31611,66.03692],[-17.31563,66.03669],[-17.31514,66.03664],[-17.31388,66.03685],[-17.31294,66.03685],[-17.31274,66.03657],[-17.31176,66.03608],[-17.31037,66.0356],[-17.30997,66.03557],[-17.30939,66.03526],[-17.30815,66.03508],[-17.3076,66.0348],[-17.30705,66.03472],[-17.30665,66.03418],[-17.30559,66.03333],[-17.30463,66.03298],[-17.30309,66.03274],[-17.3024,66.03234],[-17.30175,66.03217],[-17.29926,66.03179],[-17.29618,66.03222],[-17.29598,66.03236],[-17.2959,66.0327],[-17.29602,66.03357],[-17.29596,66.03377],[-17.2958,66.03385]]}},{"type":"Feature","properties":{"id":"595d64561ca8","name":"Brennisteinsalda","length_mi":3.48,"country":"Iceland","state":null,"park":null,"park_type":null,"note":"","source":"OpenStreetMap","osm_id":"6133137","osm_ids":[],"created_at":"2025-12-22T16:12:31.869577"},"geometry":{"type":"LineString","coordinates":[[-19.10269,63.99026],[-19.09826,63.99062],[-19.08573,63.98879],[-19.08766,63.98879],[-19.08924,63.98903],[-19.08978,63.98923],[-19.09027,63.99003],[-19.09101,63.99017],[-19.09201,63.99011],[-19.09291,63.98985],[-19.09336,63.98997],[-19.09372,63.99025],[-19.09701,63.99052],[-19.09768,63.99073],[-19.09826,63.99062],[-19.0648,63.99074],[-19.06487,63.99085],[-19.06477,63.99093],[-19.06508,63.99103],[-19.06523,63.99089],[-19.06518,63.99071],[-19.06539,63.99061],[-19.067,63.99061],[-19.06844,63.99084],[-19.07139,63.99037],[-19.07253,63.99038],[-19.07413,63.99094],[-19.0751,63.99062],[-19.07609,63.99056],[-19.07719,63.99071],[-19.07933,63.99062],[-19.08,63.99045],[-19.08123,63.99063],[-19.08431,63.99059],[-19.08579,63.9899],[-19.08585,63.98939],[-19.08573,63.98879],[-19.0647,63.99067],[-19.0648,63.99074],[-19.08862,63.98158],[-19.0874,63.98143],[-19.0873,63.98123],[-19.08784,63.98068],[-19.08776,63.9804],[-19.08794,63.98024],[-19.08812,63.97982],[-19.08864,63.97961],[-19.08952,63.97949],[-19.09161,63.9803],[-19.09543,63.97917],[-19.09344,63.97971],[-19.09223,63.98019],[-19.09161,63.9803],[-19.09543,63.97917],[-19.09721,63.9792],[-19.09694,63.97945],[-19.09589,63.97979],[-19.09575,63.97994],[-19.09593,63.98023],[-19.09568,63.98052],[-19.09568,63.98091],[-19.09662,63.98087],[-19.0987,63.98108],[-19.0991,63.98129],[-19.09974,63.98134],[-19.10042,63.98193],[-19.10071,63.98198],[-19.1006,63.98209],[-19.10078,63.98279],[-19.1014,63.98368],[-19.10124,63.98384],[-19.10099,63.98503],[-19.10123,63.98591],[-19.10143,63.98624],[-19.10234,63.98647],[-19.10264,63.98722],[-19.10326,63.98755],[-19.10338,63.98821],[-19.10369,63.9884],[-19.10359,63.98855],[-19.10404,63.98923],[-19.10406,63.98951],[-19.10344,63.98947],[-19.10284,63.98987],[-19.10269,63.99026],[-19.08573,63.98879],[-19.08578,63.98864],[-19.08535,63.98848],[-19.08585,63.98793],[-19.0856,63.98772],[-19.08566,63.98747],[-19.08612,63.98731],[-19.0859,63.98695],[-19.08638,63.98689],[-19.08652,63.98649],[-19.08672,63.98632],[-19.08822,63.98564],[-19.08865,63.98521],[-19.08884,63.98465],[-19.08925,63.98448],[-19.08878,63.98433],[-19.08894,63.9842],[-19.0889,63.98409],[-19.0891,63.98362],[-19.08905,63.983],[-19.08925,63.98263],[-19.08891,63.98243],[-19.08917,63.98239],[-19.08903,63.98227],[-19.089,63.98175]]}},{"type":"Feature","properties":{"id":"576196faa57b","name":"Brunavik","length_mi":2.34,"country":"Iceland","state":null,"park":null,"park_type":null,"note":"","source":"OpenStreetMap","osm_id":"6173459","osm_ids":[],"created_at":"2025-12-22T16:12:31.870578"},"geometry":{"type":"LineString","coordinates":[[-13.75632,65.53601],[-13.75385,65.53583],[-13.75296,65.53552],[-13.75116,65.53467],[-13.75026,65.53442],[-13.75024,65.53431],[-13.74959,65.53404],[-13.74739,65.53401],[-13.74634,65.5336],[-13.74575,65.5332],[-13.74435,65.53284],[-13.74129,65.53267],[-13.73893,65.53165],[-13.73774,65.53149],[-13.73661,65.53161],[-13.73473,65.53154],[-13.73337,65.5312],[-13.72894,65.53108],[-13.72827,65.53089],[-13.72447,65.53056],[-13.72353,65.5306],[-13.7215,65.53044],[-13.72052,65.53058],[-13.71965,65.53035],[-13.71755,65.53013],[-13.71652,65.52978],[-13.71553,65.52967],[-13.71469,65.52976],[-13.71256,65.52973],[-13.71078,65.52923],[-13.7081,65.52916],[-13.70595,65.52866],[-13.70365,65.52844],[-13.70257,65.52798],[-13.70086,65.52784],[-13.70032,65.52762],[-13.70003,65.52763],[-13.69999,65.5275],[-13.69961,65.52752],[-13.69793,65.52719],[-13.6968,65.52715],[-13.69598,65.52753],[-13.69598,65.52773],[-13.69581,65.52784],[-13.69556,65.5279],[-13.69554,65.52775],[-13.69523,65.52763],[-13.69456,65.52797],[-13.69423,65.52801],[-13.69336,65.52796],[-13.69311,65.5278],[-13.69282,65.52784],[-13.69206,65.52767],[-13.69055,65.52767],[-13.68767,65.52668],[-13.68673,65.52665]]}},{"type":"Feature","properties":{"id":"00f91f5dbbc1","name":"Básar Móði","length_mi":9.7,"country":"Iceland","state":null,"park":null,"park_type":null,"note":"","source":"user","osm_id":null,"osm_ids":[],"created_at":"2025-11-13T10:41:02.228067"},"geometry":{"type":"LineString","coordinates":[[-19.48292,63.67802],[-19.48229,63.67791],[-19.47864,63.67784],[-19.47716,63.67734],[-19.47627,63.67744],[-19.47476,63.67738],[-19.47361,63.6771],[-19.47123,63.67608],[-19.46961,63.67556],[-19.46935,63.67561],[-19.46923,63.67611],[-19.46866,63.67655],[-19.46664,63.67636],[-19.4656,63.67615],[-19.46385,63.67617],[-19.46328,63.67604],[-19.4633,63.67595],[-19.46301,63.6757],[-19.46247,63.67591],[-19.46049,63.67601],[-19.45986,63.67575],[-19.45995,63.67554],[-19.4598,63.67547],[-19.45995,63.67554],[-19.45986,63.67575],[-19.45818,63.67603],[-19.45562,63.67575],[-19.45478,63.67544],[-19.45461,63.67522],[-19.45468,63.67504],[-19.45401,63.67506],[-19.45291,63.67458],[-19.45049,63.67401],[-19.44934,63.67387],[-19.44875,63.67354],[-19.44737,63.67342],[-19.447,63.67314],[-19.44549,63.67247],[-19.44399,63.67228],[-19.44366,63.67215],[-19.44353,63.67183],[-19.44395,63.67163],[-19.44389,63.67146],[-19.44368,63.67134],[-19.44222,63.6715],[-19.44223,63.67175],[-19.44194,63.67185],[-19.44145,63.67165],[-19.44023,63.67162],[-19.43295,63.67023],[-19.43145,63.6698],[-19.43004,63.66907],[-19.42885,63.66804],[-19.42842,63.66786],[-19.42852,63.66728],[-19.42834,63.66618],[-19.42758,63.66585],[-19.42701,63.66577],[-19.42706,63.66521],[-19.42723,63.66507],[-19.4272,63.66446],[-19.42769,63.66419],[-19.42777,63.66385],[-19.42749,63.66346],[-19.42682,63.6631],[-19.42653,63.66307],[-19.42652,63.6629],[-19.42622,63.6625],[-19.42624,63.66222],[-19.42552,63.66112],[-19.42537,63.66061],[-19.42545,63.66035],[-19.42531,63.66004],[-19.42549,63.65966],[-19.42612,63.6594],[-19.42557,63.6593],[-19.42562,63.65856],[-19.4255,63.65844],[-19.42579,63.65818],[-19.42647,63.65696],[-19.42728,63.6559],[-19.42956,63.65094],[-19.42998,63.65026],[-19.43053,63.64969],[-19.43067,63.6489],[-19.43261,63.64809],[-19.43271,63.64791],[-19.43345,63.64759],[-19.43414,63.64746],[-19.43467,63.64722],[-19.43519,63.64683],[-19.43611,63.64645],[-19.43615,63.64631],[-19.4366,63.6461],[-19.43697,63.64576],[-19.43664,63.64513],[-19.43697,63.64503],[-19.4372,63.6448],[-19.43752,63.64414],[-19.43815,63.64387],[-19.43791,63.64366],[-19.43794,63.64348],[-19.4385,63.64328],[-19.43869,63.64301],[-19.43909,63.64284],[-19.43918,63.64179],[-19.4381,63.64096],[-19.43809,63.6408],[-19.43878,63.64042],[-19.43982,63.64018],[-19.44383,63.6402],[-19.44518,63.63989],[-19.44532,63.63961],[-19.44527,63.63927],[-19.4449,63.63921],[-19.44311,63.63847],[-19.44204,63.63756],[-19.44207,63.63736],[-19.44265,63.63707],[-19.44293,63.63679],[-19.4428,63.63666],[-19.44375,63.63675],[-19.44384,63.63688],[-19.44381,63.63721],[-19.44403,63.63736],[-19.44381,63.63721],[-19.44382,63.63678],[-19.4428,63.63666],[-19.44293,63.63679],[-19.44265,63.63707],[-19.44207,63.63736],[-19.44204,63.63756],[-19.44311,63.63847],[-19.4449,63.63921],[-19.44527,63.63927],[-19.44532,63.63961],[-19.44518,63.63989],[-19.44383,63.6402],[-19.43982,63.64018],[-19.43878,63.64042],[-19.43809,63.6408],[-19.4381,63.64096],[-19.43918,63.64179],[-19.43915,63.64275],[-19.43854,63.64313],[-19.4385,63.64328],[-19.43794,63.64348],[-19.43791,63.64366],[-19.43815,63.64387],[-19.43752,63.64414],[-19.4372,63.6448],[-19.43697,63.64503],[-19.43664,63.64513],[-19.43697,63.64576],[-19.4366,63.6461],[-19.43615,63.64631],[-19.43611,63.64645],[-19.43519,63.64683],[-19.43467,63.64722],[-19.43271,63.64791],[-19.43261,63.64809],[-19.43119,63.64873],[-19.43153,63.64892],[-19.43196,63.64898],[-19.43313,63.64894],[-19.43438,63.64911],[-19.43492,63.6493],[-19.43493,63.64945],[-19.43533,63.64966],[-19.43724,63.65022],[-19.43817,63.65037],[-19.4388,63.65036],[-19.44,63.65006],[-19.44112,63.65015],[-19.44275,63.65057],[-19.4445,63.6503],[-19.44548,63.6505],[-19.44625,63.65088],[-19.44623,63.65113],[-19.44605,63.65115],[-19.44604,63.65125],[-19.4466,63.65165],[-19.44669,63.65198],[-19.4469,63.65219],[-19.44652,63.65246],[-19.44657,63.65256],[-19.44846,63.65335],[-19.44859,63.65373],[-19.44843,63.65385],[-19.44857,63.65391],[-19.4485,63.65404],[-19.44857,63.65421],[-19.44934,63.65459],[-19.44942,63.65484],[-19.44971,63.65514],[-19.44969,63.65532],[-19.45017,63.65572],[-19.45055,63.65622],[-19.45226,63.65656],[-19.45176,63.65676],[-19.45239,63.65686],[-19.4538,63.65733],[-19.45545,63.65765],[-19.45663,63.65764],[-19.45823,63.65744],[-19.4593,63.658],[-19.46026,63.6582],[-19.46034,63.65842],[-19.46115,63.65882],[-19.46193,63.65906],[-19.46254,63.65912],[-19.46321,63.6596],[-19.4635,63.66015],[-19.46494,63.66072],[-19.4649,63.66081],[-19.46508,63.66101],[-19.46566,63.66129],[-19.46595,63.66155],[-19.46596,63.66169],[-19.4669,63.66163],[-19.46725,63.66146],[-19.46798,63.66162],[-19.46863,63.66153],[-19.46955,63.66167],[-19.4702,63.66216],[-19.47001,63.6624],[-19.47096,63.66276],[-19.47121,63.66302],[-19.47165,63.66319],[-19.47115,63.66362],[-19.47196,63.66357],[-19.47305,63.6637],[-19.47344,63.66414],[-19.47389,63.66428],[-19.47339,63.66467],[-19.47346,63.66508],[-19.47338,63.66522],[-19.47352,63.66543],[-19.47347,63.66572],[-19.47363,63.66585],[-19.47363,63.66599],[-19.47342,63.66613],[-19.47413,63.66652],[-19.47435,63.66683],[-19.4754,63.66726],[-19.47597,63.66773],[-19.47582,63.66785],[-19.47487,63.66793],[-19.47457,63.66808],[-19.47534,63.66879],[-19.47557,63.66922],[-19.47576,63.66934],[-19.47619,63.66936],[-19.47889,63.66913],[-19.48074,63.66951],[-19.48118,63.66976],[-19.48278,63.67016],[-19.48288,63.67081],[-19.48279,63.67112],[-19.48378,63.67162],[-19.48377,63.67191],[-19.48358,63.67217],[-19.48364,63.6723],[-19.48496,63.67279],[-19.48498,63.67336],[-19.48516,63.67357],[-19.48508,63.6738],[-19.48651,63.67433],[-19.48659,63.67467],[-19.48651,63.67491],[-19.48623,63.67504],[-19.48624,63.6752],[-19.48548,63.67551],[-19.48361,63.67566],[-19.48311,63.67579],[-19.48255,63.67622],[-19.48237,63.67656],[-19.48179,63.67684],[-19.48169,63.67698],[-19.48193,63.67706],[-19.48292,63.67802]]}},{"type":"Feature","properties":{"id":"c9c13aedc1e7","name":"Dimmuborgir","length_mi":5.07,"country":"Iceland","state":null,"park":null,"park_type":null,"note":"","source":"OpenStreetMap","osm_id":"6227765","osm_ids":[],"created_at":"2025-12-22T16:12:31.871577"},"geometry":{"type":"LineString","coordinates":[[-16.91204,65.59101],[-16.91196,65.59121],[-16.91257,65.59138],[-16.91082,65.591],[-16.91122,65.59115],[-16.9119,65.59097],[-16.91204,65.59101],[-16.90992,65.59111],[-16.91082,65.591],[-16.90992,65.59111],[-16.909,65.59052],[-16.90992,65.59111],[-16.909,65.59052],[-16.90765,65.59103],[-16.90912,65.59126],[-16.90956,65.59125],[-16.90992,65.59111],[-16.90584,65.59017],[-16.90623,65.59042],[-16.90637,65.59071],[-16.90765,65.59103],[-16.90584,65.59017],[-16.9044,65.59023],[-16.90389,65.59053],[-16.9036,65.5909],[-16.90301,65.591],[-16.90268,65.59144],[-16.90129,65.59149],[-16.90053,65.59181],[-16.8997,65.59185],[-16.89956,65.5922],[-16.89883,65.59241],[-16.89853,65.5927],[-16.89779,65.59295],[-16.89766,65.59308],[-16.89794,65.59322],[-16.89761,65.59351],[-16.8977,65.594],[-16.89731,65.59467],[-16.89697,65.59491],[-16.89759,65.59554],[-16.89734,65.5957],[-16.89739,65.59596],[-16.89622,65.59631],[-16.89629,65.59644],[-16.89587,65.59661],[-16.89576,65.5968],[-16.89463,65.59738],[-16.89201,65.59809],[-16.88841,65.59925],[-16.88808,65.59928],[-16.88541,65.59876],[-16.89529,65.59696],[-16.89463,65.59738],[-16.89201,65.59809],[-16.88841,65.59925],[-16.88808,65.59928],[-16.88541,65.59876],[-16.90287,65.59128],[-16.90268,65.59144],[-16.90129,65.59149],[-16.90053,65.59181],[-16.8997,65.59185],[-16.89956,65.5922],[-16.89883,65.59241],[-16.89853,65.5927],[-16.89779,65.59295],[-16.89766,65.59308],[-16.89794,65.59322],[-16.89761,65.59351],[-16.8977,65.594],[-16.89731,65.59467],[-16.89697,65.59491],[-16.89759,65.59554],[-16.89734,65.5957],[-16.89739,65.59596],[-16.89622,65.59631],[-16.89629,65.59644],[-16.89587,65.59661],[-16.89568,65.59685],[-16.89529,65.59696],[-16.90333,65.59094],[-16.90301,65.591],[-16.90287,65.59128],[-16.90416,65.59035],[-16.9036,65.5909],[-16.90333,65.59094],[-16.90473,65.59015],[-16.9044,65.59023],[-16.90416,65.59035],[-16.9051,65.59015],[-16.90473,65.59015],[-16.90584,65.59017],[-16.9051,65.59015],[-16.90158,65.58667],[-16.90126,65.58689],[-16.90125,65.58742],[-16.90254,65.58782],[-16.90391,65.58792],[-16.90419,65.58808],[-16.90424,65.58838],[-16.90448,65.58867],[-16.90436,65.58881],[-16.90451,65.58908],[-16.90584,65.59017],[-16.90168,65.58577],[-16.90212,65.58606],[-16.90155,65.5863],[-16.90169,65.58645],[-16.90158,65.58667],[-16.90191,65.58573],[-16.90168,65.58577],[-16.90223,65.58577],[-16.90238,65.58564],[-16.90231,65.58554],[-16.90209,65.58553],[-16.90191,65.58573],[-16.90633,65.58559],[-16.90608,65.58566],[-16.90592,65.58592],[-16.9055,65.58601],[-16.90472,65.5859],[-16.90432,65.58601],[-16.90345,65.58581],[-16.90285,65.58588],[-16.90223,65.58577],[-16.91442,65.58899],[-16.91428,65.58888],[-16.91462,65.5887],[-16.91378,65.58791],[-16.91146,65.58735],[-16.91106,65.58697],[-16.91066,65.58687],[-16.91021,65.58624],[-16.91091,65.58589],[-16.91092,65.58581],[-16.91065,65.58566],[-16.90986,65.58542],[-16.90805,65.58573],[-16.90633,65.58559],[-16.91318,65.59012],[-16.91406,65.58979],[-16.91408,65.58955],[-16.91427,65.58945],[-16.9143,65.58912],[-16.91442,65.58899],[-16.91204,65.59101],[-16.91422,65.59104],[-16.91451,65.59123],[-16.91493,65.59129],[-16.91467,65.59113],[-16.91466,65.59086],[-16.91318,65.59012],[-16.91196,65.59111],[-16.91196,65.59121],[-16.91257,65.59138],[-16.88541,65.59876],[-16.88312,65.59854],[-16.88123,65.59869],[-16.87972,65.59959],[-16.87958,65.59981],[-16.87937,65.59991],[-16.87942,65.59996],[-16.8792,65.60007],[-16.87926,65.60017],[-16.8791,65.60017],[-16.87913,65.60026],[-16.87901,65.60025],[-16.87906,65.60034],[-16.87883,65.60034],[-16.87884,65.60055],[-16.87809,65.60064],[-16.8781,65.60098],[-16.87607,65.60071],[-16.87483,65.6004],[-16.8739,65.60005],[-16.87221,65.59977],[-16.87107,65.59977],[-16.8781,65.60098],[-16.87607,65.60071],[-16.87483,65.6004],[-16.8739,65.60005],[-16.87221,65.59977],[-16.87107,65.59977],[-16.88092,65.59883],[-16.87972,65.59959],[-16.87958,65.59981],[-16.87937,65.59991],[-16.87942,65.59996],[-16.8792,65.60007],[-16.87926,65.60017],[-16.8791,65.60017],[-16.87913,65.60026],[-16.87901,65.60025],[-16.87906,65.60034],[-16.87883,65.60034],[-16.87884,65.60055],[-16.87809,65.60064],[-16.8781,65.60098],[-16.88541,65.59876],[-16.88312,65.59854],[-16.88123,65.59869],[-16.88092,65.59883],[-16.91318,65.59012],[-16.91122,65.59033],[-16.91106,65.59047],[-16.91114,65.5907],[-16.91093,65.59079],[-16.91109,65.59091],[-16.91082,65.591]]}},{"type":"Feature","properties":{"id":"1229f7780a2b","name":"Dynjandifoss","length_mi":0.47,"country":"Iceland","state":null,"park":null,"park_type":null,"note":"","source":"OpenStreetMap","osm_id":"6224397","osm_ids":[],"created_at":"2025-12-22T16:12:31.870578"},"geometry":{"type":"LineString","coordinates":[[-23.20642,65.73563],[-23.20796,65.73607],[-23.20861,65.73613],[-23.20907,65.73653],[-23.20137,65.73324],[-23.2021,65.73297],[-23.2031,65.73286],[-23.20293,65.73328],[-23.20442,65.73399],[-23.20433,65.73414],[-23.20444,65.73434],[-23.2043,65.73448],[-23.205,65.73501],[-23.20483,65.73518],[-23.20546,65.73527],[-23.20642,65.73563],[-23.20137,65.73324],[-23.20115,65.73269],[-23.20051,65.73261]]}},{"type":"Feature","properties":{"id":"ecbefca2c1d2","name":"Educational Path","length_mi":8.61,"country":"Iceland","state":null,"park":null,"park_type":null,"note":"","source":"OpenStreetMap","osm_id":"16192539","osm_ids":[],"created_at":"2025-12-22T16:12:31.872577"},"geometry":{"type":"LineString","coordinates":[[-21.27505,64.10582],[-21.27546,64.10551],[-21.27564,64.10508],[-21.27599,64.10478],[-21.27604,64.10458],[-21.27632,64.10441],[-21.27654,64.10398],[-21.27691,64.1037],[-21.2771,64.10336],[-21.27345,64.09646],[-21.2738,64.09634],[-21.27405,64.09637],[-21.27537,64.09674],[-21.27519,64.09718],[-21.27528,64.09753],[-21.27573,64.09794],[-21.27702,64.0986],[-21.27734,64.09898],[-21.27733,64.09989],[-21.27665,64.10089],[-21.27725,64.10229],[-21.27702,64.10324],[-21.27322,64.09637],[-21.27345,64.09646],[-21.27399,64.09464],[-21.27435,64.09461],[-21.27558,64.09492],[-21.2756,64.09523],[-21.27373,64.09599],[-21.27322,64.09637],[-21.27386,64.09466],[-21.27399,64.09464],[-21.269,64.09281],[-21.26914,64.09288],[-21.2689,64.09342],[-21.26954,64.09333],[-21.27031,64.0938],[-21.27034,64.09446],[-21.27015,64.09466],[-21.27068,64.0948],[-21.27051,64.09502],[-21.2705,64.09524],[-21.27137,64.09556],[-21.27209,64.09555],[-21.27238,64.09542],[-21.27297,64.09478],[-21.2737,64.09478],[-21.27386,64.09466],[-21.26878,64.0929],[-21.269,64.09281],[-21.25806,64.09695],[-21.25782,64.09695],[-21.25749,64.09671],[-21.25802,64.09654],[-21.25849,64.09667],[-21.25869,64.09648],[-21.25907,64.09651],[-21.25921,64.09624],[-21.25981,64.09588],[-21.25993,64.09563],[-21.25972,64.09529],[-21.25969,64.09494],[-21.2601,64.09392],[-21.26044,64.09376],[-21.26032,64.09367],[-21.26052,64.09359],[-21.26049,64.0934],[-21.26197,64.09256],[-21.26415,64.09204],[-21.2647,64.09227],[-21.26656,64.0918],[-21.26724,64.09184],[-21.26773,64.09144],[-21.26783,64.09148],[-21.26783,64.09172],[-21.26743,64.09206],[-21.26736,64.09243],[-21.26753,64.09258],[-21.26878,64.0929],[-21.2585,64.09746],[-21.25806,64.09695],[-21.25409,64.10433],[-21.25515,64.10067],[-21.25505,64.10035],[-21.25522,64.10011],[-21.25798,64.09837],[-21.2585,64.09746],[-21.24358,64.11247],[-21.24439,64.11178],[-21.24453,64.11143],[-21.2448,64.11123],[-21.24505,64.11075],[-21.24625,64.11019],[-21.24669,64.10923],[-21.24772,64.10822],[-21.2481,64.10754],[-21.24836,64.10738],[-21.24893,64.1073],[-21.24892,64.10715],[-21.24915,64.10694],[-21.25041,64.1064],[-21.25039,64.10617],[-21.25076,64.10607],[-21.25081,64.10589],[-21.25127,64.10555],[-21.25176,64.10537],[-21.25195,64.10506],[-21.25282,64.10478],[-21.25323,64.1045],[-21.25409,64.10433],[-21.24288,64.11376],[-21.24299,64.11368],[-21.24312,64.1131],[-21.24358,64.11247],[-21.24531,64.11447],[-21.24397,64.114],[-21.24288,64.11376],[-21.24531,64.11447],[-21.24738,64.11325],[-21.25262,64.11469],[-21.25331,64.11504],[-21.25366,64.11547],[-21.25361,64.11679],[-21.25335,64.11698],[-21.25377,64.11699],[-21.25364,64.11686],[-21.25334,64.11695],[-21.2558,64.11721],[-21.25533,64.11744],[-21.25374,64.11701],[-21.27035,64.10903],[-21.27004,64.10913],[-21.26979,64.10943],[-21.2688,64.10961],[-21.26836,64.10982],[-21.26838,64.10997],[-21.26803,64.11019],[-21.26816,64.11038],[-21.26796,64.1106],[-21.26791,64.11101],[-21.26753,64.1114],[-21.2661,64.1121],[-21.26548,64.11254],[-21.26499,64.11358],[-21.26404,64.11387],[-21.26384,64.11409],[-21.26241,64.11465],[-21.2623,64.11484],[-21.26168,64.11521],[-21.2605,64.11561],[-21.25957,64.11607],[-21.25836,64.11631],[-21.25823,64.11644],[-21.25834,64.11662],[-21.25811,64.1168],[-21.25807,64.11719],[-21.25796,64.11727],[-21.2558,64.11721],[-21.27132,64.10847],[-21.27123,64.10836],[-21.2714,64.10824],[-21.26967,64.10645],[-21.26944,64.10657],[-21.26935,64.10679],[-21.26953,64.10717],[-21.26952,64.10755],[-21.26977,64.10778],[-21.26945,64.10814],[-21.26974,64.10818],[-21.27012,64.10799],[-21.2714,64.10824],[-21.27623,64.10611],[-21.27489,64.10581],[-21.27376,64.10589],[-21.27171,64.10644],[-21.27041,64.10626],[-21.26967,64.10645],[-21.29642,64.11372],[-21.29611,64.1136],[-21.29642,64.11372],[-21.29495,64.11472],[-21.29432,64.11479],[-21.29394,64.11425],[-21.29415,64.11408],[-21.29368,64.11369],[-21.29226,64.11362],[-21.2914,64.11438],[-21.29042,64.11471],[-21.28983,64.11475],[-21.28643,64.11634],[-21.28572,64.11595],[-21.28443,64.11579],[-21.28327,64.11627],[-21.28307,64.11603],[-21.28172,64.1157],[-21.28183,64.11525],[-21.28168,64.11458],[-21.28097,64.11437],[-21.28095,64.11384],[-21.28074,64.11363],[-21.28103,64.11307],[-21.28074,64.11284],[-21.28094,64.11262],[-21.28072,64.11253],[-21.2812,64.11232],[-21.2816,64.11193],[-21.28196,64.11189],[-21.28329,64.11116],[-21.28336,64.11107],[-21.2833,64.1109],[-21.28302,64.11069],[-21.28309,64.11047],[-21.28424,64.11018],[-21.28552,64.11015],[-21.28486,64.11018],[-21.28414,64.1091],[-21.2852,64.10956],[-21.2855,64.1099],[-21.28552,64.11015],[-21.28787,64.10523],[-21.28526,64.10758],[-21.28498,64.10827],[-21.28414,64.1091],[-21.28787,64.10523],[-21.28915,64.10478],[-21.29031,64.10422],[-21.29143,64.10393],[-21.29216,64.1036],[-21.29316,64.10308],[-21.29415,64.10226],[-21.29455,64.10208],[-21.29538,64.10202],[-21.29558,64.10234],[-21.29473,64.10341],[-21.29432,64.10446],[-21.29445,64.10512],[-21.29489,64.10552],[-21.29765,64.1068],[-21.29868,64.10792],[-21.29909,64.10817],[-21.29906,64.10904],[-21.2995,64.10977],[-21.29907,64.11003],[-21.29906,64.11029],[-21.29864,64.11093],[-21.29668,64.11258],[-21.29611,64.1136],[-21.27691,64.1037],[-21.28096,64.10397],[-21.28349,64.10439],[-21.28404,64.1046],[-21.28509,64.10469],[-21.28526,64.10484],[-21.28674,64.10424],[-21.28698,64.10477],[-21.28719,64.10477],[-21.2879,64.1043],[-21.28822,64.10438],[-21.28822,64.10477],[-21.28787,64.10523]]}},{"type":"Feature","properties":{"id":"e43037cb688b","name":"Eldborg","length_mi":3.72,"country":"Iceland","state":null,"park":null,"park_type":null,"note":"","source":"OpenStreetMap","osm_id":"6126237","osm_ids":[],"created_at":"2025-12-22T16:12:31.869577"},"geometry":{"type":"LineString","coordinates":[[-22.30367,64.77412],[-22.30468,64.77487],[-22.30419,64.77523],[-22.30328,64.77657],[-22.30331,64.77689],[-22.30351,64.77717],[-22.30348,64.77747],[-22.30191,64.77871],[-22.30178,64.77892],[-22.29983,64.78018],[-22.29933,64.78072],[-22.29923,64.78117],[-22.29928,64.78161],[-22.29961,64.78191],[-22.29935,64.78244],[-22.29936,64.78339],[-22.29907,64.78355],[-22.29949,64.78384],[-22.29946,64.78401],[-22.29987,64.78436],[-22.29983,64.78449],[-22.29997,64.78455],[-22.30048,64.78536],[-22.30298,64.78725],[-22.30455,64.78792],[-22.30566,64.78814],[-22.30638,64.78862],[-22.30808,64.78949],[-22.30862,64.79003],[-22.30863,64.79018],[-22.30801,64.79096],[-22.30872,64.79113],[-22.30942,64.79144],[-22.30954,64.79162],[-22.31188,64.79246],[-22.31232,64.79283],[-22.31274,64.79291],[-22.31349,64.79282],[-22.31364,64.79297],[-22.31508,64.7932],[-22.31536,64.79335],[-22.31541,64.79357],[-22.31566,64.79366],[-22.31563,64.79393],[-22.31683,64.7943],[-22.31695,64.79451],[-22.3174,64.79484],[-22.31792,64.79493],[-22.31858,64.79528],[-22.32036,64.79556],[-22.30367,64.77412],[-22.30468,64.77487],[-22.30419,64.77523],[-22.30328,64.77657],[-22.30331,64.77689],[-22.30351,64.77717],[-22.30348,64.77747],[-22.30191,64.77871],[-22.30178,64.77892],[-22.29983,64.78018],[-22.29933,64.78072],[-22.29923,64.78117],[-22.29928,64.78161],[-22.29961,64.78191],[-22.29935,64.78244],[-22.29936,64.78339],[-22.29907,64.78355],[-22.29949,64.78384],[-22.29946,64.78401],[-22.29987,64.78436],[-22.29983,64.78449],[-22.29997,64.78455],[-22.30048,64.78536],[-22.30298,64.78725],[-22.30455,64.78792],[-22.30566,64.78814],[-22.30638,64.78862],[-22.30808,64.78949],[-22.30862,64.79003],[-22.30863,64.79018],[-22.30801,64.79096],[-22.30872,64.79113],[-22.30942,64.79144],[-22.30954,64.79162],[-22.31188,64.79246],[-22.31232,64.79283],[-22.31274,64.79291],[-22.31349,64.79282],[-22.31364,64.79297],[-22.31508,64.7932],[-22.31536,64.79335],[-22.31541,64.79357],[-22.31566,64.79366],[-22.31563,64.79393],[-22.31683,64.7943],[-22.31695,64.79451],[-22.3174,64.79484],[-22.31792,64.79493],[-22.31858,64.79528],[-22.32036,64.79556]]}},{"type":"Feature","properties":{"id":"34cf1e3e7155","name":"F208-Grænihryggur","length_mi":4.75,"country":"Iceland","state":null,"park":null,"park_type":null,"note":"","source":"OpenStreetMap","osm_id":"16189784","osm_ids":[],"created_at":"2025-12-22T16:12:31.872577"},"geometry":{"type":"LineString","coordinates":[[-18.96753,63.98522],[-18.96799,63.98433],[-18.96763,63.98325],[-18.96734,63.98306],[-18.96724,63.9828],[-18.96665,63.98245],[-18.96592,63.98228],[-18.96527,63.98188],[-18.96489,63.98131],[-18.96336,63.98018],[-18.96262,63.98],[-18.96201,63.97963],[-18.96045,63.97915],[-18.96006,63.97887],[-18.95948,63.97876],[-18.95921,63.97854],[-18.9596,63.97842],[-18.95909,63.97833],[-18.95867,63.97791],[-18.95879,63.97735],[-18.95912,63.97694],[-18.95999,63.97648],[-18.96013,63.97548],[-18.96209,63.97465],[-18.96238,63.97438],[-18.96285,63.97349],[-18.96311,63.9733],[-18.96311,63.97312],[-18.96382,63.97232],[-18.96536,63.97129],[-18.96538,63.97119],[-18.96499,63.97076],[-18.96509,63.97057],[-18.96571,63.97018],[-18.966,63.96962],[-18.96636,63.96933],[-18.96664,63.96887],[-18.96685,63.96879],[-18.96688,63.9686],[-18.96822,63.96781],[-18.96927,63.96677],[-18.96969,63.96614],[-18.97009,63.96507],[-18.96968,63.96444],[-18.9699,63.96411],[-18.96913,63.96373],[-18.96913,63.96346],[-18.96927,63.96323],[-18.9707,63.96248],[-18.97281,63.96167],[-18.97389,63.96106],[-18.97506,63.96018],[-18.97642,63.9597],[-18.97719,63.95929],[-18.97713,63.95903],[-18.97777,63.95854],[-18.97711,63.95797],[-18.97668,63.95784],[-18.97478,63.95646],[-18.97473,63.95625],[-18.97545,63.95593],[-18.97546,63.95569],[-18.97521,63.95522],[-18.97528,63.95505],[-18.97631,63.95476],[-18.97781,63.95367],[-18.98023,63.95284],[-18.98037,63.9529],[-18.98018,63.95271],[-18.98104,63.95225],[-18.98177,63.95125],[-18.98169,63.95102],[-18.98177,63.9509],[-18.98132,63.95061],[-18.98145,63.95052],[-18.98144,63.95038],[-18.98174,63.95023],[-18.9819,63.9503],[-18.98207,63.94984],[-18.98304,63.94981],[-18.98332,63.94972],[-18.98326,63.94963],[-18.98345,63.94963],[-18.98332,63.94949],[-18.98384,63.94925],[-18.98378,63.9488],[-18.98485,63.94825],[-18.98496,63.94809],[-18.9848,63.94792],[-18.98518,63.9478],[-18.98566,63.94731],[-18.98713,63.94651],[-18.9871,63.94633],[-18.98721,63.94627],[-18.98705,63.94605],[-18.98734,63.94607],[-18.9872,63.9458],[-18.98725,63.94568],[-18.98753,63.94553],[-18.98795,63.94487],[-18.98863,63.94453],[-18.99027,63.94432],[-18.99118,63.94388],[-18.99254,63.94353],[-18.9931,63.94301],[-18.99378,63.94192],[-18.99471,63.94147],[-18.99422,63.93989],[-18.99218,63.9392],[-18.99091,63.93804],[-18.99088,63.93742],[-18.99043,63.93696],[-18.9905,63.9359],[-18.99089,63.93572],[-18.99249,63.93577],[-18.99391,63.93608],[-18.99466,63.93583],[-18.99569,63.93515],[-18.99675,63.935],[-18.99806,63.93465],[-18.99942,63.9349],[-19.00006,63.93526],[-19.00115,63.9356],[-19.00187,63.93575],[-19.00273,63.93573],[-19.00441,63.93709],[-19.00422,63.93704],[-19.0042,63.93671],[-19.0043,63.93662],[-19.00366,63.93619],[-19.00297,63.93603],[-19.00273,63.93573]]}},{"type":"Feature","properties":{"id":"e404e9503ef8","name":"Felseninsel Eyjan","length_mi":3.02,"country":"Iceland","state":null,"park":null,"park_type":null,"note":"","source":"OpenStreetMap","osm_id":"6227854","osm_ids":[],"created_at":"2025-12-22T16:12:31.871577"},"geometry":{"type":"LineString","coordinates":[[-16.49602,66.02608],[-16.49841,66.02594],[-16.49925,66.02601],[-16.49921,66.02705],[-16.49931,66.02757],[-16.49915,66.02849],[-16.49928,66.02863],[-16.49916,66.02869],[-16.49945,66.02877],[-16.49947,66.02851],[-16.49968,66.02823],[-16.49969,66.02693],[-16.49996,66.02657],[-16.49999,66.02634],[-16.49984,66.02544],[-16.49989,66.02499],[-16.49999,66.02477],[-16.50033,66.02471],[-16.5005,66.0245],[-16.50051,66.02435],[-16.50022,66.02395],[-16.50019,66.02352],[-16.5005,66.0227],[-16.50046,66.02211],[-16.50072,66.02169],[-16.5004,66.02078],[-16.50054,66.02041],[-16.50034,66.01976],[-16.50039,66.0192],[-16.5003,66.01899],[-16.50073,66.01792],[-16.50136,66.01702],[-16.50129,66.01688],[-16.50153,66.01637],[-16.50237,66.01566],[-16.5024,66.01536],[-16.50226,66.01522],[-16.50156,66.01503],[-16.5018,66.01467],[-16.50175,66.01444],[-16.50229,66.01399],[-16.50326,66.01343],[-16.50424,66.01303],[-16.50471,66.01238],[-16.50478,66.0124],[-16.50502,66.01259],[-16.50499,66.01272],[-16.50516,66.01275],[-16.5051,66.01297],[-16.50578,66.01359],[-16.50513,66.01438],[-16.50463,66.01461],[-16.50469,66.01481],[-16.50398,66.01548],[-16.50235,66.01569],[-16.49934,66.02875],[-16.49945,66.02877],[-16.49947,66.02851],[-16.49968,66.02823],[-16.49969,66.02693],[-16.49996,66.02657],[-16.49999,66.02634],[-16.49984,66.02544],[-16.49989,66.02499],[-16.49999,66.02477],[-16.50033,66.02471],[-16.5005,66.0245],[-16.50051,66.02435],[-16.50022,66.02395],[-16.50019,66.02352],[-16.5005,66.0227],[-16.50046,66.02211],[-16.50072,66.02169],[-16.5004,66.02078],[-16.50054,66.02041],[-16.50034,66.01976],[-16.50039,66.0192],[-16.5003,66.01899],[-16.50073,66.01792],[-16.50136,66.01702],[-16.50129,66.01688],[-16.50153,66.01637],[-16.50235,66.01569],[-16.49934,66.02875],[-16.49918,66.02872],[-16.4993,66.02875],[-16.49602,66.02608],[-16.49841,66.02594],[-16.49925,66.02601],[-16.49921,66.02705],[-16.49931,66.02757],[-16.49916,66.02836],[-16.49928,66.02863],[-16.49918,66.02872]]}},{"type":"Feature","properties":{"id":"6dee8e892755","name":"Fimmvörðuháls","length_mi":14.33,"country":"Iceland","state":null,"park":null,"park_type":null,"note":"","source":"OpenStreetMap","osm_id":"396940","osm_ids":[],"created_at":"2025-12-22T16:12:31.868577"},"geometry":{"type":"LineString","coordinates":[[-19.48223,63.67792],[-19.48262,63.67793],[-19.48033,63.67793],[-19.48088,63.67798],[-19.46961,63.67556],[-19.47123,63.67608],[-19.47369,63.67712],[-19.47433,63.67727],[-19.47622,63.67743],[-19.47698,63.67735],[-19.47844,63.67781],[-19.48033,63.67793],[-19.46944,63.67557],[-19.46961,63.67556],[-19.46874,63.67653],[-19.46912,63.67616],[-19.46926,63.67596],[-19.46929,63.67563],[-19.46944,63.67557],[-19.45471,63.67504],[-19.45463,63.67515],[-19.45506,63.67555],[-19.45605,63.67578],[-19.45812,63.67605],[-19.45986,63.67574],[-19.46085,63.67605],[-19.46242,63.6759],[-19.46303,63.67574],[-19.46327,63.67604],[-19.46387,63.67615],[-19.46588,63.67614],[-19.46717,63.6764],[-19.46874,63.67653],[-19.45424,63.67512],[-19.45471,63.67504],[-19.44218,63.67154],[-19.44389,63.67137],[-19.44395,63.67163],[-19.44353,63.67179],[-19.44366,63.67215],[-19.44399,63.67228],[-19.44532,63.67242],[-19.44649,63.67298],[-19.44707,63.67312],[-19.44748,63.6734],[-19.44882,63.67355],[-19.44939,63.67394],[-19.45052,63.674],[-19.45276,63.67453],[-19.45424,63.67512],[-19.43123,63.64865],[-19.43068,63.6489],[-19.43054,63.64968],[-19.43033,63.64983],[-19.43034,63.64995],[-19.42998,63.65026],[-19.4297,63.65073],[-19.42733,63.6557],[-19.42733,63.65592],[-19.42655,63.65691],[-19.42579,63.65818],[-19.4255,63.65844],[-19.42562,63.65856],[-19.42554,63.65871],[-19.42561,63.65923],[-19.42549,63.6593],[-19.42613,63.6594],[-19.42572,63.6595],[-19.4255,63.65969],[-19.42535,63.66002],[-19.42551,63.66035],[-19.42541,63.66062],[-19.42553,63.66111],[-19.42607,63.66208],[-19.42626,63.66224],[-19.42626,63.66251],[-19.42654,63.6629],[-19.42651,63.66302],[-19.42764,63.66356],[-19.42778,63.66386],[-19.42771,63.66418],[-19.4272,63.66445],[-19.42723,63.66507],[-19.42705,63.6652],[-19.42701,63.66578],[-19.42758,63.66585],[-19.42832,63.66613],[-19.42845,63.66629],[-19.42838,63.66658],[-19.42853,63.66728],[-19.42836,63.66783],[-19.42881,63.66799],[-19.43058,63.66941],[-19.43116,63.66968],[-19.43328,63.67028],[-19.43877,63.67126],[-19.44025,63.67162],[-19.44145,63.67165],[-19.44195,63.67186],[-19.44223,63.67175],[-19.43247,63.64798],[-19.43268,63.64805],[-19.43123,63.64865],[-19.44096,63.64006],[-19.43997,63.64007],[-19.43809,63.6408],[-19.43811,63.64095],[-19.4384,63.64122],[-19.43919,63.6418],[-19.43909,63.64284],[-19.4376,63.64382],[-19.43766,63.64419],[-19.43733,63.64435],[-19.43722,63.64477],[-19.43696,63.64502],[-19.43662,63.64514],[-19.43688,63.64559],[-19.43637,63.64625],[-19.43613,63.64632],[-19.43611,63.64645],[-19.43414,63.64745],[-19.43377,63.64748],[-19.43247,63.64798],[-19.44292,63.61388],[-19.44307,63.61429],[-19.44299,63.61515],[-19.4426,63.61594],[-19.44257,63.61642],[-19.44267,63.61681],[-19.44212,63.61748],[-19.44156,63.6202],[-19.4417,63.62036],[-19.44064,63.62114],[-19.44071,63.62155],[-19.43983,63.62253],[-19.43987,63.62274],[-19.44033,63.6229],[-19.44045,63.62309],[-19.44066,63.6244],[-19.44115,63.62582],[-19.44146,63.62614],[-19.44274,63.62701],[-19.44311,63.6274],[-19.44303,63.62776],[-19.43887,63.63096],[-19.43837,63.632],[-19.43866,63.63381],[-19.44212,63.6339],[-19.44244,63.63402],[-19.4431,63.63461],[-19.44326,63.63498],[-19.44268,63.63581],[-19.4429,63.6365],[-19.4428,63.63663],[-19.44298,63.63688],[-19.4422,63.63729],[-19.44205,63.63753],[-19.44231,63.63785],[-19.44205,63.63817],[-19.4425,63.63844],[-19.44286,63.61373],[-19.44292,63.61388],[-19.44094,63.61097],[-19.44129,63.61136],[-19.44123,63.6118],[-19.44161,63.61236],[-19.44276,63.61347],[-19.44286,63.61373],[-19.4471,63.57838],[-19.44733,63.57887],[-19.44647,63.58004],[-19.44628,63.5805],[-19.44568,63.58092],[-19.44157,63.58259],[-19.44124,63.58292],[-19.44062,63.58312],[-19.43928,63.58348],[-19.43748,63.58355],[-19.43659,63.58451],[-19.43612,63.58555],[-19.43527,63.5865],[-19.43396,63.5877],[-19.4337,63.58811],[-19.43365,63.58844],[-19.43395,63.58907],[-19.43337,63.58941],[-19.43295,63.59031],[-19.43306,63.59058],[-19.43391,63.59152],[-19.43346,63.59192],[-19.43371,63.59228],[-19.43385,63.59285],[-19.43365,63.59348],[-19.43504,63.59453],[-19.43569,63.59483],[-19.43572,63.59495],[-19.43517,63.59586],[-19.43483,63.59611],[-19.43511,63.59634],[-19.43507,63.59664],[-19.43426,63.59705],[-19.43417,63.59774],[-19.43458,63.59853],[-19.43462,63.59919],[-19.43482,63.59959],[-19.43535,63.59998],[-19.43609,63.60018],[-19.43486,63.60167],[-19.43485,63.60187],[-19.43503,63.60228],[-19.43599,63.60268],[-19.43603,63.60288],[-19.43498,63.60376],[-19.43507,63.60438],[-19.43463,63.60483],[-19.4344,63.60533],[-19.43359,63.60581],[-19.47557,63.57099],[-19.47358,63.571],[-19.47064,63.57077],[-19.46871,63.5712],[-19.46796,63.57148],[-19.46732,63.57187],[-19.4628,63.57226],[-19.46184,63.57271],[-19.46102,63.57364],[-19.46077,63.57387],[-19.46048,63.57394],[-19.4596,63.57492],[-19.4566,63.57543],[-19.45574,63.57534],[-19.45463,63.57471],[-19.45407,63.5748],[-19.45352,63.57469],[-19.45278,63.57473],[-19.45143,63.57492],[-19.45091,63.57515],[-19.44964,63.57509],[-19.44906,63.57526],[-19.44682,63.57645],[-19.44657,63.5768],[-19.44663,63.57697],[-19.44719,63.57712],[-19.4474,63.5774],[-19.44733,63.57776],[-19.4471,63.57813],[-19.4471,63.57838],[-19.51181,63.53014],[-19.51154,63.5302],[-19.51122,63.53052],[-19.51048,63.5309],[-19.51043,63.53111],[-19.51054,63.53133],[-19.51001,63.53151],[-19.5105,63.53188],[-19.50957,63.53246],[-19.50866,63.53281],[-19.50713,63.53283],[-19.50642,63.53323],[-19.50515,63.5336],[-19.50501,63.53376],[-19.505,63.534],[-19.50469,63.53425],[-19.50474,63.53451],[-19.50436,63.53481],[-19.50448,63.53503],[-19.50354,63.53524],[-19.50324,63.53512],[-19.50195,63.53513],[-19.50087,63.53586],[-19.50072,63.53614],[-19.49981,63.53688],[-19.49999,63.53715],[-19.49978,63.53749],[-19.5009,63.538],[-19.50112,63.53827],[-19.50164,63.53845],[-19.50182,63.53865],[-19.50168,63.53893],[-19.50136,63.53909],[-19.50139,63.53925],[-19.50109,63.53931],[-19.50136,63.53954],[-19.50124,63.54],[-19.5009,63.54034],[-19.50043,63.54035],[-19.50016,63.5408],[-19.50013,63.54089],[-19.50041,63.54113],[-19.50028,63.54164],[-19.4998,63.5419],[-19.49944,63.5423],[-19.49936,63.54261],[-19.49902,63.54291],[-19.49922,63.54303],[-19.49918,63.54343],[-19.49978,63.54356],[-19.50054,63.54443],[-19.50085,63.54454],[-19.50099,63.54479],[-19.50002,63.54531],[-19.49995,63.54554],[-19.50029,63.54579],[-19.50003,63.54589],[-19.49964,63.54633],[-19.49865,63.54649],[-19.49806,63.54681],[-19.49791,63.54701],[-19.49746,63.54715],[-19.49725,63.5476],[-19.49654,63.54788],[-19.49609,63.54791],[-19.49447,63.54868],[-19.49454,63.54885],[-19.49405,63.549],[-19.49401,63.54917],[-19.49375,63.54933],[-19.4937,63.54974],[-19.49334,63.55003],[-19.49337,63.55023],[-19.49291,63.55035],[-19.49267,63.55058],[-19.49237,63.55128],[-19.49208,63.55156],[-19.49203,63.5519],[-19.49138,63.55274],[-19.49119,63.55332],[-19.49108,63.55388],[-19.49145,63.55412],[-19.49115,63.55461],[-19.49115,63.55499],[-19.4914,63.5552],[-19.49125,63.55562],[-19.49134,63.55594],[-19.49089,63.55651],[-19.49108,63.55676],[-19.49095,63.55711],[-19.49117,63.55733],[-19.49096,63.55763],[-19.49103,63.55774],[-19.49081,63.55787],[-19.49068,63.55858],[-19.49019,63.55928],[-19.49012,63.55963],[-19.48986,63.55987],[-19.48985,63.56005],[-19.48911,63.56037],[-19.48813,63.56059],[-19.48686,63.56174],[-19.48682,63.56198],[-19.48698,63.56217],[-19.48697,63.56232],[-19.48747,63.56272],[-19.48763,63.56307],[-19.48803,63.56342],[-19.48898,63.5641],[-19.48953,63.56406],[-19.49041,63.56462],[-19.49048,63.56485],[-19.49001,63.56506],[-19.49015,63.56537],[-19.48968,63.56589],[-19.48975,63.56611],[-19.48844,63.5665],[-19.48721,63.56717],[-19.48615,63.56757],[-19.48411,63.56806],[-19.48291,63.56859],[-19.48144,63.56878],[-19.48014,63.5691],[-19.47888,63.56987],[-19.47786,63.57016],[-19.47659,63.57087],[-19.47557,63.57099],[-19.43322,63.60615],[-19.43219,63.60658],[-19.43211,63.6067],[-19.43217,63.60703],[-19.4319,63.60734],[-19.43171,63.6084],[-19.43176,63.60883],[-19.43142,63.6092],[-19.43128,63.60966],[-19.43127,63.6101],[-19.43151,63.61063],[-19.43341,63.61087],[-19.43386,63.61125],[-19.43536,63.61116],[-19.4375,63.61121],[-19.43896,63.611],[-19.44094,63.61097]]}},{"type":"Feature","properties":{"id":"3314525473ad","name":"Fuglabjagarnes","length_mi":3.6,"country":"Iceland","state":null,"park":null,"park_type":null,"note":"","source":"OpenStreetMap","osm_id":"6227873","osm_ids":[],"created_at":"2025-12-22T16:12:31.871577"},"geometry":{"type":"LineString","coordinates":[[-14.75157,65.85818],[-14.74915,65.8578],[-14.7477,65.85763],[-14.74676,65.85764],[-14.74549,65.85741],[-14.74185,65.85713],[-14.73994,65.8572],[-14.73603,65.85634],[-14.73524,65.85598],[-14.73391,65.85559],[-14.73429,65.85489],[-14.73447,65.85405],[-14.73443,65.85358],[-14.73426,65.8531],[-14.73352,65.8528],[-14.73331,65.85262],[-14.73339,65.85233],[-14.73313,65.85053],[-14.73328,65.84972],[-14.73313,65.84934],[-14.73219,65.84873],[-14.7321,65.84835],[-14.73226,65.84785],[-14.73038,65.84697],[-14.72945,65.84681],[-14.72855,65.84679],[-14.7277,65.84693],[-14.72702,65.84724],[-14.7247,65.84718],[-14.72258,65.84677],[-14.72096,65.84693],[-14.72064,65.84688],[-14.72054,65.84656],[-14.7206,65.84585],[-14.72075,65.84553],[-14.72123,65.84531],[-14.725,65.84466],[-14.72597,65.84433],[-14.7261,65.84454],[-14.7266,65.84447],[-14.72662,65.84459],[-14.72727,65.84462],[-14.72754,65.84484],[-14.72865,65.84463],[-14.73011,65.84521],[-14.73073,65.84531],[-14.73168,65.84534],[-14.73203,65.84515],[-14.73261,65.84509],[-14.73272,65.84484],[-14.73253,65.84449],[-14.73294,65.84485],[-14.73376,65.84493],[-14.73696,65.84455],[-14.73786,65.84488],[-14.73733,65.84518],[-14.73706,65.84567],[-14.73524,65.8465],[-14.73485,65.84683],[-14.73366,65.8475],[-14.73226,65.84785],[-14.75157,65.85818],[-14.74915,65.8578],[-14.7477,65.85763],[-14.74676,65.85764],[-14.74549,65.85741],[-14.74185,65.85713],[-14.73994,65.8572],[-14.73603,65.85634],[-14.73524,65.85598],[-14.73391,65.85559],[-14.73429,65.85489],[-14.73447,65.85405],[-14.73443,65.85358],[-14.73426,65.8531],[-14.73352,65.8528],[-14.73331,65.85262],[-14.73339,65.85233],[-14.73313,65.85053],[-14.73328,65.84972],[-14.73313,65.84934],[-14.73219,65.84873],[-14.7321,65.84835],[-14.73226,65.84798]]}},{"type":"Feature","properties":{"id":"a71840bc6ea5","name":"Gestagata","length_mi":0.26,"country":"Iceland","state":null,"park":null,"park_type":null,"note":"","source":"OpenStreetMap","osm_id":"7309313","osm_ids":[],"created_at":"2025-12-22T16:12:31.871577"},"geometry":{"type":"LineString","coordinates":[[-16.5133,66.00017],[-16.51158,66.0004],[-16.51069,66.00015],[-16.50952,66.00059],[-16.51132,66.00093],[-16.51185,66.00125],[-16.5127,66.00136],[-16.51283,66.00156]]}},{"type":"Feature","properties":{"id":"265cd9ab536e","name":"Glymur","length_mi":3.97,"country":"Iceland","state":null,"park":null,"park_type":null,"note":"","source":"OpenStreetMap","osm_id":"6125533","osm_ids":[],"created_at":"2025-12-22T16:12:31.869577"},"geometry":{"type":"LineString","coordinates":[[-21.29305,64.38502],[-21.29082,64.38487],[-21.28906,64.38521],[-21.28829,64.38524],[-21.28658,64.38482],[-21.28458,64.3845],[-21.28203,64.38462],[-21.27861,64.38442],[-21.27575,64.3839],[-21.27523,64.3837],[-21.27355,64.3835],[-21.27162,64.38352],[-21.27003,64.38292],[-21.26957,64.38246],[-21.2691,64.38266],[-21.26676,64.38308],[-21.26605,64.38312],[-21.26549,64.38303],[-21.26401,64.38363],[-21.26357,64.38352],[-21.26329,64.38389],[-21.26258,64.38448],[-21.26207,64.38472],[-21.26193,64.38492],[-21.2599,64.38549],[-21.25967,64.38563],[-21.25971,64.38569],[-21.25816,64.38622],[-21.25835,64.3864],[-21.25829,64.38652],[-21.25807,64.38665],[-21.25768,64.38663],[-21.25745,64.38688],[-21.25681,64.38715],[-21.25677,64.38726],[-21.25567,64.38722],[-21.25508,64.3874],[-21.25486,64.38766],[-21.25505,64.38792],[-21.2537,64.38786],[-21.25383,64.38821],[-21.25314,64.38871],[-21.25323,64.38901],[-21.25253,64.38947],[-21.25201,64.38945],[-21.25154,64.38961],[-21.25102,64.3903],[-21.251,64.39072],[-21.2505,64.39133],[-21.24962,64.39171],[-21.24866,64.39237],[-21.24763,64.39268],[-21.24788,64.39296],[-21.24814,64.393],[-21.25041,64.39228],[-21.25095,64.39198],[-21.25194,64.39182],[-21.25438,64.39109],[-21.25516,64.39066],[-21.25543,64.39063],[-21.25835,64.39084],[-21.26069,64.39151],[-21.26246,64.39143],[-21.26347,64.39167],[-21.26512,64.39239],[-21.2669,64.39274],[-21.26789,64.39258],[-21.26838,64.39238],[-21.26911,64.39233],[-21.26941,64.39244],[-21.27035,64.39249],[-21.2712,64.39284],[-21.27165,64.3928],[-21.27182,64.39275],[-21.2719,64.39255],[-21.27256,64.39261],[-21.27264,64.39255],[-21.27259,64.39236],[-21.27322,64.39209],[-21.27303,64.39158],[-21.27297,64.39101],[-21.27308,64.39096],[-21.27569,64.39101],[-21.27666,64.39067],[-21.2769,64.39007],[-21.27742,64.38984],[-21.27978,64.38972],[-21.28136,64.38992],[-21.28247,64.38979],[-21.28298,64.38959],[-21.28438,64.38954],[-21.28453,64.38944],[-21.28497,64.38848],[-21.28464,64.38821],[-21.28397,64.38793],[-21.28524,64.38752],[-21.28306,64.38725],[-21.28287,64.38707],[-21.28333,64.38684],[-21.2839,64.38675],[-21.28687,64.38678],[-21.28758,64.38646],[-21.2857,64.386],[-21.28556,64.3858],[-21.28638,64.38555],[-21.28831,64.38539],[-21.28888,64.38522]]}},{"type":"Feature","properties":{"id":"7a50c08a2ae4","name":"Glérá","length_mi":6.51,"country":"Iceland","state":null,"park":null,"park_type":null,"note":"","source":"OpenStreetMap","osm_id":"16276803","osm_ids":[],"created_at":"2025-12-22T16:12:31.873577"},"geometry":{"type":"LineString","coordinates":[[-18.17334,65.65259],[-18.17205,65.65278],[-18.17444,65.6521],[-18.17398,65.65235],[-18.17334,65.65259],[-18.20351,65.63922],[-18.20338,65.63932],[-18.20318,65.63996],[-18.20226,65.6403],[-18.20212,65.6408],[-18.20138,65.64137],[-18.20091,65.64168],[-18.19981,65.64201],[-18.19906,65.64291],[-18.19732,65.64389],[-18.19695,65.64398],[-18.19663,65.64433],[-18.19618,65.64459],[-18.1949,65.64514],[-18.19431,65.64517],[-18.19353,65.64568],[-18.19329,65.64605],[-18.19272,65.64627],[-18.19257,65.64655],[-18.19225,65.64672],[-18.18983,65.64758],[-18.18427,65.64903],[-18.18317,65.64965],[-18.18233,65.64989],[-18.18176,65.6502],[-18.1793,65.65093],[-18.17882,65.6512],[-18.17656,65.65151],[-18.17444,65.6521],[-18.20421,65.63899],[-18.20448,65.63852],[-18.20505,65.63792],[-18.20554,65.63783],[-18.20596,65.63747],[-18.20699,65.63733],[-18.20819,65.637],[-18.20872,65.63661],[-18.20958,65.63633],[-18.21054,65.63669],[-18.18399,65.65546],[-18.18466,65.65522],[-18.18604,65.65514],[-18.18798,65.65415],[-18.18849,65.65398],[-18.19214,65.65406],[-18.1923,65.65397],[-18.19227,65.65379],[-18.19038,65.65214],[-18.19037,65.65187],[-18.19095,65.65158],[-18.19559,65.65003],[-18.2004,65.64907],[-18.20075,65.64892],[-18.20158,65.64825],[-18.20262,65.64775],[-18.20273,65.64739],[-18.20331,65.64706],[-18.20398,65.64585],[-18.20573,65.64333],[-18.20654,65.64247],[-18.20681,65.6417],[-18.20674,65.64128],[-18.20694,65.64097],[-18.20823,65.63997],[-18.21009,65.63785],[-18.21027,65.63689],[-18.17838,65.66082],[-18.17889,65.66061],[-18.17934,65.65986],[-18.17999,65.65929],[-18.18024,65.65815],[-18.18343,65.65617],[-18.18399,65.65546],[-18.17366,65.6637],[-18.17356,65.66325],[-18.17364,65.6631],[-18.17436,65.6626],[-18.17476,65.66182],[-18.17592,65.66142],[-18.1765,65.66086],[-18.17691,65.66075],[-18.17838,65.66082],[-18.17366,65.6637],[-18.17354,65.66423],[-18.17337,65.66443],[-18.17245,65.66504],[-18.17196,65.66551],[-18.1705,65.66585],[-18.16976,65.66622],[-18.16908,65.66634],[-18.16745,65.66617],[-18.16614,65.66641],[-18.16526,65.66607],[-18.16315,65.66578],[-18.16249,65.66582],[-18.16221,65.66594],[-18.16155,65.66656],[-18.16049,65.66706],[-18.15864,65.66748],[-18.15808,65.66779],[-18.15797,65.66791],[-18.15805,65.66837],[-18.15789,65.66878],[-18.15807,65.66894],[-18.15737,65.66963],[-18.15257,65.67133],[-18.15217,65.67152],[-18.15184,65.67183],[-18.15079,65.67219],[-18.14455,65.67308],[-18.14235,65.67319],[-18.14158,65.67297],[-18.13996,65.67297],[-18.13961,65.67301],[-18.13943,65.67328],[-18.1362,65.67365],[-18.13588,65.67377],[-18.13553,65.67428],[-18.13499,65.67454],[-18.13479,65.67477],[-18.13487,65.67505],[-18.13538,65.67528],[-18.13537,65.67541],[-18.13265,65.67716],[-18.13271,65.6769],[-18.13462,65.67579],[-18.17962,65.65608],[-18.18025,65.65599],[-18.18036,65.65566],[-18.18029,65.65532],[-18.1801,65.65511],[-18.18033,65.65487],[-18.18128,65.65464],[-18.18212,65.65469],[-18.18407,65.65452],[-18.18437,65.65459],[-18.18437,65.65473],[-18.1845,65.65481],[-18.18421,65.65501],[-18.18366,65.65515],[-18.18372,65.65537],[-18.18399,65.65546],[-18.17953,65.65589],[-18.17962,65.65608],[-18.17948,65.65584],[-18.17856,65.65531],[-18.17818,65.6552],[-18.17772,65.65477],[-18.17705,65.65457],[-18.17562,65.65389],[-18.17477,65.65298],[-18.17396,65.65267],[-18.17334,65.65259]]}},{"type":"Feature","properties":{"id":"ff9b60e61821","name":"Grjotagja","length_mi":3.21,"country":"Iceland","state":null,"park":null,"park_type":null,"note":"","source":"OpenStreetMap","osm_id":"6133094","osm_ids":[],"created_at":"2025-12-22T16:12:31.869577"},"geometry":{"type":"LineString","coordinates":[[-16.90945,65.63978],[-16.9095,65.63987],[-16.90929,65.63947],[-16.90945,65.63978],[-16.90975,65.63832],[-16.90944,65.63875],[-16.90929,65.63947],[-16.90975,65.63832],[-16.90991,65.6384],[-16.90978,65.6384],[-16.90997,65.63803],[-16.91008,65.63804],[-16.91024,65.63824],[-16.90991,65.6384],[-16.89156,65.63453],[-16.8919,65.63433],[-16.89202,65.63338],[-16.89224,65.63323],[-16.8924,65.6329],[-16.89283,65.63271],[-16.89434,65.63254],[-16.8964,65.63263],[-16.89711,65.6325],[-16.89824,65.63249],[-16.89916,65.6327],[-16.89938,65.63285],[-16.8995,65.63277],[-16.9002,65.63283],[-16.90031,65.63296],[-16.90094,65.63318],[-16.90221,65.63334],[-16.90259,65.63313],[-16.90288,65.6333],[-16.90271,65.6334],[-16.90287,65.63345],[-16.90297,65.63375],[-16.9037,65.6337],[-16.90413,65.6339],[-16.90376,65.63405],[-16.90379,65.63425],[-16.90408,65.6344],[-16.90389,65.63478],[-16.90444,65.63533],[-16.90571,65.63563],[-16.90708,65.63554],[-16.90762,65.63567],[-16.90759,65.63578],[-16.90778,65.63605],[-16.90835,65.6361],[-16.90858,65.6363],[-16.90941,65.6365],[-16.91033,65.63722],[-16.90997,65.63803],[-16.88275,65.62629],[-16.88291,65.62639],[-16.88299,65.6269],[-16.88522,65.62887],[-16.88701,65.62997],[-16.88862,65.63108],[-16.88889,65.63138],[-16.88954,65.63169],[-16.8899,65.63205],[-16.89013,65.63209],[-16.89128,65.63298],[-16.89136,65.63321],[-16.89106,65.63342],[-16.8912,65.63436],[-16.89156,65.63453],[-16.88275,65.62629],[-16.88291,65.62639],[-16.88299,65.6269],[-16.88522,65.62887],[-16.88701,65.62997],[-16.88862,65.63108],[-16.88889,65.63138],[-16.88954,65.63169],[-16.8899,65.63205],[-16.89013,65.63209],[-16.89128,65.63298],[-16.89136,65.63321],[-16.89106,65.63342],[-16.8912,65.63436],[-16.89156,65.63453],[-16.89161,65.63473],[-16.89154,65.63467],[-16.89165,65.63461],[-16.89156,65.63453],[-16.89159,65.63478],[-16.89589,65.63462],[-16.8947,65.63461],[-16.89371,65.63437],[-16.8926,65.63455],[-16.8919,65.63481],[-16.8916,65.63478],[-16.89844,65.63499],[-16.89721,65.63466],[-16.89653,65.63461],[-16.89589,65.63462],[-16.89878,65.63502],[-16.89892,65.63519],[-16.89887,65.63547],[-16.89898,65.63566],[-16.89928,65.63583],[-16.90174,65.63618],[-16.90183,65.63663],[-16.9014,65.63695],[-16.90216,65.6373],[-16.90254,65.63785],[-16.90447,65.63807],[-16.90567,65.63843],[-16.90814,65.63892],[-16.90882,65.63916],[-16.90929,65.63947],[-16.9095,65.63987]]}},{"type":"Feature","properties":{"id":"d27ed89af375","name":"Grænagil","length_mi":2.62,"country":"Iceland","state":null,"park":null,"park_type":null,"note":"","source":"OpenStreetMap","osm_id":"16346133","osm_ids":[],"created_at":"2025-12-22T16:12:31.873577"},"geometry":{"type":"LineString","coordinates":[[-19.08456,63.98267],[-19.08368,63.9829],[-19.08259,63.98299],[-19.08195,63.98328],[-19.08043,63.98352],[-19.07924,63.98395],[-19.07828,63.98402],[-19.0778,63.98394],[-19.07795,63.98374],[-19.07786,63.98364],[-19.07704,63.98346],[-19.07654,63.9835],[-19.07519,63.98391],[-19.07446,63.98395],[-19.07336,63.98396],[-19.0721,63.9835],[-19.07167,63.98348],[-19.07075,63.98371],[-19.06988,63.98357],[-19.06926,63.98359],[-19.06792,63.98407],[-19.06715,63.98388],[-19.06624,63.98389],[-19.0646,63.98422],[-19.06298,63.98483],[-19.06183,63.98577],[-19.06072,63.98631],[-19.08663,63.98216],[-19.08485,63.98252],[-19.08456,63.98267],[-19.08862,63.98158],[-19.08817,63.98165],[-19.08663,63.98216],[-19.089,63.98175],[-19.08887,63.98167],[-19.08862,63.98158],[-19.08573,63.98879],[-19.08578,63.98864],[-19.08535,63.98848],[-19.08585,63.98793],[-19.0856,63.98772],[-19.08566,63.98747],[-19.08612,63.98731],[-19.0859,63.98695],[-19.08638,63.98689],[-19.08652,63.98649],[-19.08672,63.98632],[-19.08822,63.98564],[-19.08865,63.98521],[-19.08884,63.98465],[-19.08925,63.98448],[-19.08878,63.98433],[-19.08894,63.9842],[-19.0889,63.98409],[-19.0891,63.98362],[-19.08905,63.983],[-19.08925,63.98263],[-19.08891,63.98243],[-19.08917,63.98239],[-19.08903,63.98227],[-19.089,63.98175],[-19.0648,63.99074],[-19.06487,63.99085],[-19.06477,63.99093],[-19.06508,63.99103],[-19.06523,63.99089],[-19.06518,63.99071],[-19.06539,63.99061],[-19.067,63.99061],[-19.06844,63.99084],[-19.07139,63.99037],[-19.07253,63.99038],[-19.07413,63.99094],[-19.0751,63.99062],[-19.07609,63.99056],[-19.07719,63.99071],[-19.07933,63.99062],[-19.08,63.99045],[-19.08123,63.99063],[-19.08431,63.99059],[-19.08579,63.9899],[-19.08585,63.98939],[-19.08573,63.98879],[-19.0647,63.99067],[-19.0648,63.99074],[-19.06158,63.9906],[-19.06351,63.99087],[-19.06399,63.99079],[-19.06438,63.9906],[-19.0647,63.99067],[-19.06076,63.9906],[-19.06158,63.9906]]}},{"type":"Feature","properties":{"id":"bb133aad7643","name":"Gvendarskal","length_mi":1.88,"country":"Iceland","state":null,"park":null,"park_type":null,"note":"","source":"OpenStreetMap","osm_id":"6227724","osm_ids":[],"created_at":"2025-12-22T16:12:31.870578"},"geometry":{"type":"LineString","coordinates":[[-19.07921,65.73619],[-19.07928,65.7363],[-19.07906,65.73662],[-19.07908,65.73695],[-19.07884,65.73772],[-19.07895,65.73796],[-19.07883,65.73817],[-19.07889,65.73837],[-19.07875,65.73845],[-19.07875,65.73868],[-19.07897,65.73903],[-19.07939,65.73919],[-19.0795,65.73947],[-19.08139,65.73972],[-19.08195,65.73997],[-19.08294,65.73959],[-19.0839,65.73966],[-19.08479,65.73954],[-19.08568,65.73899],[-19.08692,65.73865],[-19.08789,65.73811],[-19.08858,65.73801],[-19.08976,65.73755],[-19.09131,65.73666],[-19.09172,65.73651],[-19.09319,65.73634],[-19.09379,65.73589],[-19.09447,65.73568],[-19.09738,65.73547],[-19.09828,65.73531],[-19.09916,65.73537],[-19.10134,65.73524],[-19.10152,65.73492],[-19.10339,65.73489],[-19.1051,65.73469],[-19.10808,65.73499],[-19.1084,65.73483],[-19.1082,65.73464],[-19.10843,65.73437],[-19.1096,65.73429],[-19.11199,65.73365],[-19.1096,65.73429],[-19.11185,65.73466],[-19.11877,65.73697],[-19.11855,65.73663],[-19.11747,65.73605],[-19.11732,65.73571],[-19.11607,65.73582],[-19.11476,65.73564],[-19.11424,65.73532],[-19.11317,65.73533],[-19.11185,65.73466],[-19.11159,65.73437],[-19.11174,65.73392],[-19.11196,65.7338],[-19.11199,65.73365],[-19.11167,65.73333],[-19.11214,65.73321]]}},{"type":"Feature","properties":{"id":"4f16c6307095","name":"Gönguleið A","length_mi":2.2,"country":"Iceland","state":null,"park":null,"park_type":null,"note":"","source":"OpenStreetMap","osm_id":"12497890","osm_ids":[],"created_at":"2025-12-22T16:12:31.872577"},"geometry":{"type":"LineString","coordinates":[[-22.28212,63.88713],[-22.28201,63.88629],[-22.28218,63.88615],[-22.28218,63.886],[-22.28255,63.88575],[-22.28258,63.88553],[-22.28353,63.88518],[-22.28368,63.88475],[-22.28393,63.88457],[-22.28456,63.88432],[-22.28475,63.88434],[-22.28535,63.8839],[-22.28656,63.88354],[-22.28658,63.88293],[-22.28549,63.88189],[-22.28549,63.88167],[-22.28559,63.88158],[-22.28556,63.88125],[-22.28622,63.88064],[-22.28619,63.88021],[-22.2864,63.87931],[-22.28665,63.87887],[-22.28718,63.87866],[-22.28778,63.87803],[-22.28756,63.87753],[-22.28717,63.87727],[-22.28712,63.87699],[-22.28867,63.87628],[-22.28948,63.87604],[-22.28861,63.87559],[-22.29006,63.87553],[-22.28922,63.87526],[-22.28922,63.87518],[-22.29162,63.87445],[-22.29247,63.87431],[-22.29714,63.87421],[-22.30148,63.87353],[-22.31671,63.86609],[-22.31646,63.86595],[-22.31583,63.86596],[-22.31468,63.86627],[-22.31387,63.86673],[-22.31111,63.86791],[-22.30947,63.86831],[-22.30728,63.86852],[-22.30635,63.86888],[-22.30611,63.86981],[-22.30553,63.87061],[-22.30556,63.87093],[-22.30518,63.87144],[-22.30427,63.87202],[-22.30214,63.87302],[-22.30205,63.87326]]}},{"type":"Feature","properties":{"id":"2fb56f3dbd8c","name":"Gönguleið B","length_mi":2.24,"country":"Iceland","state":null,"park":null,"park_type":null,"note":"","source":"OpenStreetMap","osm_id":"12497891","osm_ids":[],"created_at":"2025-12-22T16:12:31.872577"},"geometry":{"type":"LineString","coordinates":[[-22.30058,63.88523],[-22.29908,63.88576],[-22.29739,63.88609],[-22.29593,63.88595],[-22.28833,63.88657],[-22.28568,63.88664],[-22.28284,63.88689],[-22.28168,63.88728],[-22.28055,63.88751],[-22.30205,63.87326],[-22.30233,63.87386],[-22.30239,63.8761],[-22.30187,63.87872],[-22.30155,63.87934],[-22.30124,63.88145],[-22.30132,63.88198],[-22.30171,63.8824],[-22.30216,63.88265],[-22.30229,63.88345],[-22.302,63.88409],[-22.30058,63.88523],[-22.31671,63.86609],[-22.31646,63.86595],[-22.31583,63.86596],[-22.31468,63.86627],[-22.31387,63.86673],[-22.31111,63.86791],[-22.30947,63.86831],[-22.30728,63.86852],[-22.30635,63.86888],[-22.30611,63.86981],[-22.30553,63.87061],[-22.30556,63.87093],[-22.30518,63.87144],[-22.30427,63.87202],[-22.30214,63.87302],[-22.30205,63.87326]]}},{"type":"Feature","properties":{"id":"b975ad23d8de","name":"Gönguleið C","length_mi":2.8,"country":"Iceland","state":null,"park":null,"park_type":null,"note":"","source":"OpenStreetMap","osm_id":"12910201","osm_ids":[],"created_at":"2025-12-22T16:12:31.872577"},"geometry":{"type":"LineString","coordinates":[[-22.30703,63.85539],[-22.30879,63.85511],[-22.30703,63.85539],[-22.30598,63.8563],[-22.30366,63.85711],[-22.3034,63.8573],[-22.30328,63.85765],[-22.30341,63.85814],[-22.30336,63.85836],[-22.30307,63.85871],[-22.30281,63.85893],[-22.29969,63.8604],[-22.29877,63.86073],[-22.29876,63.86093],[-22.29828,63.86162],[-22.29822,63.86187],[-22.29743,63.8625],[-22.29552,63.863],[-22.29444,63.863],[-22.29366,63.86337],[-22.29124,63.86366],[-22.28979,63.86365],[-22.28755,63.8628],[-22.28577,63.86241],[-22.28522,63.86196],[-22.2626,63.87359],[-22.26284,63.8732],[-22.26531,63.87168],[-22.26583,63.87098],[-22.26668,63.87049],[-22.26776,63.8701],[-22.26826,63.8697],[-22.26922,63.86937],[-22.26958,63.86905],[-22.27111,63.86833],[-22.27235,63.8675],[-22.27286,63.8673],[-22.27638,63.86661],[-22.27708,63.86604],[-22.27789,63.86557],[-22.27887,63.86531],[-22.27923,63.86509],[-22.27952,63.8651],[-22.27956,63.86486],[-22.28035,63.86484],[-22.28035,63.86465],[-22.28107,63.86472],[-22.2813,63.8644],[-22.28168,63.86435],[-22.28199,63.86424],[-22.28213,63.86405],[-22.28266,63.86392],[-22.28244,63.8637],[-22.28287,63.86363],[-22.28247,63.86346],[-22.28332,63.86344],[-22.28279,63.86313],[-22.28375,63.863],[-22.28522,63.86196],[-22.25544,63.88003],[-22.25613,63.87981],[-22.25745,63.87878],[-22.25762,63.87788],[-22.25984,63.8758],[-22.2626,63.87359]]}},{"type":"Feature","properties":{"id":"1ee5e84bcf97","name":"Hafragilsfoss und Dettifoss","length_mi":7.14,"country":"Iceland","state":null,"park":null,"park_type":null,"note":"","source":"OpenStreetMap","osm_id":"6227770","osm_ids":[],"created_at":"2025-12-22T16:12:31.871577"},"geometry":{"type":"LineString","coordinates":[[-16.38846,65.81247],[-16.38823,65.81278],[-16.3879,65.81297],[-16.38762,65.81341],[-16.38692,65.81381],[-16.39252,65.81232],[-16.39064,65.81222],[-16.39018,65.8124],[-16.38898,65.81218],[-16.38869,65.81226],[-16.38823,65.81278],[-16.3879,65.81297],[-16.38762,65.81341],[-16.38692,65.81381],[-16.38841,65.81558],[-16.38833,65.81566],[-16.38699,65.81397],[-16.38715,65.81407],[-16.38731,65.81485],[-16.3889,65.81535],[-16.38748,65.81603],[-16.38841,65.81568],[-16.39415,65.82229],[-16.39357,65.82222],[-16.39314,65.82198],[-16.39189,65.82165],[-16.39125,65.82165],[-16.3907,65.82129],[-16.39,65.82133],[-16.3898,65.82123],[-16.38922,65.8205],[-16.38956,65.82016],[-16.38962,65.81986],[-16.38951,65.81969],[-16.38975,65.81944],[-16.38962,65.81933],[-16.38961,65.81908],[-16.38979,65.81888],[-16.38935,65.81858],[-16.38839,65.81819],[-16.38836,65.81803],[-16.38764,65.81768],[-16.38769,65.81755],[-16.38737,65.81736],[-16.38733,65.8172],[-16.38754,65.81706],[-16.38756,65.81691],[-16.38723,65.81645],[-16.3872,65.81622],[-16.39415,65.82229],[-16.39424,65.82197],[-16.39436,65.82189],[-16.39445,65.822],[-16.39569,65.82187],[-16.39674,65.82148],[-16.39875,65.82038],[-16.39983,65.81945],[-16.40015,65.8194],[-16.40018,65.81926],[-16.40078,65.81924],[-16.40071,65.81928],[-16.40087,65.81946],[-16.40126,65.81959],[-16.40195,65.82013],[-16.40229,65.82019],[-16.40311,65.82063],[-16.4039,65.82071],[-16.40726,65.82045],[-16.40828,65.82015],[-16.41051,65.82006],[-16.41139,65.81989],[-16.41716,65.83685],[-16.41659,65.83657],[-16.41632,65.8362],[-16.41439,65.8355],[-16.41374,65.83502],[-16.41374,65.83481],[-16.4143,65.83434],[-16.41436,65.83409],[-16.41512,65.83322],[-16.41525,65.83269],[-16.4158,65.83195],[-16.41582,65.83151],[-16.41618,65.83075],[-16.41637,65.83],[-16.41625,65.82941],[-16.41636,65.82905],[-16.41626,65.82873],[-16.41634,65.82833],[-16.41652,65.8281],[-16.41792,65.82716],[-16.41824,65.82677],[-16.41926,65.82604],[-16.42027,65.8248],[-16.42058,65.82471],[-16.422,65.82358],[-16.42226,65.82287],[-16.4222,65.82269],[-16.42236,65.82246],[-16.42191,65.82179],[-16.42192,65.82154],[-16.4222,65.82099],[-16.42212,65.82089],[-16.42225,65.82066],[-16.42212,65.82038],[-16.42134,65.81989],[-16.41885,65.81944],[-16.41705,65.81963],[-16.41598,65.81959],[-16.41139,65.81989],[-16.41716,65.83685],[-16.41664,65.83698],[-16.41603,65.83696],[-16.41588,65.83707],[-16.41602,65.83747],[-16.415,65.83742],[-16.41399,65.83667],[-16.41414,65.83649],[-16.41409,65.83631],[-16.41326,65.83581],[-16.4128,65.83508],[-16.41399,65.83375],[-16.41394,65.83361],[-16.41407,65.8335],[-16.41397,65.83327],[-16.41375,65.83315],[-16.41214,65.83421],[-16.41213,65.83451],[-16.41186,65.8347],[-16.41186,65.83499],[-16.41142,65.83515],[-16.4101,65.83467],[-16.40945,65.83464],[-16.40861,65.83431],[-16.40787,65.83373],[-16.40792,65.83345],[-16.40781,65.83315],[-16.40721,65.83285],[-16.4065,65.83295],[-16.40595,65.83286],[-16.40561,65.83263],[-16.40438,65.83222],[-16.40386,65.83222],[-16.4034,65.83248],[-16.40267,65.83259],[-16.40182,65.83255],[-16.4021,65.83205],[-16.40178,65.83166],[-16.40195,65.83117],[-16.40154,65.83093],[-16.39869,65.83049],[-16.39712,65.82965],[-16.39697,65.82927],[-16.3962,65.82884],[-16.3962,65.82865],[-16.396,65.82845],[-16.39365,65.82721],[-16.39157,65.82581],[-16.39172,65.8256],[-16.39159,65.82553],[-16.39154,65.82529],[-16.39173,65.82502],[-16.39165,65.82495],[-16.39185,65.82447],[-16.39177,65.82419],[-16.39215,65.82394],[-16.39195,65.82387],[-16.3925,65.82365],[-16.39256,65.82338],[-16.39358,65.82303],[-16.39386,65.82305],[-16.39456,65.82284],[-16.39471,65.82263],[-16.39415,65.82229],[-16.38841,65.81558],[-16.38833,65.81566],[-16.39415,65.82229],[-16.39357,65.82222],[-16.39314,65.82198],[-16.39189,65.82165],[-16.39125,65.82165],[-16.3907,65.82129],[-16.39025,65.82136],[-16.3898,65.82123],[-16.38922,65.8205],[-16.38956,65.82016],[-16.38962,65.81986],[-16.38951,65.81969],[-16.38975,65.81944],[-16.38962,65.81933],[-16.38961,65.81908],[-16.38979,65.81888],[-16.38935,65.81858],[-16.38839,65.81819],[-16.38836,65.81803],[-16.38781,65.81783],[-16.38764,65.81768],[-16.38769,65.81755],[-16.38737,65.81736],[-16.38733,65.8172],[-16.38754,65.81706],[-16.38756,65.81691],[-16.38723,65.81645],[-16.3872,65.81622],[-16.38793,65.81581],[-16.38841,65.81568],[-16.38699,65.81397],[-16.38715,65.81407],[-16.38731,65.81485],[-16.3889,65.81535],[-16.38841,65.81558],[-16.38692,65.81381],[-16.38699,65.81397],[-16.38846,65.81247],[-16.38722,65.81232],[-16.38665,65.81308],[-16.38618,65.81348],[-16.38692,65.81381],[-16.3894,65.8122],[-16.38869,65.81226],[-16.38846,65.81247],[-16.3894,65.8122],[-16.39002,65.81178],[-16.39071,65.8109],[-16.39091,65.81045],[-16.39056,65.80979],[-16.39009,65.80733],[-16.39088,65.81051],[-16.39056,65.80979],[-16.39032,65.8085],[-16.39252,65.81232],[-16.39155,65.81157],[-16.39088,65.81051],[-16.39948,65.81221],[-16.39806,65.81224],[-16.39618,65.81202],[-16.39587,65.81207],[-16.39566,65.81231],[-16.39502,65.81257],[-16.39316,65.81253],[-16.39252,65.81232]]}},{"type":"Feature","properties":{"id":"ca8074397ed2","name":"Hallormsstaðaháls","length_mi":3.24,"country":"Iceland","state":null,"park":null,"park_type":null,"note":"","source":"OpenStreetMap","osm_id":"14434017","osm_ids":[],"created_at":"2025-12-22T16:12:31.872577"},"geometry":{"type":"LineString","coordinates":[[-14.70818,65.09607],[-14.70764,65.09636],[-14.70783,65.09664],[-14.70767,65.09697],[-14.70662,65.09744],[-14.70653,65.09778],[-14.70616,65.098],[-14.70403,65.09866],[-14.70377,65.09863],[-14.70394,65.09837],[-14.7038,65.09833],[-14.70255,65.09872],[-14.70239,65.0988],[-14.70228,65.09915],[-14.70182,65.09932],[-14.70133,65.09999],[-14.69948,65.10071],[-14.69866,65.10069],[-14.69843,65.10083],[-14.69552,65.10113],[-14.69383,65.10161],[-14.69307,65.10203],[-14.69289,65.10193],[-14.69308,65.10169],[-14.693,65.10163],[-14.69169,65.10161],[-14.6906,65.10186],[-14.68977,65.10144],[-14.68885,65.10177],[-14.68789,65.10173],[-14.68666,65.10194],[-14.68615,65.10179],[-14.68527,65.1018],[-14.6847,65.10158],[-14.68357,65.10154],[-14.68319,65.10138],[-14.68303,65.10117],[-14.6827,65.10113],[-14.6825,65.10127],[-14.68229,65.10126],[-14.68207,65.10117],[-14.682,65.10066],[-14.6816,65.09983],[-14.68105,65.09969],[-14.68035,65.09962],[-14.67963,65.09982],[-14.67831,65.09989],[-14.67597,65.09922],[-14.6747,65.09942],[-14.67362,65.0993],[-14.6723,65.09884],[-14.67021,65.09839],[-14.66764,65.09814],[-14.66671,65.09781],[-14.66659,65.0976],[-14.66597,65.09737],[-14.66498,65.09731],[-14.6645,65.09745],[-14.66356,65.09746],[-14.66279,65.09732],[-14.66218,65.097],[-14.66147,65.09692],[-14.66076,65.0967],[-14.66054,65.09609],[-14.65868,65.09499],[-14.65624,65.09449],[-14.65523,65.0946],[-14.70818,65.09607],[-14.70879,65.09587],[-14.71071,65.09644],[-14.71099,65.09672],[-14.7111,65.09762],[-14.71282,65.09745],[-14.71313,65.09748],[-14.71376,65.09779],[-14.71999,65.09816],[-14.71376,65.09779],[-14.72695,65.09774],[-14.72593,65.0976],[-14.72234,65.09816],[-14.72066,65.09824],[-14.71999,65.09816],[-14.73337,65.09621],[-14.73133,65.09671],[-14.73038,65.09679],[-14.72959,65.09704],[-14.72923,65.09735],[-14.72792,65.09766],[-14.72695,65.09774],[-14.73526,65.09592],[-14.7344,65.09592],[-14.73395,65.09619],[-14.73337,65.09621],[-14.73784,65.09538],[-14.73754,65.09552],[-14.73724,65.09536],[-14.73644,65.09577],[-14.73526,65.09592]]}},{"type":"Feature","properties":{"id":"5500bf5c420d","name":"Heimaey hringur","length_mi":11.96,"country":"Iceland","state":null,"park":null,"park_type":null,"note":"","source":"OpenStreetMap","osm_id":"17890094","osm_ids":[],"created_at":"2025-12-22T16:12:31.888582"},"geometry":{"type":"LineString","coordinates":[[-20.30194,63.44074],[-20.30229,63.44032],[-20.30316,63.43994],[-20.2993,63.4422],[-20.30097,63.44149],[-20.30194,63.44074],[-20.29893,63.44236],[-20.29766,63.44225],[-20.29854,63.44222],[-20.29893,63.44236],[-20.29766,63.44225],[-20.2978,63.442],[-20.29774,63.44185],[-20.2968,63.44144],[-20.29483,63.44117],[-20.29438,63.44087],[-20.2932,63.44047],[-20.28979,63.43986],[-20.28662,63.4401],[-20.28341,63.43997],[-20.28247,63.44026],[-20.28185,63.44074],[-20.28172,63.44117],[-20.28183,63.44293],[-20.28173,63.44293],[-20.28174,63.44307],[-20.28173,63.44293],[-20.28174,63.44307],[-20.27671,63.44289],[-20.2739,63.44248],[-20.26927,63.4421],[-20.26523,63.44323],[-20.26429,63.44325],[-20.26237,63.44305],[-20.26113,63.44316],[-20.26128,63.44331],[-20.26141,63.44401],[-20.26164,63.44429],[-20.26151,63.44472],[-20.25502,63.44578],[-20.25575,63.44553],[-20.25968,63.44552],[-20.26068,63.44523],[-20.26151,63.44472],[-20.25461,63.44588],[-20.23946,63.44397],[-20.24035,63.44476],[-20.24072,63.44476],[-20.2419,63.44511],[-20.24384,63.44477],[-20.2448,63.44439],[-20.24499,63.44421],[-20.24599,63.44418],[-20.24667,63.44404],[-20.24784,63.44413],[-20.24788,63.44422],[-20.24767,63.44434],[-20.24778,63.44447],[-20.24868,63.44442],[-20.24887,63.44462],[-20.24935,63.44415],[-20.24941,63.44374],[-20.24925,63.44356],[-20.2496,63.4438],[-20.24996,63.44381],[-20.25026,63.44405],[-20.25011,63.44419],[-20.25062,63.44421],[-20.25104,63.44442],[-20.25152,63.4445],[-20.2521,63.44499],[-20.2534,63.44517],[-20.25335,63.44529],[-20.25351,63.44539],[-20.25335,63.44547],[-20.25256,63.44559],[-20.25217,63.44553],[-20.25167,63.44578],[-20.25308,63.44612],[-20.25461,63.44588],[-20.23897,63.44279],[-20.23946,63.44397],[-20.24588,63.44211],[-20.24478,63.442],[-20.23897,63.44279],[-20.24947,63.44157],[-20.24698,63.44215],[-20.24588,63.44211],[-20.24947,63.44157],[-20.24866,63.44088],[-20.24752,63.4405],[-20.24668,63.43963],[-20.24627,63.43948],[-20.24558,63.4389],[-20.24583,63.43914],[-20.24627,63.43948],[-20.24558,63.4389],[-20.24525,63.4379],[-20.24566,63.43761],[-20.24589,63.43727],[-20.24531,63.43678],[-20.24688,63.43638],[-20.24714,63.4361],[-20.24844,63.43535],[-20.24937,63.43501],[-20.24551,63.43555],[-20.24706,63.43543],[-20.24937,63.43501],[-20.24551,63.43555],[-20.24424,63.43557],[-20.24372,63.43546],[-20.24276,63.43487],[-20.24264,63.43463],[-20.24226,63.43431],[-20.24227,63.43384],[-20.24193,63.43349],[-20.24165,63.4328],[-20.24218,63.43206],[-20.24227,63.43124],[-20.24288,63.43098],[-20.24439,63.42985],[-20.2448,63.42727],[-20.24424,63.42744],[-20.24413,63.42754],[-20.24424,63.42852],[-20.24439,63.42881],[-20.24439,63.42985],[-20.25277,63.42352],[-20.25097,63.42347],[-20.25008,63.42359],[-20.24887,63.42398],[-20.2477,63.42459],[-20.24521,63.42628],[-20.24488,63.42669],[-20.2448,63.42727],[-20.25717,63.42303],[-20.2565,63.42308],[-20.25556,63.42295],[-20.25277,63.42352],[-20.2605,63.42302],[-20.25717,63.42303],[-20.26384,63.42203],[-20.26332,63.4223],[-20.26156,63.42285],[-20.2605,63.42302],[-20.27653,63.42371],[-20.27551,63.42377],[-20.26384,63.42203],[-20.27653,63.42371],[-20.2799,63.42034],[-20.28098,63.41903],[-20.28141,63.41821],[-20.28124,63.4164],[-20.28053,63.41385],[-20.28006,63.41295],[-20.28012,63.4128],[-20.27622,63.40729],[-20.27832,63.41018],[-20.27967,63.41241],[-20.27983,63.41249],[-20.27979,63.4126],[-20.28012,63.4128],[-20.27622,63.40729],[-20.27636,63.4062],[-20.27674,63.40534],[-20.27759,63.40424],[-20.28072,63.40229],[-20.28038,63.40263],[-20.28027,63.40293],[-20.27917,63.40302],[-20.27875,63.40355],[-20.27763,63.40413],[-20.27759,63.40424],[-20.28308,63.40004],[-20.28263,63.40029],[-20.28233,63.40063],[-20.28206,63.40127],[-20.28158,63.4016],[-20.28112,63.40175],[-20.28072,63.40229],[-20.29116,63.39874],[-20.29113,63.39854],[-20.29079,63.39827],[-20.2904,63.39814],[-20.28834,63.39812],[-20.28589,63.39795],[-20.28465,63.39823],[-20.28444,63.3986],[-20.2835,63.39924],[-20.28336,63.39987],[-20.28308,63.40004],[-20.29238,63.39978],[-20.29116,63.39874],[-20.29373,63.40089],[-20.29407,63.40043],[-20.29352,63.40006],[-20.29238,63.39978],[-20.29373,63.40089],[-20.28534,63.40353],[-20.28659,63.40308],[-20.28828,63.40267],[-20.28885,63.4026],[-20.28964,63.40268],[-20.29141,63.40249],[-20.29255,63.40193],[-20.29304,63.40151],[-20.29338,63.40093],[-20.28534,63.40353],[-20.2871,63.40359],[-20.27802,63.40582],[-20.27766,63.40565],[-20.27815,63.40537],[-20.27834,63.40487],[-20.27869,63.4047],[-20.2807,63.40471],[-20.28306,63.40494],[-20.28318,63.40483],[-20.28503,63.4048],[-20.28548,63.40451],[-20.28656,63.40407],[-20.28688,63.40368],[-20.28676,63.40358],[-20.29346,63.41589],[-20.29286,63.41534],[-20.29162,63.41503],[-20.29114,63.41463],[-20.29124,63.41429],[-20.29116,63.41412],[-20.29029,63.4139],[-20.28933,63.41342],[-20.28867,63.41286],[-20.28695,63.41185],[-20.28513,63.41137],[-20.28483,63.41096],[-20.28478,63.41063],[-20.28459,63.41055],[-20.28335,63.41072],[-20.2825,63.41069],[-20.28047,63.41015],[-20.27971,63.40951],[-20.27963,63.40926],[-20.27988,63.40882],[-20.27992,63.40845],[-20.27959,63.40837],[-20.27925,63.40811],[-20.27915,63.40786],[-20.27831,63.40735],[-20.27803,63.4068],[-20.27823,63.40592],[-20.27802,63.40582],[-20.29502,63.41682],[-20.29502,63.41705],[-20.29883,63.42305],[-20.29833,63.42234],[-20.29844,63.42185],[-20.29827,63.42141],[-20.29819,63.42047],[-20.29827,63.41999],[-20.29849,63.41978],[-20.29823,63.4194],[-20.29665,63.41868],[-20.29626,63.41828],[-20.29568,63.4179],[-20.29553,63.41765],[-20.29516,63.41755],[-20.29502,63.41705],[-20.29929,63.42375],[-20.29872,63.42323],[-20.29883,63.42305],[-20.29941,63.4241],[-20.29929,63.42375],[-20.29974,63.42526],[-20.29934,63.42506],[-20.29928,63.42459],[-20.29941,63.4241],[-20.29986,63.42548],[-20.29974,63.42526],[-20.30096,63.42719],[-20.30067,63.4272],[-20.3003,63.42695],[-20.30021,63.42672],[-20.30034,63.42661],[-20.29974,63.42601],[-20.29986,63.42548],[-20.30137,63.42859],[-20.30067,63.42766],[-20.3007,63.42743],[-20.30096,63.42719],[-20.30148,63.42891],[-20.30143,63.4291],[-20.30168,63.42968],[-20.30282,63.43062],[-20.30291,63.43105],[-20.30256,63.4315],[-20.30257,63.43175],[-20.3023,63.43215],[-20.30242,63.43248],[-20.30376,63.43309],[-20.30387,63.43339],[-20.30427,63.43367],[-20.3043,63.43379],[-20.30403,63.4343],[-20.30354,63.43488],[-20.30242,63.43547],[-20.30223,63.43565],[-20.30218,63.43602],[-20.30072,63.43697],[-20.30089,63.43713],[-20.30091,63.43732],[-20.30158,63.43773],[-20.3019,63.43808],[-20.30205,63.43864],[-20.30242,63.43898],[-20.3023,63.43919],[-20.30278,63.43937],[-20.30285,63.43948],[-20.30277,63.4396],[-20.30308,63.43972],[-20.30316,63.43994],[-20.30439,63.44007],[-20.30504,63.43983]]}},{"type":"Feature","properties":{"id":"c0929b25ae4a","name":"Hellismannaleið","length_mi":33.49,"country":"Iceland","state":null,"park":null,"park_type":null,"note":"","source":"OpenStreetMap","osm_id":"7492896","osm_ids":[],"created_at":"2025-12-22T16:12:31.871577"},"geometry":{"type":"LineString","coordinates":[[-19.78586,64.05111],[-19.78272,64.05185],[-19.78191,64.05245],[-19.78197,64.05284],[-19.78168,64.05331],[-19.78107,64.05366],[-19.78047,64.05381],[-19.77838,64.05522],[-19.77423,64.05721],[-19.77357,64.0574],[-19.77259,64.058],[-19.77125,64.05819],[-19.7681,64.05939],[-19.7665,64.06026],[-19.76592,64.06083],[-19.76545,64.06109],[-19.76466,64.06149],[-19.76417,64.06156],[-19.7633,64.06234],[-19.76105,64.0628],[-19.76013,64.06275],[-19.75991,64.06287],[-19.75867,64.06278],[-19.75792,64.06293],[-19.75758,64.06373],[-19.75805,64.06417],[-19.7583,64.06486],[-19.75773,64.06625],[-19.75797,64.06704],[-19.75775,64.06775],[-19.7574,64.06817],[-19.75558,64.06909],[-19.75477,64.06995],[-19.75281,64.07118],[-19.75291,64.07136],[-19.75266,64.07155],[-19.75222,64.07228],[-19.75108,64.07265],[-19.74994,64.07282],[-19.74823,64.07373],[-19.74707,64.07469],[-19.74667,64.07488],[-19.744,64.0753],[-19.74269,64.07577],[-19.7421,64.07627],[-19.74209,64.07652],[-19.7419,64.07673],[-19.74091,64.07738],[-19.73968,64.07751],[-19.73897,64.07777],[-19.73881,64.0779],[-19.73886,64.07809],[-19.7383,64.0785],[-19.73826,64.07871],[-19.73795,64.07877],[-19.73719,64.07918],[-19.73681,64.07951],[-19.73636,64.07958],[-19.73586,64.07986],[-19.73447,64.07984],[-19.73336,64.07995],[-19.73113,64.0804],[-19.73052,64.08084],[-19.72905,64.08098],[-19.72821,64.08084],[-19.72734,64.0809],[-19.72643,64.08121],[-19.72549,64.08126],[-19.72315,64.08184],[-19.71934,64.08369],[-19.71769,64.08438],[-19.71616,64.0848],[-19.71601,64.08498],[-19.71551,64.08509],[-19.71433,64.08508],[-19.71351,64.08486],[-19.71324,64.08463],[-19.71269,64.08447],[-19.71083,64.08422],[-19.71072,64.08401],[-19.70903,64.08325],[-19.70629,64.08205],[-19.70481,64.08158],[-19.70181,64.08107],[-19.69234,64.08001],[-19.69008,64.08007],[-19.67976,64.081],[-19.67528,64.081],[-19.67014,64.08041],[-19.66773,64.07999],[-19.66696,64.07992],[-19.66686,64.0801],[-19.66695,64.08016],[-19.66484,64.07959],[-19.66221,64.07931],[-19.65887,64.07925],[-19.65332,64.08038],[-19.65145,64.08091],[-19.65111,64.08109],[-19.64544,64.08216],[-19.64416,64.08208],[-19.64285,64.08216],[-19.64114,64.08194],[-19.63675,64.08278],[-19.63554,64.08347],[-19.63542,64.08375],[-19.63455,64.08472],[-19.63377,64.08621],[-19.63197,64.0878],[-19.6316,64.08841],[-19.6303,64.08942],[-19.6291,64.08957],[-19.62559,64.08964],[-19.62371,64.08991],[-19.61838,64.0902],[-19.61545,64.09064],[-19.61378,64.09096],[-19.61116,64.09192],[-19.61015,64.09219],[-19.60756,64.09263],[-19.60633,64.09294],[-19.60232,64.09356],[-19.5999,64.09408],[-19.59803,64.095],[-19.59503,64.09567],[-19.59274,64.09605],[-19.59216,64.09603],[-19.59196,64.09607],[-19.5919,64.09622],[-19.58979,64.09641],[-19.58785,64.09641],[-19.58657,64.09656],[-19.58593,64.09699],[-19.58598,64.09707],[-19.58505,64.09795],[-19.58466,64.09796],[-19.58462,64.09839],[-19.58405,64.09852],[-19.58363,64.09904],[-19.5822,64.09978],[-19.58093,64.10039],[-19.57749,64.10107],[-19.57618,64.10103],[-19.5757,64.10107],[-19.57533,64.10126],[-19.57389,64.10127],[-19.56984,64.10064],[-19.56854,64.10065],[-19.56701,64.09984],[-19.566,64.09961],[-19.56425,64.09865],[-19.56416,64.09847],[-19.5667,64.09684],[-19.56709,64.09647],[-19.56753,64.09623],[-19.56936,64.09574],[-19.56976,64.09554],[-19.56958,64.09537],[-19.56843,64.09542],[-19.56677,64.09567],[-19.56348,64.0956],[-19.56131,64.09544],[-19.55952,64.09513],[-19.55293,64.09321],[-19.54392,64.09026],[-19.53986,64.08917],[-19.53823,64.08885],[-19.53663,64.08873],[-19.53397,64.08914],[-19.53181,64.08922],[-19.53104,64.08943],[-19.52986,64.08946],[-19.52589,64.09019],[-19.51768,64.09075],[-19.51597,64.09074],[-19.51258,64.09029],[-19.50832,64.08998],[-19.5034,64.09044],[-19.50007,64.09025],[-19.49697,64.09036],[-19.47753,64.09566],[-19.4713,64.09781],[-19.4676,64.09949],[-19.46469,64.10008],[-19.46047,64.10035],[-19.45624,64.0997],[-19.45546,64.09939],[-19.45529,64.09915],[-19.45538,64.09842],[-19.45506,64.09753],[-19.45442,64.09674],[-19.45128,64.09342],[-19.44857,64.09076],[-19.44786,64.09023],[-19.4474,64.08958],[-19.44651,64.08891],[-19.44344,64.08769],[-19.43671,64.08704],[-19.42533,64.08636],[-19.42239,64.08606],[-19.42004,64.08617],[-19.41504,64.08591],[-19.4118,64.08619],[-19.41042,64.08592],[-19.40899,64.08612],[-19.40827,64.08649],[-19.40698,64.08643],[-19.40667,64.08636],[-19.40644,64.08614],[-19.40521,64.08621],[-19.405,64.08598],[-19.40372,64.08569],[-19.40314,64.08544],[-19.40296,64.08499],[-19.40281,64.08488],[-19.40168,64.08461],[-19.40079,64.08474],[-19.4,64.08443],[-19.39911,64.08388],[-19.39798,64.08353],[-19.39615,64.08273],[-19.39509,64.08243],[-19.3935,64.08119],[-19.39037,64.07967],[-19.39006,64.07889],[-19.38978,64.07861],[-19.38989,64.0784],[-19.38953,64.07809],[-19.38871,64.07784],[-19.38733,64.07697],[-19.38529,64.07619],[-19.38462,64.07526],[-19.38323,64.07427],[-19.38141,64.07379],[-19.37958,64.07375],[-19.37781,64.07422],[-19.37641,64.07436],[-19.37174,64.07547],[-19.37006,64.07557],[-19.36846,64.07583],[-19.36755,64.07621],[-19.36711,64.07627],[-19.36608,64.07607],[-19.36425,64.07513],[-19.36214,64.07454],[-19.35838,64.07416],[-19.35456,64.07404],[-19.35311,64.07361],[-19.35036,64.07307],[-19.34746,64.07276],[-19.3459,64.0728],[-19.34347,64.07255],[-19.34001,64.0729],[-19.3324,64.07256],[-19.33149,64.07242],[-19.32944,64.07242],[-19.32399,64.07137],[-19.32242,64.07092],[-19.31973,64.07054],[-19.31336,64.07096],[-19.30701,64.07184],[-19.3048,64.07175],[-19.30342,64.07149],[-19.303,64.071],[-19.30266,64.0708],[-19.30264,64.0706],[-19.30241,64.07043],[-19.30241,64.06999],[-19.30099,64.06919],[-19.3007,64.06891],[-19.30036,64.068],[-19.30018,64.06783],[-19.29956,64.06757],[-19.29719,64.06721],[-19.29364,64.06633],[-19.29059,64.06621],[-19.2857,64.06642],[-19.28365,64.06676],[-19.28099,64.06763],[-19.27988,64.06786],[-19.27849,64.06771],[-19.27435,64.06639],[-19.27323,64.06668],[-19.27112,64.0668],[-19.26833,64.06595],[-19.26764,64.06562],[-19.26695,64.06508],[-19.26565,64.06449],[-19.26565,64.06427],[-19.26474,64.06374],[-19.26531,64.06329],[-19.26544,64.06294],[-19.26508,64.06238],[-19.26521,64.06183],[-19.26481,64.06149],[-19.26376,64.06092],[-19.26275,64.06057],[-19.25622,64.05924],[-19.25084,64.0584],[-19.24797,64.05774],[-19.24603,64.05745],[-19.22759,64.05215],[-19.22899,64.05257],[-19.23129,64.05296],[-19.23517,64.05304],[-19.23686,64.05319],[-19.23867,64.05297],[-19.23951,64.05303],[-19.24106,64.05331],[-19.24161,64.05359],[-19.24185,64.05382],[-19.24181,64.05435],[-19.24283,64.05613],[-19.24312,64.05631],[-19.2445,64.05668],[-19.24521,64.05715],[-19.24603,64.05745],[-19.22453,64.05279],[-19.2256,64.05217],[-19.22649,64.05197],[-19.22759,64.05215],[-19.22453,64.05279],[-19.22502,64.05324],[-19.22608,64.05388],[-19.22654,64.05473],[-19.22662,64.05518],[-19.22589,64.05566],[-19.22522,64.05594],[-19.22381,64.05625],[-19.22084,64.05721],[-19.21976,64.05707],[-19.21765,64.05727],[-19.21516,64.05728],[-19.2124,64.05675],[-19.20947,64.05594],[-19.20726,64.05563],[-19.20249,64.05545],[-19.19946,64.05515],[-19.19703,64.05472],[-19.19635,64.05448],[-19.19609,64.05417],[-19.1951,64.05257],[-19.1948,64.05157],[-19.19575,64.05013],[-19.19619,64.04917],[-19.19618,64.0489],[-19.19598,64.04851],[-19.19628,64.04796],[-19.19569,64.04719],[-19.19308,64.04568],[-19.19069,64.04506],[-19.18787,64.04474],[-19.18492,64.04397],[-19.1839,64.04381],[-19.18374,64.04354],[-19.1842,64.04263],[-19.18432,64.04173],[-19.18454,64.0415],[-19.18533,64.04123],[-19.18576,64.04011],[-19.1856,64.03956],[-19.18522,64.03943],[-19.18325,64.03744],[-19.18213,64.03688],[-19.18099,64.036],[-19.18062,64.03592],[-19.17895,64.035],[-19.17769,64.03473],[-19.17551,64.03363],[-19.17439,64.0334],[-19.17316,64.03349],[-19.16963,64.03324],[-19.16836,64.03294],[-19.16753,64.03254],[-19.16606,64.03214],[-19.16503,64.03168],[-19.16509,64.03081],[-19.16498,64.03016],[-19.16137,64.02774],[-19.16158,64.0269],[-19.16222,64.02634],[-19.16241,64.02588],[-19.14153,64.02093],[-19.14243,64.02098],[-19.14428,64.02063],[-19.14474,64.02069],[-19.14628,64.01999],[-19.1471,64.01984],[-19.1481,64.01992],[-19.14884,64.01982],[-19.15135,64.01984],[-19.1534,64.02002],[-19.15625,64.0207],[-19.15887,64.02088],[-19.1615,64.02124],[-19.16176,64.02185],[-19.16248,64.02284],[-19.1623,64.02317],[-19.16231,64.02411],[-19.16218,64.02495],[-19.16202,64.02528],[-19.16224,64.02528],[-19.16287,64.02499],[-19.16408,64.02474],[-19.16413,64.02484],[-19.16294,64.02578],[-19.16241,64.02588],[-19.14187,64.01431],[-19.14182,64.01478],[-19.14205,64.01512],[-19.14248,64.01543],[-19.14267,64.01585],[-19.14159,64.01674],[-19.14163,64.01692],[-19.14134,64.01743],[-19.14132,64.01776],[-19.14052,64.01867],[-19.14091,64.01973],[-19.14153,64.02093],[-19.14183,64.0082],[-19.1417,64.00857],[-19.14205,64.00923],[-19.14305,64.00999],[-19.14293,64.01066],[-19.1425,64.01102],[-19.14178,64.01135],[-19.14101,64.01189],[-19.14082,64.01231],[-19.14187,64.01431],[-19.12148,64.00131],[-19.123,64.00171],[-19.12821,64.00268],[-19.13049,64.0032],[-19.13537,64.00397],[-19.13939,64.00509],[-19.14041,64.00575],[-19.14086,64.00635],[-19.14098,64.00682],[-19.14142,64.00734],[-19.14183,64.0082],[-19.08573,63.98879],[-19.08766,63.98879],[-19.08924,63.98903],[-19.08978,63.98923],[-19.09027,63.99003],[-19.09101,63.99017],[-19.09201,63.99011],[-19.09291,63.98985],[-19.09336,63.98997],[-19.09372,63.99025],[-19.09701,63.99052],[-19.09768,63.99073],[-19.09826,63.99062],[-19.0648,63.99074],[-19.06487,63.99085],[-19.06477,63.99093],[-19.06508,63.99103],[-19.06523,63.99089],[-19.06518,63.99071],[-19.06539,63.99061],[-19.067,63.99061],[-19.06844,63.99084],[-19.07139,63.99037],[-19.07253,63.99038],[-19.07413,63.99094],[-19.0751,63.99062],[-19.07609,63.99056],[-19.07719,63.99071],[-19.07933,63.99062],[-19.08,63.99045],[-19.08123,63.99063],[-19.08351,63.99054],[-19.08421,63.99061],[-19.08579,63.9899],[-19.08585,63.98939],[-19.08573,63.98879],[-19.0647,63.99067],[-19.0648,63.99074],[-19.06158,63.9906],[-19.06351,63.99087],[-19.06399,63.99079],[-19.06438,63.9906],[-19.0647,63.99067],[-19.06076,63.9906],[-19.09826,63.99062],[-19.09976,63.99094],[-19.10146,63.99208],[-19.10422,63.99291],[-19.10508,63.99331],[-19.10657,63.99352],[-19.10756,63.99378],[-19.11658,63.99751],[-19.1162,63.9983],[-19.11661,63.99854],[-19.11453,63.99563],[-19.1149,63.99592],[-19.11659,63.99656],[-19.11711,63.99693],[-19.11705,63.9972],[-19.11658,63.99751],[-19.10772,63.99387],[-19.1099,63.99458],[-19.11122,63.99468],[-19.11302,63.99506],[-19.11453,63.99563],[-19.11661,63.99854],[-19.11917,63.99915],[-19.11987,63.99947],[-19.12119,64.00037],[-19.12119,64.00098],[-19.12148,64.00131],[-19.79779,64.04631],[-19.80518,64.04337],[-19.82492,64.03712],[-19.82853,64.03571],[-19.82986,64.03537],[-19.83398,64.03465],[-19.83501,64.03433],[-19.79779,64.04631],[-19.79644,64.04637],[-19.79617,64.04689],[-19.78586,64.05111],[-19.79617,64.04689]]}},{"type":"Feature","properties":{"id":"09cb16b6dba3","name":"Helluvatn","length_mi":1.8,"country":"Iceland","state":null,"park":null,"park_type":null,"note":"","source":"OpenStreetMap","osm_id":"6224357","osm_ids":[],"created_at":"2025-12-22T16:12:31.870578"},"geometry":{"type":"LineString","coordinates":[[-23.17122,65.57721],[-23.17082,65.57688],[-23.17037,65.57678],[-23.17044,65.57673],[-23.17014,65.5765],[-23.1699,65.57654],[-23.16933,65.57628],[-23.16841,65.5761],[-23.17136,65.57759],[-23.17091,65.57741],[-23.17122,65.57721],[-23.17062,65.58031],[-23.17013,65.57984],[-23.17023,65.57972],[-23.17016,65.57921],[-23.17045,65.57895],[-23.17041,65.5787],[-23.17101,65.57753],[-23.17136,65.57759],[-23.15727,65.59889],[-23.15718,65.59858],[-23.15754,65.59806],[-23.15758,65.59742],[-23.15827,65.59705],[-23.15834,65.59685],[-23.15781,65.59654],[-23.1577,65.59606],[-23.15795,65.59576],[-23.15889,65.594],[-23.16023,65.59284],[-23.16046,65.59247],[-23.16181,65.59169],[-23.16428,65.59104],[-23.16508,65.59051],[-23.16538,65.59004],[-23.16905,65.58811],[-23.16932,65.5874],[-23.16917,65.5871],[-23.16924,65.58597],[-23.16891,65.58418],[-23.16895,65.58389],[-23.16937,65.58285],[-23.16947,65.5823],[-23.16983,65.58159],[-23.16978,65.58131],[-23.16999,65.58062],[-23.17062,65.58031]]}},{"type":"Feature","properties":{"id":"1084a1ebebfb","name":"Hengifoss","length_mi":1.39,"country":"Iceland","state":null,"park":null,"park_type":null,"note":"","source":"OpenStreetMap","osm_id":"6173453","osm_ids":[],"created_at":"2025-12-22T16:12:31.870578"},"geometry":{"type":"LineString","coordinates":[[-14.88052,65.07336],[-14.88118,65.07382],[-14.88254,65.07646],[-14.88298,65.07608],[-14.88295,65.07578],[-14.88209,65.07519],[-14.88193,65.07474],[-14.88116,65.07426],[-14.88121,65.07389],[-14.88254,65.07646],[-14.88247,65.07653],[-14.88416,65.07822],[-14.88364,65.07745],[-14.88242,65.07661],[-14.88247,65.07653],[-14.88416,65.07822],[-14.88365,65.08105],[-14.88363,65.08027],[-14.88319,65.07978],[-14.88386,65.07918],[-14.88394,65.07863],[-14.88417,65.07828],[-14.88348,65.08206],[-14.88343,65.08199],[-14.88333,65.08168],[-14.88345,65.08128],[-14.88365,65.08105],[-14.88492,65.08264],[-14.88445,65.08225],[-14.88348,65.08206],[-14.88677,65.08507],[-14.88635,65.08496],[-14.88608,65.08465],[-14.88607,65.08381],[-14.88579,65.08333],[-14.88676,65.08509],[-14.88591,65.08721],[-14.88538,65.08678],[-14.88451,65.08667],[-14.88473,65.08622],[-14.88552,65.0856],[-14.88555,65.08537],[-14.88671,65.08511],[-14.88821,65.09168],[-14.88754,65.09136],[-14.88725,65.09086],[-14.88674,65.09057],[-14.88639,65.08998],[-14.88596,65.08971],[-14.88676,65.08875],[-14.88668,65.08814],[-14.88591,65.08721]]}},{"type":"Feature","properties":{"id":"e25cf17560b9","name":"Hljóðaklettar - Rauðhólar","length_mi":4.21,"country":"Iceland","state":null,"park":null,"park_type":null,"note":"","source":"OpenStreetMap","osm_id":"6227823","osm_ids":[],"created_at":"2025-12-22T16:12:31.871577"},"geometry":{"type":"LineString","coordinates":[[-16.54144,65.93306],[-16.54274,65.93278],[-16.54385,65.93229],[-16.54575,65.9319],[-16.54627,65.93153],[-16.54692,65.93135],[-16.54144,65.93306],[-16.54274,65.93278],[-16.54385,65.93229],[-16.54575,65.9319],[-16.54627,65.93153],[-16.54692,65.93135],[-16.54144,65.93306],[-16.54004,65.93366],[-16.53824,65.93403],[-16.53701,65.93483],[-16.53675,65.9352],[-16.53619,65.93532],[-16.53589,65.93519],[-16.53502,65.93522],[-16.53486,65.93541],[-16.5335,65.9362],[-16.53349,65.93665],[-16.53312,65.93729],[-16.53199,65.93757],[-16.53183,65.9378],[-16.53288,65.93811],[-16.53309,65.93861],[-16.53327,65.93869],[-16.53467,65.93786],[-16.53388,65.93828],[-16.53418,65.93835],[-16.53327,65.93869],[-16.53467,65.93786],[-16.53388,65.93828],[-16.53418,65.93835],[-16.53298,65.9389],[-16.5324,65.93959],[-16.53243,65.93973],[-16.53178,65.94013],[-16.5316,65.94088],[-16.53139,65.94113],[-16.53144,65.94127],[-16.53083,65.94166],[-16.53094,65.94194],[-16.53174,65.94217],[-16.53255,65.94264],[-16.53253,65.94289],[-16.53278,65.94307],[-16.5321,65.94327],[-16.53158,65.94357],[-16.53135,65.94391],[-16.5306,65.94414],[-16.52906,65.94423],[-16.52896,65.94438],[-16.52986,65.94467],[-16.53022,65.94496],[-16.53016,65.94508],[-16.52997,65.94509],[-16.52968,65.94493],[-16.52881,65.945],[-16.52872,65.94506],[-16.52888,65.94508],[-16.52854,65.94533],[-16.5286,65.94558],[-16.52889,65.94585],[-16.52884,65.94599],[-16.52976,65.94668],[-16.52987,65.94688],[-16.52904,65.94669],[-16.52913,65.94696],[-16.52891,65.94729],[-16.52867,65.94741],[-16.52897,65.94801],[-16.52749,65.94877],[-16.52897,65.94801],[-16.52749,65.94877],[-16.52897,65.94801],[-16.52985,65.94799],[-16.53056,65.9481],[-16.53135,65.94787],[-16.53221,65.9475],[-16.53285,65.94666],[-16.53334,65.94626],[-16.53411,65.94512],[-16.53434,65.94453],[-16.53406,65.94394],[-16.53419,65.94343],[-16.53415,65.94301],[-16.53446,65.94215],[-16.53441,65.94181],[-16.53454,65.94135],[-16.53471,65.94122],[-16.53457,65.94112],[-16.53459,65.94087],[-16.53559,65.93991],[-16.53589,65.93868],[-16.5364,65.9383],[-16.53655,65.93779],[-16.53736,65.93684],[-16.53711,65.93651],[-16.53715,65.93598],[-16.5376,65.93568],[-16.53811,65.93501],[-16.53908,65.93444],[-16.53964,65.93386],[-16.54087,65.93326],[-16.54718,65.93097],[-16.5468,65.93063],[-16.54596,65.93023],[-16.54398,65.92978],[-16.54321,65.92973],[-16.53939,65.92858],[-16.53872,65.92789],[-16.53852,65.92745],[-16.53771,65.9264],[-16.53757,65.92593],[-16.53765,65.92536],[-16.53728,65.92489],[-16.53645,65.92423],[-16.52972,65.92544],[-16.53131,65.92449],[-16.53116,65.92415],[-16.53149,65.92404],[-16.532,65.924],[-16.53298,65.92417],[-16.53367,65.92412],[-16.53526,65.92447],[-16.53645,65.92423],[-16.54718,65.93097],[-16.54706,65.93099],[-16.54692,65.93135],[-16.54718,65.93097],[-16.54706,65.93099],[-16.54692,65.93135]]}},{"type":"Feature","properties":{"id":"54b698f869a2","name":"Holmatungur","length_mi":9.53,"country":"Iceland","state":null,"park":null,"park_type":null,"note":"","source":"OpenStreetMap","osm_id":"6227819","osm_ids":[],"created_at":"2025-12-22T16:12:31.871577"},"geometry":{"type":"LineString","coordinates":[[-16.45075,65.88306],[-16.45118,65.88248],[-16.45123,65.88214],[-16.45006,65.88164],[-16.44989,65.88145],[-16.45007,65.8811],[-16.45082,65.88065],[-16.45186,65.8797],[-16.46822,65.89209],[-16.46781,65.89209],[-16.46679,65.89168],[-16.46529,65.89077],[-16.46523,65.89051],[-16.46486,65.89007],[-16.4632,65.88901],[-16.46284,65.8884],[-16.46248,65.88813],[-16.46018,65.88683],[-16.45853,65.88622],[-16.4562,65.88556],[-16.45374,65.88442],[-16.45317,65.88394],[-16.45207,65.88331],[-16.45075,65.88306],[-16.53645,65.92423],[-16.53336,65.92218],[-16.53256,65.92141],[-16.53033,65.91979],[-16.52971,65.91939],[-16.52916,65.91924],[-16.52875,65.91893],[-16.52863,65.91862],[-16.52893,65.91829],[-16.52898,65.91795],[-16.52889,65.91745],[-16.52839,65.91653],[-16.52784,65.91595],[-16.52643,65.91546],[-16.52544,65.91487],[-16.525,65.91439],[-16.52503,65.91418],[-16.52568,65.91338],[-16.52547,65.91295],[-16.52493,65.91241],[-16.52262,65.91154],[-16.5216,65.91049],[-16.51913,65.90917],[-16.51847,65.90863],[-16.5178,65.90788],[-16.51412,65.90601],[-16.51353,65.90509],[-16.51288,65.90491],[-16.51197,65.90497],[-16.51041,65.9047],[-16.50741,65.90383],[-16.50243,65.90339],[-16.49976,65.90297],[-16.49813,65.90254],[-16.49685,65.90185],[-16.49641,65.90174],[-16.49408,65.90172],[-16.49074,65.9011],[-16.54718,65.93097],[-16.5468,65.93063],[-16.54596,65.93023],[-16.54398,65.92978],[-16.54321,65.92973],[-16.53939,65.92858],[-16.53872,65.92789],[-16.53852,65.92745],[-16.53771,65.9264],[-16.53757,65.92593],[-16.53765,65.92536],[-16.53728,65.92489],[-16.53645,65.92423],[-16.54718,65.93097],[-16.5468,65.93063],[-16.54596,65.93023],[-16.54398,65.92978],[-16.54321,65.92973],[-16.53939,65.92858],[-16.53872,65.92789],[-16.53852,65.92745],[-16.53771,65.9264],[-16.53757,65.92593],[-16.53769,65.92547],[-16.53728,65.92489],[-16.5355,65.92352],[-16.53336,65.92218],[-16.53256,65.92141],[-16.53033,65.91979],[-16.52971,65.91939],[-16.52916,65.91924],[-16.52875,65.91893],[-16.52863,65.91862],[-16.52893,65.91829],[-16.52898,65.91795],[-16.52889,65.91745],[-16.52839,65.91653],[-16.52784,65.91595],[-16.52643,65.91546],[-16.52544,65.91487],[-16.525,65.91439],[-16.52503,65.91418],[-16.52568,65.91338],[-16.52547,65.91295],[-16.52493,65.91241],[-16.52262,65.91154],[-16.5216,65.91049],[-16.51913,65.90917],[-16.51847,65.90863],[-16.5178,65.90788],[-16.51412,65.90601],[-16.51353,65.90509],[-16.51288,65.90491],[-16.51197,65.90497],[-16.51041,65.9047],[-16.50741,65.90383],[-16.50243,65.90339],[-16.49976,65.90297],[-16.49813,65.90254],[-16.49685,65.90185],[-16.49641,65.90174],[-16.49408,65.90172],[-16.49074,65.9011],[-16.45022,65.88596],[-16.44917,65.8858],[-16.44899,65.88596],[-16.44826,65.88594],[-16.44706,65.88626],[-16.44694,65.88652],[-16.4475,65.8869],[-16.44749,65.88704],[-16.44722,65.8873],[-16.44558,65.88664],[-16.4449,65.88622],[-16.44526,65.88613],[-16.4458,65.88617],[-16.44646,65.88632],[-16.44657,65.88645],[-16.44701,65.88644],[-16.44917,65.8858],[-16.44899,65.88596],[-16.44826,65.88594],[-16.44768,65.88616],[-16.44724,65.88619],[-16.44706,65.88626],[-16.44701,65.88644],[-16.44928,65.88579],[-16.44917,65.8858],[-16.4504,65.88606],[-16.45022,65.88596],[-16.44928,65.88579],[-16.46822,65.89209],[-16.46723,65.8922],[-16.46611,65.89211],[-16.46203,65.89066],[-16.4612,65.88992],[-16.45997,65.88938],[-16.45281,65.88757],[-16.4502,65.8866],[-16.4501,65.88646],[-16.4504,65.88606],[-16.45036,65.88582],[-16.44986,65.88504],[-16.44939,65.88457],[-16.44942,65.88426],[-16.44988,65.88371],[-16.45041,65.88355],[-16.45118,65.88248],[-16.45124,65.88221],[-16.45097,65.88197],[-16.45006,65.88164],[-16.44989,65.88145],[-16.45007,65.8811],[-16.45082,65.88065],[-16.45186,65.8797],[-16.49074,65.9011],[-16.49041,65.90128],[-16.48854,65.90066],[-16.48507,65.90001],[-16.48322,65.89981],[-16.48068,65.89902],[-16.47961,65.89804],[-16.47767,65.89687],[-16.47361,65.89533],[-16.47167,65.89423],[-16.46854,65.89354],[-16.46845,65.89345],[-16.46861,65.89329],[-16.46872,65.89279],[-16.46843,65.8923],[-16.46905,65.89195],[-16.46822,65.89209]]}},{"type":"Feature","properties":{"id":"b1ffc94afd90","name":"Hrafntinnusker","length_mi":7.69,"country":"Iceland","state":null,"park":null,"park_type":null,"note":"","source":"OpenStreetMap","osm_id":"6133182","osm_ids":[],"created_at":"2025-12-22T16:12:31.869577"},"geometry":{"type":"LineString","coordinates":[[-19.05994,63.9946],[-19.06062,63.99459],[-19.06098,63.99439],[-19.06022,63.99311],[-19.05922,63.99209],[-19.0592,63.99194],[-19.06047,63.99083],[-19.06044,63.9907],[-19.06076,63.9906],[-19.06175,63.99061],[-19.06351,63.99087],[-19.06452,63.99059],[-19.0648,63.99074],[-19.06487,63.99085],[-19.06477,63.99093],[-19.06499,63.99105],[-19.06518,63.99097],[-19.06518,63.99071],[-19.06539,63.99061],[-19.067,63.99061],[-19.06844,63.99084],[-19.07126,63.99038],[-19.07253,63.99038],[-19.07413,63.99094],[-19.0751,63.99062],[-19.07609,63.99056],[-19.07719,63.99071],[-19.07933,63.99062],[-19.08,63.99045],[-19.08123,63.99063],[-19.08351,63.99054],[-19.08421,63.99061],[-19.08573,63.98993],[-19.08585,63.98939],[-19.08578,63.98864],[-19.08535,63.98848],[-19.08585,63.98793],[-19.0856,63.98772],[-19.08566,63.98747],[-19.08612,63.98731],[-19.0859,63.98695],[-19.08638,63.98689],[-19.08652,63.98649],[-19.08672,63.98632],[-19.08822,63.98564],[-19.08865,63.98521],[-19.08884,63.98465],[-19.08925,63.98448],[-19.08878,63.98433],[-19.08894,63.9842],[-19.0889,63.98409],[-19.0891,63.98362],[-19.08905,63.983],[-19.08925,63.98263],[-19.08891,63.98243],[-19.08917,63.98239],[-19.08903,63.98227],[-19.089,63.98175],[-19.08862,63.98158],[-19.0873,63.98137],[-19.0875,63.98094],[-19.08784,63.98068],[-19.08776,63.9804],[-19.08794,63.98024],[-19.08812,63.97982],[-19.08911,63.97949],[-19.08952,63.97949],[-19.09161,63.9803],[-19.09543,63.97917],[-19.09344,63.97971],[-19.09194,63.98026],[-19.09161,63.9803],[-19.10131,63.97786],[-19.0995,63.9783],[-19.09787,63.97848],[-19.09703,63.97899],[-19.09543,63.97917],[-19.11695,63.96414],[-19.11633,63.96452],[-19.11591,63.96511],[-19.11464,63.966],[-19.11404,63.96671],[-19.11355,63.9674],[-19.11304,63.9689],[-19.11252,63.96945],[-19.11171,63.97083],[-19.11196,63.97087],[-19.11175,63.97107],[-19.11145,63.97109],[-19.1112,63.97129],[-19.1108,63.97187],[-19.11075,63.97213],[-19.1103,63.97264],[-19.10923,63.97331],[-19.10882,63.97397],[-19.10755,63.97474],[-19.10732,63.97499],[-19.10743,63.97559],[-19.10731,63.97576],[-19.10615,63.97652],[-19.10131,63.97786],[-19.14203,63.95622],[-19.14177,63.95651],[-19.14154,63.95722],[-19.14164,63.95738],[-19.14006,63.95852],[-19.13933,63.95947],[-19.1386,63.96019],[-19.13695,63.9612],[-19.13548,63.9619],[-19.13417,63.96274],[-19.13193,63.96291],[-19.13096,63.96319],[-19.1306,63.96335],[-19.12982,63.96411],[-19.12783,63.9647],[-19.12616,63.96472],[-19.12379,63.96407],[-19.12031,63.96377],[-19.11695,63.96414],[-19.14336,63.95433],[-19.14328,63.95488],[-19.14225,63.95562],[-19.14203,63.95622],[-19.16394,63.94146],[-19.16348,63.9421],[-19.16133,63.94362],[-19.15935,63.94532],[-19.15861,63.94579],[-19.157,63.9473],[-19.1555,63.94829],[-19.15431,63.94934],[-19.15249,63.95008],[-19.14841,63.95128],[-19.14769,63.95139],[-19.14537,63.95276],[-19.14447,63.9531],[-19.14421,63.9534],[-19.14426,63.9536],[-19.14363,63.95372],[-19.14382,63.95382],[-19.14336,63.95433],[-19.16792,63.93779],[-19.16454,63.94029],[-19.16394,63.94146],[-19.16639,63.93547],[-19.16665,63.93638],[-19.16696,63.93672],[-19.16753,63.937],[-19.16792,63.93779],[-19.16639,63.93547],[-19.17213,63.93586],[-19.17315,63.93598],[-19.17335,63.93616],[-19.17433,63.93584],[-19.1778,63.93525],[-19.17923,63.93525],[-19.18022,63.93543],[-19.18356,63.93538],[-19.18495,63.93526],[-19.18709,63.93486],[-19.19161,63.93439],[-19.19418,63.93455],[-19.1972,63.93489],[-19.20183,63.93457],[-19.20216,63.93412],[-19.20176,63.93387],[-19.20159,63.93357],[-19.20134,63.93351],[-19.20114,63.93363],[-19.20057,63.93361]]}},{"type":"Feature","properties":{"id":"c00726610bb4","name":"Hringbrautin","length_mi":31.74,"country":"Iceland","state":null,"park":null,"park_type":null,"note":"","source":"OpenStreetMap","osm_id":"17889526","osm_ids":[],"created_at":"2025-12-22T16:12:31.873577"},"geometry":{"type":"LineString","coordinates":[[-19.27327,64.56718],[-19.27438,64.56766],[-19.27455,64.56796],[-19.27507,64.56831],[-19.27629,64.56883],[-19.27643,64.56898],[-19.27859,64.56962],[-19.28023,64.56982],[-19.28121,64.57007],[-19.28318,64.57106],[-19.2877,64.5727],[-19.29019,64.57403],[-19.2908,64.57464],[-19.29247,64.57713],[-19.29218,64.57752],[-19.29226,64.57771],[-19.29289,64.57793],[-19.29383,64.57965],[-19.29565,64.58234],[-19.29603,64.58345],[-19.29604,64.58405],[-19.29617,64.58413],[-19.29661,64.58399],[-19.29693,64.58413],[-19.29683,64.58485],[-19.29706,64.58599],[-19.29874,64.58875],[-19.29979,64.58988],[-19.30101,64.59085],[-19.30198,64.59214],[-19.30193,64.59233],[-19.30162,64.5924],[-19.3025,64.59296],[-19.30361,64.59393],[-19.30412,64.59421],[-19.30554,64.5947],[-19.3064,64.59484],[-19.30811,64.59487],[-19.3091,64.59468],[-19.30926,64.59485],[-19.30973,64.59489],[-19.31131,64.59468],[-19.31561,64.59443],[-19.31742,64.59417],[-19.31867,64.59418],[-19.31984,64.59476],[-19.32047,64.59477],[-19.32096,64.595],[-19.3222,64.59608],[-19.32252,64.59645],[-19.3224,64.59677],[-19.32291,64.59711],[-19.32365,64.5973],[-19.32505,64.59737],[-19.32638,64.59767],[-19.32958,64.5988],[-19.33708,64.60206],[-19.34391,64.60439],[-19.3444,64.60494],[-19.34472,64.60567],[-19.34641,64.60838],[-19.34632,64.60955],[-19.34609,64.61032],[-19.34649,64.61114],[-19.34708,64.61168],[-19.34734,64.6121],[-19.34617,64.61473],[-19.34551,64.61512],[-19.3453,64.61576],[-19.34487,64.61643],[-19.34402,64.61694],[-19.3436,64.6174],[-19.34334,64.61811],[-19.34285,64.61846],[-19.34255,64.61898],[-19.34261,64.61928],[-19.34253,64.61945],[-19.34195,64.61965],[-19.23854,64.57438],[-19.23942,64.57419],[-19.24011,64.57425],[-19.24205,64.5737],[-19.2562,64.57095],[-19.25654,64.57112],[-19.25644,64.57132],[-19.25787,64.57113],[-19.26109,64.5699],[-19.27035,64.5675],[-19.27308,64.56716],[-19.27327,64.56718],[-19.19218,64.5848],[-19.19328,64.58502],[-19.19452,64.58467],[-19.19814,64.58316],[-19.20017,64.58293],[-19.20073,64.58277],[-19.20177,64.5827],[-19.20258,64.58277],[-19.20414,64.58265],[-19.20571,64.5823],[-19.20656,64.58197],[-19.20845,64.58147],[-19.20918,64.58121],[-19.2098,64.58083],[-19.21095,64.58057],[-19.21137,64.58018],[-19.21239,64.57959],[-19.21691,64.5777],[-19.22141,64.57555],[-19.22519,64.57472],[-19.22853,64.57382],[-19.22952,64.57367],[-19.23424,64.57377],[-19.23854,64.57438],[-19.17806,64.59044],[-19.17956,64.59001],[-19.18411,64.58772],[-19.18973,64.58584],[-19.19218,64.5848],[-19.16518,64.65868],[-19.16394,64.65759],[-19.16367,64.65764],[-19.16373,64.65737],[-19.16325,64.6571],[-19.16255,64.65711],[-19.16184,64.65599],[-19.16076,64.65498],[-19.15895,64.6535],[-19.15824,64.65312],[-19.15622,64.65251],[-19.15485,64.65233],[-19.15107,64.65125],[-19.15027,64.65084],[-19.14995,64.65053],[-19.14782,64.64985],[-19.14616,64.64906],[-19.14555,64.64832],[-19.14492,64.64799],[-19.1444,64.64756],[-19.14343,64.64721],[-19.14252,64.64703],[-19.14242,64.64645],[-19.14202,64.64596],[-19.14172,64.64518],[-19.14143,64.64475],[-19.14104,64.64454],[-19.14084,64.64422],[-19.14051,64.64399],[-19.14052,64.64377],[-19.13984,64.64337],[-19.13902,64.64313],[-19.139,64.64295],[-19.13844,64.64262],[-19.1383,64.64244],[-19.13861,64.64173],[-19.13868,64.64117],[-19.13977,64.64023],[-19.14062,64.63981],[-19.14059,64.63928],[-19.14069,64.63914],[-19.14228,64.63837],[-19.14241,64.63784],[-19.14235,64.63742],[-19.14273,64.63698],[-19.14229,64.63667],[-19.14217,64.63625],[-19.14196,64.63608],[-19.14186,64.63577],[-19.14203,64.6356],[-19.14295,64.63525],[-19.1429,64.63483],[-19.14251,64.63418],[-19.14255,64.63394],[-19.14286,64.63361],[-19.14282,64.63332],[-19.14262,64.63288],[-19.14198,64.63199],[-19.14075,64.63104],[-19.13776,64.62906],[-19.13755,64.62875],[-19.13688,64.6282],[-19.13657,64.62773],[-19.13641,64.62698],[-19.13613,64.6267],[-19.13612,64.62643],[-19.1356,64.62519],[-19.13526,64.6247],[-19.13291,64.62234],[-19.13193,64.62151],[-19.13079,64.62028],[-19.12986,64.61854],[-19.12952,64.6175],[-19.1294,64.61674],[-19.12946,64.61638],[-19.12992,64.61602],[-19.13283,64.61465],[-19.13704,64.6116],[-19.13838,64.61096],[-19.1385,64.61074],[-19.1384,64.61009],[-19.14027,64.60901],[-19.14055,64.60897],[-19.13884,64.60874],[-19.14041,64.60873],[-19.14071,64.60858],[-19.14059,64.60804],[-19.1398,64.6078],[-19.13866,64.60784],[-19.13753,64.60761],[-19.13557,64.60618],[-19.13312,64.60409],[-19.13199,64.60344],[-19.13055,64.60285],[-19.13129,64.60267],[-19.13125,64.60252],[-19.12953,64.60236],[-19.12895,64.60218],[-19.12821,64.6017],[-19.12643,64.6014],[-19.12603,64.60096],[-19.1257,64.60079],[-19.12542,64.60027],[-19.12511,64.60002],[-19.1246,64.59909],[-19.12495,64.59811],[-19.12556,64.59762],[-19.12585,64.59711],[-19.12646,64.59668],[-19.1266,64.59589],[-19.12658,64.59574],[-19.12614,64.59535],[-19.12628,64.59507],[-19.12613,64.5943],[-19.12621,64.59393],[-19.12567,64.59303],[-19.12479,64.592],[-19.12468,64.59167],[-19.1249,64.59152],[-19.12503,64.5912],[-19.12651,64.59044],[-19.13043,64.58894],[-19.13232,64.58815],[-19.13321,64.58766],[-19.13336,64.5873],[-19.1342,64.58687],[-19.13408,64.58667],[-19.13301,64.58639],[-19.13285,64.58595],[-19.13297,64.58581],[-19.1332,64.58574],[-19.13517,64.58646],[-19.13622,64.58649],[-19.14078,64.58759],[-19.14123,64.588],[-19.14156,64.58815],[-19.1466,64.58783],[-19.14837,64.58838],[-19.14932,64.58841],[-19.15096,64.58882],[-19.15157,64.58877],[-19.15211,64.58853],[-19.15268,64.58844],[-19.1564,64.58846],[-19.15769,64.58859],[-19.16017,64.5883],[-19.16107,64.58847],[-19.16317,64.5886],[-19.16388,64.58876],[-19.16405,64.5889],[-19.16483,64.58887],[-19.16506,64.5891],[-19.16438,64.58992],[-19.16701,64.59119],[-19.16838,64.59232],[-19.16913,64.59264],[-19.16986,64.59267],[-19.1709,64.59244],[-19.17634,64.59104],[-19.17806,64.59044],[-19.16518,64.65868],[-19.16844,64.65837],[-19.17097,64.6585],[-19.17282,64.65875],[-19.17579,64.65987],[-19.17675,64.66005],[-19.18031,64.65966],[-19.18285,64.66004],[-19.18677,64.6598],[-19.19123,64.66012],[-19.19269,64.66008],[-19.19549,64.66047],[-19.20093,64.65987],[-19.20886,64.66088],[-19.21079,64.66082],[-19.21523,64.661],[-19.21689,64.66124],[-19.22065,64.6621],[-19.22324,64.66242],[-19.22434,64.66275],[-19.22699,64.66291],[-19.22847,64.66343],[-19.23205,64.66401],[-19.23385,64.66461],[-19.25731,64.66391],[-19.25726,64.66376],[-19.25629,64.66363],[-19.25588,64.6634],[-19.25554,64.66355],[-19.25233,64.66355],[-19.25183,64.66383],[-19.25081,64.66369],[-19.25013,64.66348],[-19.24995,64.66331],[-19.25002,64.66312],[-19.24992,64.66302],[-19.24927,64.66304],[-19.24385,64.66489],[-19.24351,64.66544],[-19.24433,64.66581],[-19.24422,64.66589],[-19.24262,64.66589],[-19.23385,64.66461],[-19.28006,64.66573],[-19.27934,64.66561],[-19.27862,64.66479],[-19.2778,64.66446],[-19.27322,64.66408],[-19.27264,64.66369],[-19.27199,64.66352],[-19.27001,64.66364],[-19.26312,64.66335],[-19.26282,64.66316],[-19.26218,64.66318],[-19.26126,64.66344],[-19.25843,64.6636],[-19.25802,64.66369],[-19.25779,64.66403],[-19.25731,64.66391],[-19.28006,64.66573],[-19.28057,64.66594],[-19.28092,64.66615],[-19.28127,64.66657],[-19.28167,64.66755],[-19.28108,64.66834],[-19.28086,64.6692],[-19.28127,64.66979],[-19.28193,64.67033],[-19.28209,64.67109],[-19.28237,64.67145],[-19.28399,64.67279],[-19.28449,64.67305],[-19.29031,64.67479],[-19.29065,64.67545],[-19.29149,64.67601],[-19.29188,64.67652],[-19.292,64.67714],[-19.29187,64.67791],[-19.29257,64.67881],[-19.29293,64.67993],[-19.29319,64.68035],[-19.29311,64.68075],[-19.29356,64.68138],[-19.29985,64.683],[-19.29918,64.68299],[-19.29888,64.6828],[-19.2988,64.68262],[-19.29728,64.68185],[-19.29578,64.68164],[-19.29522,64.68172],[-19.29522,64.68192],[-19.29501,64.68193],[-19.29444,64.68183],[-19.29356,64.68138],[-19.29985,64.683],[-19.30002,64.68289],[-19.30005,64.68268],[-19.30048,64.68259],[-19.30108,64.68297],[-19.30142,64.68287],[-19.3011,64.68264],[-19.30089,64.6823],[-19.30093,64.68196],[-19.30123,64.68162],[-19.30123,64.68114],[-19.30162,64.6807],[-19.30181,64.68069],[-19.30256,64.68011],[-19.30296,64.6792],[-19.30284,64.67903],[-19.30302,64.67803],[-19.30344,64.67728],[-19.30416,64.67657],[-19.30442,64.67613],[-19.30432,64.67543],[-19.30457,64.67401],[-19.30602,64.67151],[-19.30645,64.6699],[-19.30686,64.66894],[-19.30716,64.6688],[-19.30723,64.66861],[-19.30725,64.66789],[-19.30802,64.66588],[-19.30817,64.66559],[-19.30872,64.66508],[-19.3105,64.66431],[-19.31039,64.6641],[-19.30976,64.66386],[-19.30898,64.66321],[-19.3088,64.66272],[-19.30809,64.66261],[-19.30755,64.66234],[-19.30693,64.66133],[-19.30623,64.66105],[-19.30609,64.66087],[-19.3061,64.66054],[-19.33244,64.62953],[-19.33531,64.62994],[-19.33892,64.6308],[-19.3412,64.63173],[-19.34382,64.63383],[-19.34628,64.6356],[-19.34718,64.63612],[-19.34812,64.63646],[-19.35063,64.63794],[-19.34867,64.63843],[-19.34599,64.63953],[-19.34368,64.64072],[-19.34315,64.64162],[-19.34251,64.64193],[-19.34099,64.64312],[-19.3398,64.64465],[-19.3397,64.64497],[-19.33866,64.64546],[-19.33846,64.64573],[-19.33658,64.6462],[-19.33474,64.64699],[-19.32948,64.65043],[-19.3281,64.65136],[-19.32736,64.65204],[-19.32556,64.65316],[-19.32532,64.65372],[-19.3254,64.65427],[-19.32478,64.65502],[-19.32127,64.65632],[-19.31907,64.65686],[-19.31483,64.65763],[-19.314,64.65765],[-19.31399,64.65783],[-19.31364,64.65789],[-19.31316,64.65782],[-19.31279,64.65791],[-19.31243,64.65835],[-19.31103,64.65887],[-19.30724,64.65969],[-19.30699,64.66008],[-19.30619,64.66017],[-19.30592,64.66043],[-19.3061,64.66054],[-19.34195,64.61965],[-19.34129,64.62027],[-19.34136,64.62035],[-19.34101,64.62075],[-19.34007,64.62125],[-19.33913,64.62251],[-19.33921,64.62265],[-19.33907,64.62309],[-19.33836,64.62362],[-19.33844,64.62373],[-19.33807,64.62421],[-19.3375,64.62449],[-19.33752,64.62471],[-19.33523,64.62554],[-19.33502,64.62576],[-19.33513,64.62587],[-19.33424,64.62712],[-19.33416,64.62748],[-19.3338,64.62758],[-19.3335,64.62785],[-19.33353,64.62796],[-19.33323,64.62814],[-19.33282,64.62821],[-19.33263,64.62836],[-19.33282,64.6288],[-19.33226,64.62882],[-19.33221,64.62904],[-19.33207,64.62906],[-19.33234,64.62927],[-19.33255,64.62928],[-19.33244,64.62953],[-19.32882,64.63009],[-19.32699,64.62988],[-19.32009,64.63024],[-19.31806,64.63132],[-19.3168,64.63172],[-19.31639,64.63215],[-19.31576,64.63175],[-19.31486,64.63154],[-19.31477,64.63216],[-19.31358,64.63262],[-19.31242,64.63333],[-19.31192,64.63429],[-19.3125,64.63481],[-19.31175,64.63539],[-19.31221,64.63715],[-19.31143,64.63773],[-19.30994,64.63787],[-19.30851,64.63716],[-19.30752,64.63626],[-19.30627,64.63595],[-19.30461,64.6358],[-19.30353,64.63483],[-19.301,64.63464],[-19.29984,64.63444],[-19.29853,64.63375],[-19.29432,64.63253],[-19.29272,64.63243],[-19.29176,64.63254],[-19.29115,64.6329],[-19.29162,64.63392],[-19.29278,64.63447],[-19.2942,64.63588],[-19.29447,64.63713],[-19.29409,64.63807],[-19.29295,64.63868],[-19.29136,64.6387],[-19.29002,64.63854],[-19.2895,64.63883],[-19.28909,64.63969],[-19.2874,64.64005],[-19.28659,64.64054],[-19.28624,64.64096],[-19.28821,64.6436],[-19.28779,64.64339],[-19.28697,64.64331],[-19.28582,64.64301],[-19.2858,64.64273],[-19.28616,64.64238],[-19.28624,64.64096],[-19.28841,64.64355],[-19.28821,64.6436],[-19.28876,64.64354],[-19.28855,64.64353],[-19.28876,64.64354],[-19.28867,64.64364],[-19.28873,64.64385],[-19.28946,64.64435],[-19.28972,64.6444],[-19.29049,64.64425],[-19.29098,64.64444],[-19.29187,64.64452],[-19.29479,64.64411],[-19.30483,64.64845],[-19.30464,64.64833],[-19.30479,64.64823],[-19.30411,64.64806],[-19.30389,64.64796],[-19.30387,64.64783],[-19.30328,64.64772],[-19.30295,64.6475],[-19.3026,64.64715],[-19.30218,64.64639],[-19.30194,64.64629],[-19.30062,64.64608],[-19.30003,64.64586],[-19.29997,64.6457],[-19.29963,64.64554],[-19.29922,64.64548],[-19.29891,64.6452],[-19.29782,64.64506],[-19.29748,64.64468],[-19.29479,64.64411],[-19.30119,64.64977],[-19.30262,64.64938],[-19.30327,64.64936],[-19.30414,64.64883],[-19.30418,64.64858],[-19.30483,64.64845],[-19.3061,64.66054],[-19.30529,64.66031],[-19.30525,64.66019],[-19.30457,64.65993],[-19.30211,64.6593],[-19.30151,64.65899],[-19.30116,64.65862],[-19.30079,64.6576],[-19.30066,64.65653],[-19.30061,64.65586],[-19.30073,64.65515],[-19.30041,64.65492],[-19.30114,64.65443],[-19.30124,64.65421],[-19.30118,64.65357],[-19.30068,64.65243],[-19.30022,64.65206],[-19.30119,64.64977]]}},{"type":"Feature","properties":{"id":"87c549ef7337","name":"Hálshnjúkur","length_mi":1.16,"country":"Iceland","state":null,"park":null,"park_type":null,"note":"","source":"OpenStreetMap","osm_id":"14908203","osm_ids":[],"created_at":"2025-12-22T16:12:31.872577"},"geometry":{"type":"LineString","coordinates":[[-17.87711,65.71377],[-17.8758,65.71507],[-17.87478,65.71579],[-17.87332,65.7161],[-17.87161,65.71625],[-17.87098,65.71644],[-17.86972,65.7166],[-17.86808,65.71705],[-17.86681,65.71719],[-17.86578,65.71765],[-17.86349,65.71835],[-17.86185,65.71912],[-17.86215,65.71941],[-17.86223,65.71979],[-17.86219,65.72058],[-17.86202,65.72071],[-17.86171,65.72078],[-17.86097,65.72062],[-17.85961,65.72122],[-17.85751,65.72187],[-17.85671,65.72223],[-17.85668,65.72233],[-17.85706,65.72245],[-17.85705,65.72281],[-17.85679,65.72336],[-17.85601,65.72416],[-17.85584,65.72457],[-17.85554,65.72491],[-17.85579,65.72544]]}},{"type":"Feature","properties":{"id":"5d576d5a6a21","name":"Hólar","length_mi":3.42,"country":"Iceland","state":null,"park":null,"park_type":null,"note":"","source":"OpenStreetMap","osm_id":"6173423","osm_ids":[],"created_at":"2025-12-22T16:12:31.870578"},"geometry":{"type":"LineString","coordinates":[[-14.73784,65.09538],[-14.73754,65.09552],[-14.73724,65.09536],[-14.73644,65.09577],[-14.7344,65.09592],[-14.73395,65.09619],[-14.73337,65.09621],[-14.73133,65.09671],[-14.73038,65.09679],[-14.72959,65.09704],[-14.72923,65.09735],[-14.72792,65.09766],[-14.7271,65.09774],[-14.72593,65.0976],[-14.72234,65.09816],[-14.72066,65.09824],[-14.71999,65.09816],[-14.71824,65.09877],[-14.71776,65.09909],[-14.71634,65.09932],[-14.71454,65.09985],[-14.71322,65.10048],[-14.71261,65.10065],[-14.71197,65.10077],[-14.71098,65.10068],[-14.70982,65.10102],[-14.70779,65.10219],[-14.70766,65.10271],[-14.70737,65.10315],[-14.7065,65.10412],[-14.70677,65.10462],[-14.70656,65.10591],[-14.70659,65.10667],[-14.70675,65.10699],[-14.70667,65.10737],[-14.70674,65.10774],[-14.70705,65.10805],[-14.70728,65.10807],[-14.70804,65.1073],[-14.70947,65.1066],[-14.70963,65.10677],[-14.70978,65.10749],[-14.7097,65.10847],[-14.71166,65.10736],[-14.7126,65.10696],[-14.71335,65.10613],[-14.71347,65.10579],[-14.71447,65.10573],[-14.71491,65.10479],[-14.7152,65.10445],[-14.7157,65.10433],[-14.71683,65.10438],[-14.71691,65.10462],[-14.71711,65.10475],[-14.71957,65.10501],[-14.72032,65.10192],[-14.72023,65.10233],[-14.72037,65.10243],[-14.72191,65.10248],[-14.72217,65.10277],[-14.72215,65.103],[-14.72191,65.10336],[-14.7202,65.10392],[-14.71987,65.10431],[-14.71957,65.10501],[-14.72032,65.10192],[-14.71932,65.10181],[-14.72032,65.10192],[-14.71932,65.10181],[-14.73005,65.09988],[-14.72835,65.09993],[-14.72416,65.09974],[-14.72119,65.10095],[-14.72004,65.10128],[-14.72037,65.1015],[-14.72032,65.10192],[-14.73526,65.09592],[-14.73494,65.09634],[-14.73361,65.09669],[-14.73275,65.09709],[-14.73214,65.09777],[-14.73198,65.0983],[-14.73117,65.09913],[-14.73103,65.09942],[-14.73053,65.09974],[-14.73005,65.09988],[-14.73784,65.09538],[-14.73754,65.09552],[-14.73724,65.09536],[-14.73644,65.09577],[-14.73526,65.09592]]}},{"type":"Feature","properties":{"id":"730b55acb0ad","name":"Kaldalón","length_mi":3.07,"country":"Iceland","state":null,"park":null,"park_type":null,"note":"","source":"OpenStreetMap","osm_id":"6224418","osm_ids":[],"created_at":"2025-12-22T16:12:31.870578"},"geometry":{"type":"LineString","coordinates":[[-22.35611,66.09579],[-22.35505,66.0959],[-22.35362,66.09588],[-22.34985,66.09664],[-22.30826,66.10212],[-22.30889,66.10209],[-22.30913,66.10193],[-22.31588,66.10131],[-22.32047,66.10076],[-22.32294,66.10013],[-22.32624,66.09994],[-22.32649,66.09979],[-22.32811,66.09966],[-22.32974,66.09921],[-22.33276,66.09892],[-22.33554,66.09846],[-22.33665,66.0984],[-22.33755,66.0985],[-22.33848,66.09828],[-22.33921,66.09794],[-22.34118,66.09762],[-22.34384,66.09742],[-22.3449,66.09717],[-22.34639,66.09733],[-22.3471,66.09714],[-22.34766,66.09686],[-22.34905,66.09675],[-22.30804,66.10213],[-22.30736,66.10261],[-22.30708,66.10296],[-22.30665,66.1032],[-22.30581,66.10314],[-22.3044,66.1042],[-22.30367,66.105],[-22.30338,66.10509],[-22.30352,66.10525],[-22.30342,66.10595],[-22.30445,66.10618],[-22.30673,66.10588],[-22.30435,66.10711],[-22.30395,66.10744],[-22.30282,66.1077],[-22.30183,66.10835],[-22.30036,66.10875],[-22.29943,66.10885],[-22.29927,66.1092],[-22.2986,66.10916],[-22.29771,66.10981],[-22.2966,66.11037],[-22.29733,66.11068],[-22.29712,66.11115],[-22.29611,66.11118],[-22.29557,66.11142],[-22.29466,66.11154],[-22.29383,66.11212],[-22.29345,66.11262],[-22.29151,66.11327],[-22.29139,66.11367],[-22.28993,66.11418],[-22.29012,66.11455],[-22.28974,66.11496],[-22.28976,66.11561],[-22.28909,66.11713],[-22.28838,66.11918]]}},{"type":"Feature","properties":{"id":"a979a440e746","name":"Kerlingardalsvegur","length_mi":9.99,"country":"Iceland","state":null,"park":null,"park_type":null,"note":"","source":"OpenStreetMap","osm_id":"3323267","osm_ids":[],"created_at":"2025-12-22T16:12:31.868577"},"geometry":{"type":"LineString","coordinates":[[-18.88917,63.5305],[-18.88848,63.53015],[-18.88756,63.53035],[-18.88572,63.52996],[-18.88284,63.52909],[-18.8822,63.52869],[-18.88236,63.52807],[-18.88288,63.52738],[-18.8838,63.52578],[-18.88333,63.52527],[-18.88307,63.52362],[-18.88199,63.52155],[-18.88207,63.52112],[-18.88238,63.52066],[-18.88225,63.5203],[-18.87971,63.51967],[-18.87808,63.51916],[-18.87692,63.51864],[-18.8728,63.51746],[-18.87045,63.51639],[-18.86876,63.51612],[-18.86706,63.51561],[-18.8667,63.51517],[-18.86683,63.51418],[-18.86665,63.51388],[-18.86546,63.51233],[-18.86359,63.51021],[-18.85913,63.50719],[-18.85762,63.50645],[-18.85714,63.50527],[-18.85756,63.50469],[-18.85793,63.5045],[-18.86088,63.50421],[-18.86258,63.50368],[-18.8629,63.50332],[-18.86283,63.50268],[-18.86299,63.50196],[-18.86317,63.50181],[-18.86439,63.50268],[-18.8654,63.50309],[-18.86596,63.50308],[-18.86752,63.50269],[-18.86893,63.50204],[-18.8697,63.50115],[-18.87004,63.50048],[-18.86992,63.49902],[-18.87012,63.49822],[-18.87072,63.4979],[-18.8728,63.49755],[-18.87556,63.49623],[-18.87586,63.49579],[-18.87476,63.49484],[-18.87468,63.49473],[-18.8748,63.49455],[-18.87675,63.49429],[-18.87817,63.49386],[-18.87921,63.49311],[-18.88008,63.49224],[-18.88301,63.49106],[-18.88446,63.49028],[-18.88544,63.48951],[-18.88597,63.48895],[-18.88882,63.48583],[-18.88916,63.48529],[-18.88961,63.48396],[-18.8903,63.48315],[-18.89056,63.48263],[-18.89073,63.48169],[-18.89065,63.48137],[-18.8891,63.47749],[-18.88851,63.47705],[-18.88703,63.47678],[-18.88661,63.47623],[-18.88678,63.47593],[-18.88719,63.47576],[-18.8879,63.47566],[-18.88872,63.47572],[-18.88965,63.47523],[-18.89065,63.4749],[-18.89114,63.47492],[-18.89188,63.47515],[-18.89247,63.47513],[-18.89282,63.47498],[-18.89308,63.47464],[-18.89346,63.47401],[-18.89349,63.47373],[-18.89286,63.47316],[-18.89286,63.47252],[-18.8931,63.47218],[-18.89384,63.47175],[-18.89378,63.47071],[-18.89391,63.47019],[-18.89378,63.46976],[-18.89347,63.46933],[-18.89289,63.46878],[-18.89294,63.46776],[-18.89193,63.46753],[-18.89041,63.46768],[-18.88969,63.46749],[-18.88941,63.46733],[-18.88931,63.46679],[-18.88839,63.4657],[-18.88822,63.46525],[-18.88794,63.46489],[-18.88554,63.46403],[-18.88455,63.46394],[-18.88276,63.4643],[-18.87998,63.46446],[-18.87822,63.46434],[-18.8767,63.4639],[-18.87619,63.46342],[-18.87597,63.46222],[-18.87602,63.46132],[-18.8759,63.46106],[-18.87499,63.46042],[-18.87237,63.45948],[-18.87181,63.45913],[-18.87048,63.45807],[-18.87027,63.45774],[-18.87027,63.45742],[-18.87071,63.45629],[-18.87117,63.45579],[-18.87584,63.45292],[-18.876,63.4524],[-18.8753,63.45161],[-18.87528,63.45122],[-18.87617,63.45008],[-18.8767,63.44975],[-18.88525,63.44725],[-18.88591,63.44721],[-18.88896,63.44756],[-18.88917,63.44753],[-18.88987,63.44702],[-18.89302,63.44611],[-18.89557,63.44603],[-18.89677,63.44584],[-18.9003,63.44428],[-18.90428,63.44304],[-18.90435,63.44232],[-18.90402,63.43636],[-18.90416,63.43579],[-18.90452,63.43521],[-18.90529,63.43457],[-18.90782,63.43336],[-18.90863,63.43283],[-18.90935,63.43205],[-18.90953,63.43128],[-18.90899,63.4298],[-18.90894,63.42912],[-18.90926,63.42794],[-18.90922,63.4274],[-18.90879,63.42672],[-18.90783,63.42606],[-18.90511,63.42514],[-18.90371,63.42444],[-18.90357,63.42425]]}},{"type":"Feature","properties":{"id":"43a1e6c88e7c","name":"Kirkjubæjarklaustur","length_mi":2.31,"country":"Iceland","state":null,"park":null,"park_type":null,"note":"","source":"OpenStreetMap","osm_id":"6160949","osm_ids":[],"created_at":"2025-12-22T16:12:31.870578"},"geometry":{"type":"LineString","coordinates":[[-18.041,63.79325],[-18.04089,63.79369],[-18.04155,63.79265],[-18.04118,63.79285],[-18.041,63.79325],[-18.04141,63.7926],[-18.04155,63.79265],[-18.04777,63.78945],[-18.04632,63.79032],[-18.04328,63.79161],[-18.04273,63.7919],[-18.04255,63.79212],[-18.04141,63.7926],[-18.04963,63.78815],[-18.04955,63.78832],[-18.04777,63.78945],[-18.05066,63.7874],[-18.04963,63.78815],[-18.05162,63.78712],[-18.05066,63.7874],[-18.05217,63.78685],[-18.05329,63.78681],[-18.05342,63.78664],[-18.05376,63.78662],[-18.0542,63.78716],[-18.05535,63.78753],[-18.05555,63.7874],[-18.05535,63.78753],[-18.05902,63.78666],[-18.05625,63.78709],[-18.05555,63.7874],[-18.05902,63.78666],[-18.05955,63.787],[-18.05971,63.78689],[-18.06079,63.78676],[-18.06199,63.78674],[-18.06188,63.78683],[-18.06209,63.78684],[-18.06189,63.78699],[-18.06221,63.78705],[-18.06189,63.78727],[-18.06213,63.78744],[-18.06153,63.78783],[-18.06175,63.78799],[-18.06087,63.7884],[-18.06024,63.78962],[-18.05951,63.79034],[-18.05958,63.79086],[-18.05945,63.79103],[-18.05958,63.7915],[-18.05938,63.79224],[-18.05906,63.79246],[-18.05782,63.79284],[-18.05777,63.79333],[-18.05739,63.79384],[-18.0575,63.79403],[-18.05747,63.79425],[-18.05681,63.79465],[-18.05668,63.79486],[-18.05669,63.79529],[-18.05772,63.79553],[-18.05789,63.79568],[-18.05773,63.79627],[-18.05722,63.79671],[-18.05731,63.79736],[-18.0568,63.79736],[-18.05594,63.79763],[-18.05545,63.79764],[-18.05542,63.79775],[-18.05457,63.79781],[-18.0538,63.79814],[-18.05321,63.79803],[-18.05227,63.79764],[-18.05202,63.79761],[-18.05153,63.79781],[-18.05061,63.79779],[-18.04905,63.79718],[-18.04712,63.7958],[-18.04724,63.79584],[-18.04905,63.79718],[-18.04704,63.79576],[-18.04712,63.7958],[-18.04624,63.79529],[-18.04704,63.79576]]}},{"type":"Feature","properties":{"id":"614a4f1fe722","name":"Kirkjuhringur","length_mi":1.35,"country":"Iceland","state":null,"park":null,"park_type":null,"note":"","source":"OpenStreetMap","osm_id":"14377285","osm_ids":[],"created_at":"2025-12-22T16:12:31.872577"},"geometry":{"type":"LineString","coordinates":[[-16.91318,65.59012],[-16.91406,65.58979],[-16.91408,65.58955],[-16.91427,65.58945],[-16.9143,65.58912],[-16.91442,65.58899],[-16.91428,65.58888],[-16.91462,65.5887],[-16.91378,65.58791],[-16.91146,65.58735],[-16.91106,65.58697],[-16.91066,65.58687],[-16.91021,65.58624],[-16.91079,65.58597],[-16.91092,65.58581],[-16.91021,65.58548],[-16.90948,65.58544],[-16.90805,65.58573],[-16.90633,65.58559],[-16.90608,65.58566],[-16.90592,65.58592],[-16.9055,65.58601],[-16.90472,65.5859],[-16.90432,65.58601],[-16.90345,65.58581],[-16.90285,65.58588],[-16.90168,65.58577],[-16.90212,65.58606],[-16.90155,65.5863],[-16.90169,65.58645],[-16.90158,65.58667],[-16.90126,65.58689],[-16.90125,65.58742],[-16.90254,65.58782],[-16.90391,65.58792],[-16.90419,65.58808],[-16.90424,65.58838],[-16.90448,65.58867],[-16.90436,65.58881],[-16.90451,65.58908],[-16.90584,65.59017],[-16.91149,65.59024],[-16.91073,65.59019],[-16.91014,65.58989],[-16.90852,65.58956],[-16.90807,65.58969],[-16.90719,65.58974],[-16.90708,65.58993],[-16.90584,65.59017],[-16.91318,65.59012],[-16.91149,65.59024]]}},{"type":"Feature","properties":{"id":"8272eff5e7f3","name":"Kjalvegur","length_mi":12.88,"country":"Iceland","state":null,"park":null,"park_type":null,"note":"","source":"OpenStreetMap","osm_id":"13548","osm_ids":[],"created_at":"2025-12-22T16:12:31.867577"},"geometry":{"type":"LineString","coordinates":[[-19.62476,64.75189],[-19.62487,64.75221],[-19.62539,64.75246],[-19.62692,64.75298],[-19.6288,64.75385],[-19.62908,64.75427],[-19.63067,64.75506],[-19.63146,64.75595],[-19.63273,64.7565],[-19.63391,64.75688],[-19.63546,64.75715],[-19.63687,64.75763],[-19.63796,64.75779],[-19.64248,64.75804],[-19.64412,64.75854],[-19.64657,64.75891],[-19.64721,64.75927],[-19.64936,64.75996],[-19.65133,64.76013],[-19.65211,64.7603],[-19.65275,64.76056],[-19.65494,64.76111],[-19.6573,64.76216],[-19.65787,64.76224],[-19.65859,64.76259],[-19.6593,64.76313],[-19.66067,64.76367],[-19.6615,64.76379],[-19.66225,64.76427],[-19.66428,64.76493],[-19.6658,64.76518],[-19.66824,64.76587],[-19.66908,64.7664],[-19.67016,64.76658],[-19.67172,64.76712],[-19.6727,64.76829],[-19.67318,64.76851],[-19.67374,64.76914],[-19.67495,64.76941],[-19.67664,64.77084],[-19.67708,64.77101],[-19.67751,64.7714],[-19.67767,64.77171],[-19.67764,64.7724],[-19.67738,64.77326],[-19.67762,64.77354],[-19.6774,64.77418],[-19.67694,64.77433],[-19.67658,64.77495],[-19.67569,64.77575],[-19.67547,64.77634],[-19.67533,64.77643],[-19.67537,64.777],[-19.67605,64.7776],[-19.67533,64.77852],[-19.67535,64.7789],[-19.67547,64.77913],[-19.676,64.77949],[-19.67605,64.77968],[-19.6767,64.78009],[-19.67668,64.78068],[-19.67786,64.7812],[-19.67817,64.78151],[-19.67805,64.78189],[-19.67813,64.78196],[-19.67799,64.78207],[-19.678,64.78241],[-19.67768,64.78269],[-19.6777,64.78286],[-19.67782,64.7833],[-19.67821,64.78375],[-19.67879,64.78513],[-19.67937,64.78541],[-19.67974,64.78573],[-19.68218,64.78611],[-19.68416,64.78753],[-19.68463,64.78811],[-19.68541,64.7887],[-19.68594,64.78945],[-19.68614,64.79013],[-19.68704,64.79075],[-19.68721,64.79098],[-19.68723,64.79164],[-19.68753,64.79252],[-19.68755,64.79301],[-19.68831,64.79418],[-19.68864,64.79413],[-19.68952,64.79433],[-19.69137,64.79517],[-19.69172,64.7955],[-19.69242,64.79725],[-19.6941,64.79832],[-19.6943,64.79866],[-19.69501,64.79936],[-19.69627,64.8002],[-19.69699,64.80086],[-19.69905,64.80175],[-19.7053,64.80256],[-19.70967,64.80359],[-19.71098,64.80407],[-19.71122,64.80452],[-19.71224,64.80532],[-19.71248,64.80571],[-19.71238,64.80595],[-19.71185,64.80651],[-19.71106,64.80696],[-19.7104,64.80716],[-19.71013,64.80762],[-19.71077,64.80809],[-19.71036,64.80854],[-19.7111,64.8091],[-19.71111,64.80954],[-19.71172,64.80981],[-19.71174,64.81019],[-19.71155,64.81045],[-19.71165,64.81048],[-19.71163,64.81073],[-19.711,64.81097],[-19.71085,64.81118],[-19.71142,64.81162],[-19.71112,64.81205],[-19.71051,64.81252],[-19.71024,64.81303],[-19.71023,64.8132],[-19.71043,64.81331],[-19.71035,64.81341],[-19.70931,64.81407],[-19.70921,64.81417],[-19.70925,64.81432],[-19.70801,64.81531],[-19.70647,64.81588],[-19.70506,64.81599],[-19.7008,64.81722],[-19.6997,64.81778],[-19.69956,64.81803],[-19.69961,64.81843],[-19.69928,64.81902],[-19.69918,64.81958],[-19.69854,64.81988],[-19.6981,64.81997],[-19.6976,64.81991],[-19.69636,64.81937],[-19.69522,64.81924],[-19.69506,64.8194],[-19.6954,64.81976],[-19.69539,64.8202],[-19.69524,64.82045],[-19.69492,64.82058],[-19.69101,64.82121],[-19.68829,64.82096],[-19.68582,64.82101],[-19.68512,64.82118],[-19.68366,64.82083],[-19.68302,64.82084],[-19.68147,64.8216],[-19.67871,64.82222],[-19.67845,64.82262],[-19.67876,64.82293],[-19.67879,64.8231],[-19.67851,64.82358],[-19.67853,64.82406],[-19.67814,64.82467],[-19.67888,64.82574],[-19.68016,64.82717],[-19.67952,64.8277],[-19.67809,64.82828],[-19.67781,64.82893],[-19.67657,64.8293],[-19.67571,64.83023],[-19.67466,64.8308],[-19.67402,64.83142],[-19.67359,64.83255],[-19.67358,64.83348],[-19.67407,64.83399],[-19.6741,64.83422],[-19.67356,64.83475],[-19.67313,64.83493],[-19.67281,64.83531],[-19.67285,64.83545],[-19.674,64.83622],[-19.67419,64.83646],[-19.67346,64.83691],[-19.67215,64.83706],[-19.66897,64.8383],[-19.66849,64.83859],[-19.66817,64.83897],[-19.66669,64.83972],[-19.66541,64.84021],[-19.66429,64.841],[-19.66227,64.84187],[-19.66172,64.84256],[-19.66095,64.84308],[-19.66066,64.84368],[-19.66097,64.84467],[-19.66098,64.84502],[-19.6606,64.84612],[-19.66125,64.84673],[-19.66133,64.84722],[-19.66161,64.84777],[-19.6615,64.84794],[-19.66054,64.84844],[-19.65944,64.8493],[-19.65697,64.8504],[-19.65505,64.85077],[-19.65279,64.85146],[-19.65263,64.85161],[-19.6524,64.85234],[-19.65257,64.85279],[-19.65226,64.85315],[-19.64659,64.85443],[-19.64524,64.85456],[-19.64438,64.85478],[-19.64321,64.85475],[-19.6423,64.85498],[-19.63967,64.85519],[-19.6368,64.85564],[-19.63233,64.85691],[-19.62989,64.85702],[-19.62607,64.85814],[-19.6242,64.85824],[-19.61968,64.85905],[-19.61879,64.85932],[-19.61613,64.86047],[-19.615,64.86075],[-19.61383,64.86066],[-19.61343,64.86075],[-19.6131,64.86085],[-19.61293,64.86143],[-19.61002,64.86212],[-19.60895,64.86222],[-19.60752,64.86175],[-19.60597,64.86174],[-19.60466,64.86219],[-19.60461,64.86244],[-19.60376,64.86291],[-19.60248,64.86331],[-19.60116,64.86393],[-19.59997,64.86419],[-19.59867,64.86385],[-19.59799,64.86442],[-19.59784,64.86481],[-19.59736,64.86493],[-19.59136,64.86501],[-19.59075,64.86529],[-19.59048,64.86573],[-19.58938,64.86631],[-19.58834,64.86649],[-19.58813,64.86708],[-19.588,64.86715],[-19.58701,64.8674],[-19.58454,64.86758],[-19.58214,64.86854],[-19.57647,64.86985],[-19.57436,64.86988],[-19.5733,64.8696],[-19.56777,64.86885],[-19.56725,64.86866],[-19.56668,64.86819],[-19.56558,64.86756],[-19.56507,64.86746],[-19.56442,64.86754],[-19.56454,64.86739],[-19.5645,64.86725],[-19.56391,64.86661],[-19.56424,64.86661],[-19.56435,64.86702]]}},{"type":"Feature","properties":{"id":"ee08659e3295","name":"Krafla","length_mi":3.61,"country":"Iceland","state":null,"park":null,"park_type":null,"note":"","source":"OpenStreetMap","osm_id":"6227735","osm_ids":[],"created_at":"2025-12-22T16:12:31.871577"},"geometry":{"type":"LineString","coordinates":[[-16.7746,65.71314],[-16.77643,65.7136],[-16.77733,65.71426],[-16.78338,65.71768],[-16.7843,65.71847],[-16.78595,65.71946],[-16.78657,65.71996],[-16.78697,65.72064],[-16.78705,65.7211],[-16.78691,65.72135],[-16.78686,65.72216],[-16.78735,65.72231],[-16.78769,65.72206],[-16.78778,65.72257],[-16.78873,65.72313],[-16.78971,65.72344],[-16.78999,65.72381],[-16.78977,65.72421],[-16.79003,65.72429],[-16.79017,65.72455],[-16.79127,65.72524],[-16.79125,65.72535],[-16.79142,65.72551],[-16.79215,65.72563],[-16.79236,65.72577],[-16.79241,65.72609],[-16.7931,65.72598],[-16.79364,65.72557],[-16.7938,65.725],[-16.79359,65.7247],[-16.79392,65.72433],[-16.79389,65.72392],[-16.79416,65.72372],[-16.79395,65.72336],[-16.79468,65.72292],[-16.79467,65.72243],[-16.79402,65.72253],[-16.7931,65.7225],[-16.79303,65.72246],[-16.7932,65.72222],[-16.79294,65.72188],[-16.79407,65.72142],[-16.7943,65.7212],[-16.79398,65.72083],[-16.79414,65.72073],[-16.79422,65.72047],[-16.7945,65.72032],[-16.79447,65.72023],[-16.79331,65.71975],[-16.79316,65.71938],[-16.79278,65.71926],[-16.7924,65.71894],[-16.79133,65.71896],[-16.79119,65.71906],[-16.79123,65.71936],[-16.79129,65.71898],[-16.79119,65.71906],[-16.79123,65.71936],[-16.79129,65.71898],[-16.79108,65.71891],[-16.79078,65.71858],[-16.79085,65.71847],[-16.79129,65.71898],[-16.79108,65.71891],[-16.79078,65.71851],[-16.7925,65.71901],[-16.79191,65.7189],[-16.79129,65.71898],[-16.79268,65.71895],[-16.79249,65.71867],[-16.79256,65.71837],[-16.79242,65.71808],[-16.79244,65.71746],[-16.79234,65.71731],[-16.79054,65.71654],[-16.78837,65.71626],[-16.78743,65.71568],[-16.78698,65.71563],[-16.78499,65.71576],[-16.78386,65.71633],[-16.78196,65.71691],[-16.7746,65.71314],[-16.77643,65.7136],[-16.77733,65.71426],[-16.78196,65.71691],[-16.77391,65.7129],[-16.7746,65.71314],[-16.77391,65.7129],[-16.77347,65.7125],[-16.77288,65.71224],[-16.77216,65.71252],[-16.77118,65.71269],[-16.76812,65.71281],[-16.76632,65.71302],[-16.76458,65.7134],[-16.76317,65.71385],[-16.7623,65.71442],[-16.76178,65.716],[-16.76115,65.71667],[-16.75974,65.71729],[-16.7587,65.7175],[-16.75763,65.71757],[-16.75742,65.71782],[-16.75857,65.7178],[-16.75908,65.71744]]}},{"type":"Feature","properties":{"id":"3a2a76b76035","name":"Kristínartindar","length_mi":10.93,"country":"Iceland","state":null,"park":null,"park_type":null,"note":"","source":"OpenStreetMap","osm_id":"6161045","osm_ids":["5451032"],"created_at":"2025-12-22T16:12:31.870578"},"geometry":{"type":"LineString","coordinates":[[-16.92014,64.05746],[-16.92075,64.05646],[-16.92119,64.05607],[-16.92178,64.05576],[-16.9224,64.05512],[-16.92255,64.05481],[-16.92226,64.05359],[-16.92118,64.05295],[-16.92038,64.06278],[-16.92086,64.06182],[-16.92313,64.06024],[-16.92275,64.05997],[-16.92221,64.05924],[-16.92168,64.05876],[-16.92157,64.05831],[-16.9212,64.05797],[-16.92018,64.05775],[-16.91968,64.05775],[-16.92014,64.05746],[-16.92571,64.06586],[-16.92582,64.06553],[-16.92691,64.06432],[-16.92546,64.06424],[-16.92296,64.06493],[-16.92269,64.06386],[-16.92223,64.06315],[-16.92038,64.06278],[-16.92571,64.06586],[-16.9256,64.06616],[-16.92584,64.06646],[-16.92629,64.06771],[-16.92695,64.06757],[-16.92714,64.06792],[-16.92661,64.06847],[-16.92659,64.06881],[-16.92612,64.06926],[-16.92571,64.06586],[-16.9256,64.06616],[-16.92584,64.06646],[-16.92629,64.06771],[-16.92695,64.06757],[-16.92714,64.06792],[-16.92661,64.06847],[-16.92659,64.06881],[-16.92612,64.06926],[-16.93843,64.06219],[-16.93671,64.06292],[-16.93349,64.06335],[-16.93172,64.06419],[-16.92942,64.06553],[-16.92571,64.06586],[-16.94627,64.06493],[-16.94256,64.06353],[-16.94001,64.0629],[-16.93993,64.06252],[-16.93843,64.06219],[-16.94792,64.06626],[-16.94766,64.06601],[-16.94678,64.06572],[-16.94639,64.06529],[-16.94627,64.06493],[-16.94792,64.06626],[-16.94754,64.06699],[-16.94792,64.06626],[-16.94754,64.06699],[-16.95083,64.06452],[-16.95061,64.06502],[-16.95009,64.06551],[-16.95004,64.06572],[-16.94985,64.06561],[-16.94792,64.06626],[-16.98245,64.02779],[-16.98109,64.02864],[-16.98013,64.02971],[-16.97966,64.03002],[-16.97897,64.03101],[-16.97663,64.03247],[-16.97611,64.03382],[-16.97595,64.03524],[-16.97558,64.03638],[-16.97492,64.03663],[-16.97418,64.03723],[-16.97404,64.03774],[-16.97418,64.03794],[-16.97419,64.03858],[-16.97438,64.03906],[-16.97367,64.0396],[-16.97378,64.04032],[-16.97214,64.04136],[-16.97119,64.04269],[-16.96893,64.04391],[-16.96828,64.04495],[-16.96838,64.04526],[-16.96911,64.04564],[-16.9693,64.04603],[-16.96926,64.04617],[-16.96973,64.04656],[-16.97151,64.04787],[-16.97302,64.04884],[-16.97341,64.04896],[-16.97629,64.05119],[-16.97627,64.05153],[-16.97586,64.05209],[-16.97525,64.05253],[-16.97518,64.05288],[-16.97455,64.05382],[-16.97301,64.05486],[-16.97274,64.05534],[-16.97248,64.05542],[-16.97258,64.05566],[-16.9716,64.05577],[-16.97132,64.05631],[-16.97088,64.05681],[-16.97043,64.05688],[-16.96823,64.05786],[-16.96591,64.05848],[-16.95405,64.06234],[-16.95376,64.06247],[-16.95364,64.06261],[-16.95371,64.06271],[-16.95289,64.06354],[-16.95214,64.06399],[-16.95083,64.06452],[-16.98149,64.02589],[-16.98178,64.02598],[-16.98177,64.02613],[-16.98194,64.02625],[-16.98212,64.02683],[-16.98206,64.02711],[-16.98222,64.02724],[-16.98245,64.02779],[-16.98149,64.02589],[-16.98204,64.02502],[-16.98182,64.02464],[-16.98186,64.02426],[-16.98147,64.0239],[-16.98035,64.02342],[-16.98011,64.02295],[-16.98018,64.0221],[-16.98088,64.02166],[-16.98106,64.02139],[-16.98092,64.02128],[-16.98077,64.02132],[-16.98028,64.02161],[-16.97999,64.02143],[-16.97943,64.02135],[-16.9797,64.01986],[-16.97952,64.02002],[-16.97958,64.02026],[-16.97902,64.02059],[-16.97892,64.02088],[-16.97943,64.02135],[-16.97957,64.01952],[-16.9793,64.01973],[-16.9797,64.01986],[-16.97841,64.01964],[-16.97914,64.01948],[-16.97957,64.01952],[-16.97832,64.01958],[-16.97841,64.01964],[-16.97804,64.01882],[-16.97832,64.01958],[-16.97206,64.01685],[-16.97247,64.01705],[-16.97488,64.01729],[-16.97642,64.01797],[-16.97751,64.01832],[-16.97804,64.01882],[-16.9717,64.01656],[-16.97229,64.01666],[-16.97241,64.01675],[-16.97206,64.01685],[-16.97074,64.01664],[-16.9717,64.01656],[-16.96789,64.01647],[-16.96935,64.01676],[-16.97074,64.01664],[-16.96726,64.01635],[-16.96935,64.01676],[-16.9717,64.01656],[-16.97242,64.01673],[-16.93819,64.03067],[-16.93991,64.03031],[-16.94188,64.02954],[-16.94204,64.02938],[-16.94228,64.02878],[-16.94278,64.02837],[-16.94427,64.0278],[-16.9469,64.02643],[-16.94761,64.02629],[-16.94808,64.02602],[-16.94901,64.02578],[-16.95074,64.02573],[-16.95177,64.02556],[-16.95249,64.02498],[-16.95343,64.02458],[-16.95294,64.02431],[-16.95342,64.0239],[-16.95287,64.02379],[-16.9515,64.02387],[-16.95136,64.02378],[-16.95244,64.02348],[-16.95435,64.02242],[-16.95752,64.0211],[-16.95821,64.02086],[-16.95851,64.02094],[-16.95866,64.02086],[-16.95866,64.02062],[-16.95893,64.02044],[-16.96108,64.02004],[-16.96412,64.01929],[-16.96539,64.01874],[-16.9657,64.0187],[-16.96609,64.01842],[-16.96812,64.01809],[-16.9691,64.01762],[-16.97113,64.01719],[-16.97206,64.01685],[-16.93819,64.03067],[-16.93714,64.03064],[-16.93666,64.03047],[-16.93819,64.03067],[-16.93714,64.03064],[-16.93666,64.03047],[-16.92118,64.05295],[-16.92123,64.05273],[-16.92141,64.05257],[-16.92242,64.05237],[-16.92372,64.05179],[-16.92538,64.05083],[-16.92664,64.0489],[-16.9283,64.04791],[-16.92853,64.04644],[-16.92834,64.04585],[-16.92879,64.04534],[-16.92867,64.04501],[-16.92963,64.04377],[-16.92857,64.0431],[-16.92853,64.04166],[-16.92873,64.04135],[-16.92883,64.04077],[-16.931,64.03938],[-16.9312,64.03905],[-16.93141,64.03898],[-16.93173,64.0384],[-16.93278,64.03796],[-16.93279,64.03785],[-16.93353,64.03765],[-16.93361,64.03745],[-16.93394,64.03722],[-16.93482,64.03689],[-16.93624,64.03575],[-16.93643,64.0355],[-16.93635,64.03538],[-16.93692,64.0348],[-16.93755,64.03437],[-16.9379,64.03382],[-16.93777,64.03369],[-16.9379,64.0334],[-16.93765,64.03317],[-16.93759,64.03292],[-16.93818,64.03228],[-16.93819,64.03067]]}},{"type":"Feature","properties":{"id":"b48c99144e71","name":"Krysuvik-Thermalgebiet","length_mi":7.24,"country":"Iceland","state":null,"park":null,"park_type":null,"note":"","source":"OpenStreetMap","osm_id":"6124715","osm_ids":[],"created_at":"2025-12-22T16:12:31.868577"},"geometry":{"type":"LineString","coordinates":[[-22.05246,63.89591],[-22.05237,63.89608],[-22.05246,63.8963],[-22.05286,63.89645],[-22.053,63.89663],[-22.05291,63.89692],[-22.05299,63.89709],[-22.05383,63.89743],[-22.05437,63.89754],[-22.05642,63.89687],[-22.05751,63.89705],[-22.05807,63.89731],[-22.05812,63.89747],[-22.05904,63.89806],[-22.05951,63.8991],[-22.05943,63.89964],[-22.05965,63.89979],[-22.05957,63.89989],[-22.06024,63.90013],[-22.06225,63.90052],[-22.06319,63.90086],[-22.06342,63.90107],[-22.06442,63.9024],[-22.06479,63.90268],[-22.06488,63.90311],[-22.06459,63.90345],[-22.06462,63.90363],[-22.06473,63.90387],[-22.06525,63.90415],[-22.06528,63.90446],[-22.06472,63.90513],[-22.06436,63.90583],[-22.06334,63.90632],[-22.06283,63.90673],[-22.06274,63.90723],[-22.06372,63.90761],[-22.06406,63.90827],[-22.06445,63.90857],[-22.06466,63.90891],[-22.06584,63.90944],[-22.06688,63.91038],[-22.06456,63.90251],[-22.06479,63.90268],[-22.06488,63.90311],[-22.06459,63.90345],[-22.06462,63.90363],[-22.06473,63.90387],[-22.06525,63.90415],[-22.06528,63.90446],[-22.06472,63.90513],[-22.06436,63.90583],[-22.06334,63.90632],[-22.06283,63.90673],[-22.06274,63.90723],[-22.06372,63.90761],[-22.06406,63.90827],[-22.06445,63.90857],[-22.06466,63.90891],[-22.06584,63.90944],[-22.06688,63.91038],[-22.06559,63.88773],[-22.06638,63.88772],[-22.06642,63.88784],[-22.06792,63.88805],[-22.06847,63.88758],[-22.06884,63.88747],[-22.06887,63.887],[-22.0695,63.88676],[-22.06969,63.88645],[-22.06936,63.88603],[-22.07024,63.88574],[-22.07074,63.88599],[-22.0718,63.88608],[-22.07226,63.88628],[-22.07336,63.88649],[-22.07463,63.88615],[-22.07622,63.88639],[-22.07666,63.88624],[-22.07793,63.88645],[-22.07838,63.88637],[-22.07903,63.88654],[-22.08251,63.88648],[-22.08279,63.88655],[-22.0824,63.88687],[-22.08378,63.88751],[-22.08389,63.88767],[-22.08375,63.88805],[-22.0826,63.88893],[-22.08161,63.8889],[-22.08081,63.8891],[-22.07975,63.88957],[-22.07946,63.88996],[-22.07898,63.89009],[-22.07836,63.89001],[-22.07847,63.89031],[-22.07837,63.89081],[-22.07903,63.89107],[-22.0788,63.8912],[-22.0789,63.89168],[-22.07879,63.89173],[-22.07882,63.89189],[-22.07926,63.89273],[-22.07931,63.89308],[-22.08,63.89405],[-22.07956,63.89426],[-22.08034,63.89479],[-22.08123,63.89506],[-22.08097,63.89543],[-22.07874,63.89651],[-22.07452,63.89775],[-22.0741,63.89803],[-22.074,63.89826],[-22.07326,63.89852],[-22.07268,63.89896],[-22.07246,63.89933],[-22.07163,63.89939],[-22.07038,63.89983],[-22.07019,63.89951],[-22.06838,63.90025],[-22.06527,63.90204],[-22.06485,63.90245],[-22.06456,63.90251],[-22.06559,63.88773],[-22.06638,63.88772],[-22.06642,63.88784],[-22.06792,63.88805],[-22.06847,63.88758],[-22.06884,63.88747],[-22.06887,63.887],[-22.0695,63.88676],[-22.06969,63.88645],[-22.06936,63.88603],[-22.07024,63.88574],[-22.07074,63.88599],[-22.0718,63.88608],[-22.07226,63.88628],[-22.07336,63.88649],[-22.07463,63.88615],[-22.07622,63.88639],[-22.07666,63.88624],[-22.07793,63.88645],[-22.07838,63.88637],[-22.07903,63.88654],[-22.08251,63.88648],[-22.08279,63.88655],[-22.0824,63.88687],[-22.08378,63.88751],[-22.08389,63.88767],[-22.08375,63.88805],[-22.08279,63.88884],[-22.08237,63.88897],[-22.08161,63.8889],[-22.08081,63.8891],[-22.07975,63.88957],[-22.07946,63.88996],[-22.07898,63.89009],[-22.07836,63.89001],[-22.07847,63.89031],[-22.07837,63.89081],[-22.07903,63.89107],[-22.0788,63.8912],[-22.0789,63.89168],[-22.07879,63.89173],[-22.07882,63.89189],[-22.07926,63.89273],[-22.07931,63.89308],[-22.08,63.89405],[-22.07956,63.89426],[-22.08034,63.89479],[-22.08123,63.89506],[-22.08097,63.89543],[-22.07874,63.89651],[-22.07452,63.89775],[-22.0741,63.89803],[-22.074,63.89826],[-22.07326,63.89852],[-22.07268,63.89896],[-22.07246,63.89933],[-22.07163,63.89939],[-22.07038,63.89983],[-22.07019,63.89951],[-22.06838,63.90025],[-22.06527,63.90204],[-22.06485,63.90245],[-22.06456,63.90251],[-22.05873,63.89784],[-22.05925,63.8984],[-22.05951,63.8991],[-22.05943,63.89964],[-22.05965,63.89979],[-22.05957,63.89989],[-22.06024,63.90013],[-22.06225,63.90052],[-22.06319,63.90086],[-22.06456,63.90251],[-22.055,63.89738],[-22.05642,63.89687],[-22.05751,63.89705],[-22.05807,63.89731],[-22.05812,63.89747],[-22.05873,63.89784],[-22.05246,63.89591],[-22.05237,63.89608],[-22.05246,63.8963],[-22.05286,63.89645],[-22.053,63.89663],[-22.05291,63.89692],[-22.05299,63.89709],[-22.05335,63.89728],[-22.05437,63.89754],[-22.055,63.89738]]}},{"type":"Feature","properties":{"id":"5bc3f4d51bfd","name":"Krókastigur","length_mi":0.59,"country":"Iceland","state":null,"park":null,"park_type":null,"note":"","source":"OpenStreetMap","osm_id":"14316358","osm_ids":[],"created_at":"2025-12-22T16:12:31.872577"},"geometry":{"type":"LineString","coordinates":[[-16.90158,65.58667],[-16.90306,65.58678],[-16.90297,65.58691],[-16.90325,65.58716],[-16.90368,65.5871],[-16.90397,65.58688],[-16.90486,65.58723],[-16.90777,65.5873],[-16.90967,65.58773],[-16.90963,65.58779],[-16.90977,65.58783],[-16.90949,65.58786],[-16.90985,65.58813],[-16.91019,65.58818],[-16.91014,65.58834],[-16.91,65.58836],[-16.91055,65.58843],[-16.91052,65.58861],[-16.91071,65.58877],[-16.9111,65.58879],[-16.91129,65.58858],[-16.91203,65.58887],[-16.91188,65.58898],[-16.91231,65.5894],[-16.91171,65.58972],[-16.91122,65.59025]]}},{"type":"Feature","properties":{"id":"b811b3bd3ffe","name":"Kúvíkur","length_mi":0.76,"country":"Iceland","state":null,"park":null,"park_type":null,"note":"","source":"OpenStreetMap","osm_id":"2234855","osm_ids":[],"created_at":"2025-12-22T16:12:31.868577"},"geometry":{"type":"LineString","coordinates":[[-21.47685,65.95234],[-21.4777,65.95176],[-21.47928,65.95121],[-21.48027,65.95055],[-21.48242,65.94989],[-21.48504,65.94849],[-21.48509,65.9477],[-21.48606,65.9471],[-21.48602,65.94683],[-21.48583,65.94667],[-21.48584,65.94573],[-21.48602,65.9452],[-21.4858,65.94432],[-21.48622,65.94314],[-21.48643,65.94295]]}},{"type":"Feature","properties":{"id":"fef31f306841","name":"Laufáshnjúkur","length_mi":1.85,"country":"Iceland","state":null,"park":null,"park_type":null,"note":"","source":"OpenStreetMap","osm_id":"14676341","osm_ids":[],"created_at":"2025-12-22T16:12:31.872577"},"geometry":{"type":"LineString","coordinates":[[-18.06374,65.89561],[-18.06359,65.89454],[-18.0637,65.8943],[-18.06364,65.89384],[-18.06375,65.89296],[-18.06358,65.89266],[-18.06383,65.89238],[-18.06298,65.89203],[-18.06222,65.89148],[-18.0617,65.89134],[-18.06145,65.89109],[-18.06071,65.89071],[-18.05925,65.89025],[-18.05902,65.88974],[-18.05826,65.88965],[-18.05813,65.88919],[-18.05824,65.88901],[-18.05852,65.8889],[-18.05833,65.88864],[-18.05762,65.8885],[-18.05755,65.88751],[-18.05712,65.88653],[-18.05685,65.88631],[-18.05687,65.88604],[-18.05647,65.8858],[-18.05651,65.8857],[-18.05624,65.88543],[-18.0556,65.88497],[-18.05526,65.88446],[-18.05532,65.88436],[-18.05495,65.88397],[-18.05427,65.8822],[-18.05383,65.88185],[-18.05278,65.88139],[-18.05267,65.88126],[-18.05253,65.88081],[-18.05275,65.8805],[-18.05125,65.88064],[-18.05065,65.88001],[-18.05077,65.8799],[-18.0506,65.87974],[-18.05073,65.87935],[-18.04937,65.87945],[-18.04733,65.87932],[-18.04737,65.87901],[-18.04666,65.87827],[-18.04618,65.87814],[-18.04481,65.87659],[-18.06343,65.89618],[-18.06384,65.89576],[-18.06374,65.89561],[-18.06343,65.89618],[-18.06556,65.89676],[-18.06688,65.89692],[-18.06876,65.89661]]}},{"type":"Feature","properties":{"id":"c13a3ce79ea7","name":"Laugavegur","length_mi":34.51,"country":"Iceland","state":null,"park":null,"park_type":null,"note":"","source":"OpenStreetMap","osm_id":"1225037","osm_ids":[],"created_at":"2025-12-22T16:12:31.868577"},"geometry":{"type":"LineString","coordinates":[[-19.21862,63.84474],[-19.21864,63.84411],[-19.26509,63.81052],[-19.2631,63.81085],[-19.25955,63.81207],[-19.25321,63.81344],[-19.24999,63.81442],[-19.24885,63.815],[-19.24701,63.81524],[-19.24202,63.81656],[-19.24129,63.81662],[-19.23725,63.81765],[-19.23204,63.81856],[-19.22802,63.81959],[-19.22745,63.81962],[-19.2271,63.81984],[-19.22132,63.82158],[-19.21931,63.82235],[-19.21832,63.82222],[-19.21807,63.82247],[-19.21911,63.82289],[-19.21917,63.82316],[-19.21832,63.82398],[-19.21795,63.82427],[-19.21731,63.82453],[-19.21492,63.82502],[-19.26509,63.81052],[-19.26491,63.81103],[-19.26337,63.81206],[-19.26186,63.81259],[-19.25994,63.81364],[-19.25813,63.81382],[-19.25608,63.81419],[-19.24719,63.81628],[-19.24243,63.81752],[-19.2373,63.81854],[-19.23522,63.81914],[-19.2314,63.81988],[-19.22528,63.82131],[-19.22288,63.8217],[-19.22006,63.82241],[-19.21971,63.82247],[-19.21931,63.82235],[-19.21492,63.82502],[-19.21391,63.82536],[-19.21203,63.82679],[-19.21012,63.82765],[-19.20944,63.8278],[-19.2089,63.82822],[-19.20741,63.82863],[-19.20681,63.82961],[-19.20665,63.83043],[-19.20623,63.83086],[-19.20613,63.8312],[-19.20582,63.83134],[-19.20561,63.83167],[-19.20574,63.83183],[-19.20638,63.83208],[-19.20685,63.8325],[-19.20711,63.83296],[-19.20796,63.83313],[-19.2079,63.83386],[-19.20885,63.8342],[-19.20852,63.83412],[-19.21864,63.84411],[-19.21816,63.84357],[-19.21676,63.8433],[-19.21736,63.84302],[-19.21717,63.84265],[-19.21729,63.84252],[-19.21727,63.84223],[-19.2164,63.8412],[-19.2165,63.84079],[-19.21618,63.8399],[-19.21563,63.83914],[-19.21537,63.83893],[-19.21445,63.83839],[-19.21371,63.83812],[-19.21361,63.83768],[-19.21288,63.83707],[-19.21269,63.83666],[-19.21249,63.83648],[-19.21237,63.83603],[-19.21255,63.8356],[-19.21242,63.83541],[-19.21119,63.83512],[-19.20964,63.83424],[-19.20929,63.83414],[-19.20885,63.8342],[-19.22137,63.85708],[-19.22021,63.85726],[-19.21957,63.85716],[-19.21878,63.85596],[-19.2185,63.8557],[-19.21713,63.85499],[-19.21742,63.85386],[-19.21792,63.85311],[-19.21789,63.85292],[-19.21967,63.85133],[-19.21974,63.85102],[-19.21904,63.85051],[-19.21666,63.84969],[-19.21587,63.84928],[-19.21556,63.84878],[-19.21494,63.84822],[-19.21491,63.84797],[-19.2151,63.84778],[-19.21503,63.84759],[-19.21544,63.84676],[-19.2162,63.84652],[-19.21808,63.84557],[-19.21834,63.84534],[-19.21862,63.84474],[-19.22137,63.85708],[-19.22181,63.8571],[-19.22202,63.85692],[-19.22325,63.85698],[-19.22691,63.85754],[-19.22707,63.85781],[-19.22517,63.85974],[-19.22581,63.85909],[-19.22662,63.85861],[-19.22697,63.85823],[-19.22707,63.85781],[-19.22517,63.85974],[-19.22514,63.86003],[-19.22487,63.8603],[-19.22207,63.86193],[-19.21944,63.8642],[-19.2194,63.86439],[-19.21964,63.86454],[-19.21974,63.86491],[-19.21934,63.86619],[-19.21892,63.86703],[-19.21839,63.86744],[-19.21766,63.86788],[-19.21334,63.86979],[-19.21246,63.87031],[-19.20855,63.87147],[-19.20541,63.872],[-19.20365,63.87312],[-19.20182,63.87383],[-19.20157,63.87403],[-19.20152,63.87428],[-19.20169,63.87476],[-19.20151,63.87505],[-19.19967,63.87616],[-19.19772,63.87859],[-19.19783,63.87868],[-19.19767,63.87882],[-19.19759,63.87928],[-19.19784,63.87988],[-19.19762,63.8803],[-19.19849,63.88128],[-19.19742,63.88158],[-19.1962,63.8817],[-19.19496,63.88201],[-19.19077,63.88344],[-19.18938,63.88364],[-19.1887,63.88395],[-19.18763,63.88423],[-19.18631,63.88503],[-19.18512,63.88602],[-19.18412,63.88611],[-19.1842,63.88628],[-19.18496,63.88673],[-19.18501,63.88683],[-19.18487,63.8869],[-19.18497,63.88716],[-19.18427,63.88758],[-19.18419,63.88768],[-19.18437,63.88779],[-19.18424,63.888],[-19.18431,63.88807],[-19.18374,63.88843],[-19.1808,63.88912],[-19.1739,63.88985],[-19.17259,63.89018],[-19.17168,63.89018],[-19.17128,63.89037],[-19.17138,63.89049],[-19.17077,63.89073],[-19.17079,63.89087],[-19.168,63.89166],[-19.16549,63.89274],[-19.16511,63.89296],[-19.16517,63.89317],[-19.16503,63.89334],[-19.16518,63.89376],[-19.16562,63.89386],[-19.16669,63.89376],[-19.16688,63.89397],[-19.16718,63.89398],[-19.16711,63.89403],[-19.1673,63.89409],[-19.1672,63.89416],[-19.16734,63.89424],[-19.16736,63.89442],[-19.16785,63.89461],[-19.1675,63.89506],[-19.16748,63.89529],[-19.16849,63.89687],[-19.16819,63.89721],[-19.16793,63.8972],[-19.16766,63.8976],[-19.16728,63.89777],[-19.16665,63.89791],[-19.16605,63.89788],[-19.16638,63.89811],[-19.1664,63.89826],[-19.16552,63.89846],[-19.16548,63.8986],[-19.16571,63.89886],[-19.16491,63.89955],[-19.16489,63.89969],[-19.16351,63.90001],[-19.16296,63.90028],[-19.16283,63.90052],[-19.16192,63.90081],[-19.16145,63.90113],[-19.16135,63.90143],[-19.16074,63.90204],[-19.15951,63.90287],[-19.15768,63.90372],[-19.15592,63.90422],[-19.15208,63.9056],[-19.15215,63.90593],[-19.15229,63.90596],[-19.15228,63.90619],[-19.1519,63.90643],[-19.15166,63.90688],[-19.1524,63.90772],[-19.1529,63.90809],[-19.15253,63.90824],[-19.15268,63.9083],[-19.15246,63.9085],[-19.15247,63.90912],[-19.15305,63.91084],[-19.15358,63.91145],[-19.15639,63.91255],[-19.15764,63.9132],[-19.15875,63.9144],[-19.15881,63.91492],[-19.15941,63.91515],[-19.15916,63.91519],[-19.1596,63.91598],[-19.16022,63.91778],[-19.16022,63.91802],[-19.1597,63.91889],[-19.15849,63.92012],[-19.15661,63.92085],[-19.15651,63.92096],[-19.1566,63.92107],[-19.15704,63.92124],[-19.15653,63.92159],[-19.15752,63.92166],[-19.15741,63.92179],[-19.15773,63.92199],[-19.15773,63.92238],[-19.15798,63.92271],[-19.15788,63.92326],[-19.15859,63.92434],[-19.15878,63.9244],[-19.15856,63.92478],[-19.15901,63.92503],[-19.15967,63.925],[-19.15953,63.92517],[-19.15958,63.92534],[-19.16048,63.9262],[-19.16157,63.92773],[-19.16248,63.92939],[-19.16251,63.92965],[-19.1659,63.93242],[-19.16774,63.93334],[-19.1675,63.93349],[-19.16758,63.93369],[-19.16734,63.93403],[-19.1669,63.93437],[-19.16665,63.93474],[-19.16653,63.93501],[-19.16663,63.93528],[-19.16637,63.93558],[-19.16665,63.93638],[-19.16696,63.93672],[-19.16753,63.937],[-19.1679,63.93788],[-19.16655,63.93873],[-19.16612,63.93919],[-19.16454,63.94029],[-19.16435,63.94077],[-19.16348,63.9421],[-19.16133,63.94362],[-19.15935,63.94532],[-19.15861,63.94579],[-19.157,63.9473],[-19.1555,63.94829],[-19.15431,63.94934],[-19.15249,63.95008],[-19.14841,63.95128],[-19.14793,63.9513],[-19.14537,63.95276],[-19.14447,63.9531],[-19.14421,63.9534],[-19.14426,63.9536],[-19.14363,63.95372],[-19.14382,63.95382],[-19.14336,63.95433],[-19.14328,63.95488],[-19.14225,63.95562],[-19.14203,63.95622],[-19.14177,63.95651],[-19.14154,63.95722],[-19.14164,63.95738],[-19.14006,63.95852],[-19.13933,63.95947],[-19.1386,63.96019],[-19.13695,63.9612],[-19.13548,63.9619],[-19.13432,63.96267],[-19.1338,63.96281],[-19.13193,63.96291],[-19.13096,63.96319],[-19.1306,63.96335],[-19.12982,63.96411],[-19.12947,63.96428],[-19.12736,63.96477],[-19.12568,63.96465],[-19.12379,63.96407],[-19.12031,63.96377],[-19.11695,63.96414],[-19.11633,63.96452],[-19.11591,63.96511],[-19.11464,63.966],[-19.11404,63.96671],[-19.11355,63.9674],[-19.11304,63.9689],[-19.11252,63.96945],[-19.11171,63.97083],[-19.11196,63.97087],[-19.11175,63.97107],[-19.11145,63.97109],[-19.1112,63.97129],[-19.1108,63.97187],[-19.11075,63.97213],[-19.1103,63.97264],[-19.10923,63.97331],[-19.10882,63.97397],[-19.10755,63.97474],[-19.10729,63.97514],[-19.10743,63.97559],[-19.10662,63.97629],[-19.10481,63.97697],[-19.0995,63.9783],[-19.09794,63.97847],[-19.09703,63.97899],[-19.09605,63.97907],[-19.09458,63.97937],[-19.09223,63.98019],[-19.08736,63.98141],[-19.08731,63.98119],[-19.08784,63.98068],[-19.08776,63.9804],[-19.08794,63.98024],[-19.08812,63.97982],[-19.08911,63.97949],[-19.08952,63.97949],[-19.09161,63.9803],[-19.08862,63.98158],[-19.08736,63.98141],[-19.089,63.98175],[-19.08862,63.98158],[-19.08573,63.98879],[-19.08578,63.98864],[-19.08535,63.98848],[-19.08585,63.98793],[-19.0856,63.98772],[-19.08566,63.98747],[-19.08612,63.98731],[-19.0859,63.98695],[-19.08638,63.98689],[-19.08652,63.98649],[-19.08672,63.98632],[-19.08822,63.98564],[-19.08865,63.98521],[-19.08884,63.98465],[-19.08925,63.98448],[-19.08878,63.98433],[-19.08894,63.9842],[-19.0889,63.98409],[-19.0891,63.98362],[-19.08905,63.983],[-19.08925,63.98263],[-19.08891,63.98243],[-19.08917,63.98239],[-19.08903,63.98227],[-19.089,63.98175],[-19.0648,63.99074],[-19.06487,63.99085],[-19.06477,63.99093],[-19.06508,63.99103],[-19.06523,63.99089],[-19.06518,63.99071],[-19.06539,63.99061],[-19.067,63.99061],[-19.06844,63.99084],[-19.07139,63.99037],[-19.07253,63.99038],[-19.07413,63.99094],[-19.0751,63.99062],[-19.07609,63.99056],[-19.07719,63.99071],[-19.07933,63.99062],[-19.08,63.99045],[-19.08123,63.99063],[-19.08351,63.99054],[-19.08421,63.99061],[-19.08573,63.98993],[-19.08585,63.98939],[-19.08573,63.98879],[-19.0647,63.99067],[-19.0648,63.99074],[-19.06158,63.9906],[-19.06351,63.99087],[-19.06399,63.99079],[-19.06438,63.9906],[-19.0647,63.99067],[-19.27776,63.80592],[-19.27544,63.8063],[-19.26835,63.80822],[-19.26705,63.80915],[-19.26656,63.80938],[-19.26509,63.81052],[-19.27818,63.80566],[-19.27782,63.8059],[-19.27835,63.80553],[-19.27818,63.80566],[-19.29107,63.80272],[-19.29017,63.80312],[-19.28945,63.80322],[-19.28191,63.80342],[-19.27953,63.80463],[-19.27835,63.80553],[-19.37099,63.77333],[-19.36829,63.77468],[-19.36594,63.7763],[-19.36467,63.77672],[-19.36269,63.77786],[-19.3591,63.77943],[-19.35808,63.77967],[-19.35046,63.7823],[-19.3465,63.78345],[-19.34117,63.78526],[-19.33547,63.78679],[-19.33204,63.78788],[-19.33122,63.78803],[-19.32858,63.78808],[-19.32721,63.78834],[-19.32584,63.78838],[-19.32367,63.78872],[-19.32072,63.78983],[-19.32053,63.79022],[-19.32026,63.79035],[-19.31938,63.79048],[-19.31645,63.79168],[-19.3155,63.79188],[-19.31403,63.79197],[-19.31237,63.79244],[-19.30962,63.79365],[-19.30772,63.79496],[-19.30538,63.79623],[-19.2981,63.79941],[-19.29533,63.80049],[-19.29107,63.80272],[-19.37214,63.77277],[-19.37135,63.77321],[-19.37099,63.77333],[-19.37662,63.7671],[-19.3773,63.76731],[-19.37762,63.76763],[-19.37771,63.76827],[-19.37763,63.76858],[-19.37804,63.76949],[-19.37804,63.76987],[-19.37814,63.77003],[-19.37805,63.77019],[-19.37524,63.77155],[-19.37214,63.77277],[-19.37409,63.76631],[-19.37662,63.7671],[-19.37389,63.76621],[-19.37409,63.76631],[-19.37381,63.76615],[-19.37384,63.76607],[-19.37282,63.76607],[-19.37356,63.76606],[-19.36298,63.76409],[-19.36288,63.76418],[-19.37165,63.76587],[-19.3719,63.76609],[-19.37282,63.76607],[-19.36287,63.76403],[-19.36298,63.76409],[-19.36133,63.75439],[-19.36148,63.75444],[-19.36127,63.75446],[-19.36144,63.75452],[-19.36129,63.75472],[-19.36183,63.75496],[-19.36275,63.75584],[-19.3629,63.75619],[-19.36266,63.75657],[-19.36249,63.75663],[-19.36223,63.75756],[-19.36125,63.75786],[-19.35891,63.75914],[-19.35863,63.76035],[-19.35914,63.76099],[-19.35907,63.76125],[-19.35915,63.76139],[-19.36138,63.76308],[-19.36287,63.76403],[-19.36144,63.75431],[-19.36133,63.75439],[-19.36061,63.75406],[-19.36118,63.75424],[-19.36075,63.75386],[-19.36051,63.75394],[-19.36061,63.75406],[-19.48711,63.71239],[-19.48713,63.71261],[-19.48688,63.7129],[-19.48652,63.71313],[-19.48619,63.71355],[-19.48509,63.71432],[-19.48373,63.71495],[-19.48264,63.71572],[-19.48154,63.71617],[-19.48096,63.71661],[-19.47894,63.71736],[-19.47772,63.71765],[-19.47512,63.71857],[-19.47353,63.71899],[-19.47007,63.71971],[-19.46658,63.72024],[-19.46325,63.7206],[-19.46266,63.72077],[-19.46022,63.72102],[-19.45992,63.72117],[-19.45823,63.72139],[-19.45427,63.72217],[-19.45383,63.72234],[-19.45295,63.7224],[-19.44595,63.72417],[-19.43756,63.72596],[-19.43531,63.72661],[-19.43409,63.72735],[-19.43393,63.72763],[-19.43294,63.72841],[-19.43277,63.72889],[-19.433,63.72954],[-19.4325,63.72999],[-19.42999,63.73067],[-19.42887,63.73109],[-19.42591,63.73165],[-19.42586,63.73211],[-19.42564,63.73223],[-19.4236,63.73266],[-19.423,63.73353],[-19.42034,63.73404],[-19.41992,63.7344],[-19.42003,63.73459],[-19.41986,63.73469],[-19.418,63.73477],[-19.41761,63.73488],[-19.41779,63.73508],[-19.41727,63.73518],[-19.41748,63.73533],[-19.41772,63.73583],[-19.41752,63.7363],[-19.41785,63.73666],[-19.41777,63.73693],[-19.41714,63.73755],[-19.417,63.73793],[-19.41674,63.73806],[-19.41673,63.73825],[-19.4164,63.73869],[-19.41494,63.73967],[-19.41463,63.73973],[-19.41475,63.73996],[-19.41494,63.74003],[-19.41473,63.74071],[-19.41473,63.7414],[-19.41454,63.74163],[-19.41443,63.74259],[-19.41398,63.74331],[-19.4138,63.74397],[-19.41394,63.74409],[-19.41387,63.74423],[-19.4131,63.74468],[-19.413,63.74486],[-19.41218,63.74518],[-19.4119,63.74541],[-19.40943,63.74625],[-19.40895,63.74668],[-19.40497,63.74773],[-19.40337,63.74797],[-19.40153,63.74852],[-19.40112,63.74927],[-19.40098,63.74999],[-19.3998,63.7509],[-19.39832,63.75183],[-19.39685,63.75302],[-19.39479,63.75405],[-19.39359,63.75482],[-19.39123,63.75596],[-19.39058,63.7561],[-19.39061,63.75593],[-19.39007,63.75534],[-19.38777,63.75482],[-19.38658,63.7547],[-19.38569,63.75421],[-19.38011,63.75282],[-19.37905,63.75289],[-19.37497,63.75272],[-19.37459,63.75282],[-19.3742,63.75269],[-19.37302,63.75288],[-19.3716,63.75287],[-19.36921,63.75326],[-19.36543,63.75342],[-19.36289,63.75339],[-19.36146,63.75358],[-19.36075,63.75386],[-19.48697,63.71233],[-19.48711,63.71239],[-19.49685,63.70289],[-19.49643,63.7031],[-19.49551,63.70328],[-19.4943,63.70334],[-19.49303,63.70366],[-19.49252,63.70395],[-19.48886,63.70477],[-19.48874,63.70486],[-19.48883,63.70501],[-19.48908,63.70513],[-19.48929,63.70561],[-19.48971,63.70596],[-19.48966,63.7062],[-19.48948,63.70634],[-19.48884,63.70661],[-19.48665,63.70722],[-19.48391,63.70774],[-19.48317,63.70777],[-19.48143,63.70823],[-19.48137,63.70841],[-19.48153,63.70858],[-19.4833,63.7095],[-19.48351,63.71003],[-19.48402,63.71055],[-19.48388,63.71064],[-19.48399,63.71071],[-19.48362,63.7109],[-19.48351,63.7111],[-19.48431,63.71133],[-19.48488,63.71169],[-19.48697,63.71233],[-19.49905,63.70202],[-19.49685,63.70289],[-19.50178,63.70052],[-19.5008,63.70049],[-19.50029,63.70065],[-19.50024,63.70075],[-19.50038,63.70088],[-19.50078,63.70106],[-19.5008,63.70132],[-19.49933,63.70175],[-19.4992,63.70188],[-19.49888,63.70182],[-19.49876,63.70194],[-19.49905,63.70202],[-19.50293,63.7004],[-19.5024,63.70037],[-19.50178,63.70052],[-19.51532,63.68791],[-19.51584,63.68837],[-19.5166,63.68863],[-19.51666,63.68932],[-19.51683,63.68949],[-19.51535,63.68998],[-19.51476,63.69006],[-19.51413,63.69036],[-19.51329,63.69049],[-19.51238,63.69124],[-19.51231,63.6914],[-19.5115,63.69189],[-19.51137,63.69199],[-19.51149,63.69216],[-19.51143,63.69234],[-19.51152,63.69268],[-19.51105,63.69348],[-19.51107,63.69379],[-19.5109,63.69393],[-19.5108,63.69448],[-19.51097,63.69456],[-19.51145,63.69444],[-19.5126,63.69445],[-19.51432,63.6947],[-19.51525,63.69526],[-19.51538,63.69585],[-19.51513,63.69599],[-19.51341,63.69625],[-19.51328,63.69634],[-19.51329,63.69652],[-19.51352,63.697],[-19.51299,63.69795],[-19.5125,63.69808],[-19.51162,63.69866],[-19.50906,63.69939],[-19.50622,63.69989],[-19.50562,63.70012],[-19.50484,63.70024],[-19.50334,63.70025],[-19.50293,63.7004],[-19.51525,63.68784],[-19.51532,63.68791],[-19.51347,63.68641],[-19.51435,63.68732],[-19.5148,63.68755],[-19.5131,63.68601],[-19.51317,63.68604],[-19.51286,63.68506],[-19.5129,63.68518],[-19.51272,63.68546],[-19.51292,63.68589],[-19.5131,63.68601],[-19.51253,63.68453],[-19.51286,63.68506],[-19.51238,63.6843],[-19.5125,63.68449]]}},{"type":"Feature","properties":{"id":"aab8c489a935","name":"Leyningshólar Green","length_mi":0.49,"country":"Iceland","state":null,"park":null,"park_type":null,"note":"","source":"OpenStreetMap","osm_id":"19064305","osm_ids":[],"created_at":"2025-12-22T16:12:31.888582"},"geometry":{"type":"LineString","coordinates":[[-18.27632,65.34018],[-18.27713,65.33987],[-18.27767,65.33945],[-18.27818,65.33899],[-18.27876,65.33806],[-18.27949,65.33769],[-18.27916,65.33749],[-18.27949,65.33717],[-18.27975,65.33667],[-18.27962,65.33643],[-18.27966,65.33623],[-18.27942,65.33625],[-18.27908,65.33564],[-18.2787,65.33545],[-18.27819,65.33546],[-18.27811,65.33536],[-18.27829,65.33519],[-18.2779,65.33497],[-18.27782,65.33479],[-18.27714,65.3347],[-18.27632,65.33474]]}},{"type":"Feature","properties":{"id":"9b9c6c311c93","name":"Leyningshólar Purple","length_mi":0.12,"country":"Iceland","state":null,"park":null,"park_type":null,"note":"","source":"OpenStreetMap","osm_id":"19064302","osm_ids":[],"created_at":"2025-12-22T16:12:31.888582"},"geometry":{"type":"LineString","coordinates":[[-18.27664,65.33714],[-18.27635,65.33747],[-18.27586,65.33756],[-18.27577,65.33779],[-18.27585,65.33814],[-18.27544,65.33829],[-18.27542,65.33853]]}},{"type":"Feature","properties":{"id":"e887a8dc7358","name":"Leyningshólar Red","length_mi":0.4,"country":"Iceland","state":null,"park":null,"park_type":null,"note":"","source":"OpenStreetMap","osm_id":"19064303","osm_ids":[],"created_at":"2025-12-22T16:12:31.888582"},"geometry":{"type":"LineString","coordinates":[[-18.27654,65.33861],[-18.27577,65.33892],[-18.27529,65.33846],[-18.27351,65.3387],[-18.27299,65.33867],[-18.27252,65.33886],[-18.27204,65.33968],[-18.27232,65.33994],[-18.27321,65.34009],[-18.27353,65.33986],[-18.27416,65.33967],[-18.27434,65.33945],[-18.27472,65.33935],[-18.27511,65.33902],[-18.27577,65.33892],[-18.27618,65.33911]]}},{"type":"Feature","properties":{"id":"e0e22fc3f831","name":"Leyningshólar Yellow","length_mi":0.15,"country":"Iceland","state":null,"park":null,"park_type":null,"note":"","source":"OpenStreetMap","osm_id":"19064304","osm_ids":[],"created_at":"2025-12-22T16:12:31.888582"},"geometry":{"type":"LineString","coordinates":[[-18.27627,65.33895],[-18.27765,65.33881],[-18.27802,65.33859],[-18.27749,65.33794],[-18.27703,65.33769],[-18.27829,65.33875]]}},{"type":"Feature","properties":{"id":"2ca787c55e88","name":"Litli hringur","length_mi":0.4,"country":"Iceland","state":null,"park":null,"park_type":null,"note":"","source":"OpenStreetMap","osm_id":"14377284","osm_ids":[],"created_at":"2025-12-22T16:12:31.872577"},"geometry":{"type":"LineString","coordinates":[[-16.91082,65.591],[-16.91117,65.59115],[-16.91185,65.59097],[-16.91204,65.59101],[-16.91149,65.59024],[-16.91122,65.59033],[-16.91106,65.59047],[-16.91114,65.5907],[-16.91093,65.59079],[-16.91109,65.59091],[-16.91082,65.591],[-16.91318,65.59012],[-16.91305,65.59011],[-16.91149,65.59024],[-16.91204,65.59101],[-16.91422,65.59104],[-16.91463,65.59127],[-16.91493,65.59127],[-16.91467,65.59113],[-16.91466,65.59086],[-16.91318,65.59012],[-16.91196,65.59111],[-16.91196,65.59121],[-16.91257,65.59138]]}},{"type":"Feature","properties":{"id":"0f278aa369c6","name":"Látrabjarg","length_mi":4.58,"country":"Iceland","state":null,"park":null,"park_type":null,"note":"","source":"OpenStreetMap","osm_id":"6224393","osm_ids":[],"created_at":"2025-12-22T16:12:31.870578"},"geometry":{"type":"LineString","coordinates":[[-24.52922,65.50252],[-24.52883,65.50208],[-24.52894,65.5016],[-24.52708,65.50059],[-24.3967,65.49829],[-24.39956,65.4987],[-24.40099,65.49906],[-24.40448,65.4995],[-24.40566,65.49993],[-24.40772,65.50102],[-24.40997,65.50121],[-24.41156,65.50164],[-24.41463,65.50132],[-24.41501,65.5011],[-24.41623,65.50076],[-24.41684,65.50025],[-24.41872,65.49927],[-24.41905,65.49846],[-24.42046,65.49794],[-24.42123,65.49704],[-24.42154,65.49688],[-24.42334,65.49664],[-24.4243,65.49628],[-24.4281,65.49539],[-24.43045,65.49465],[-24.4334,65.49427],[-24.43553,65.49379],[-24.44062,65.49336],[-24.44113,65.49326],[-24.44234,65.49266],[-24.44383,65.49238],[-24.44992,65.49202],[-24.45261,65.49104],[-24.457,65.49036],[-24.45905,65.49039],[-24.46169,65.49009],[-24.4642,65.48996],[-24.46712,65.48945],[-24.47314,65.48931],[-24.47472,65.48917],[-24.47817,65.48939],[-24.48007,65.48936],[-24.48252,65.48963],[-24.48511,65.48974],[-24.49135,65.49048],[-24.49273,65.4908],[-24.49782,65.49136],[-24.49957,65.492],[-24.50081,65.49265],[-24.50333,65.49355],[-24.50909,65.4948],[-24.51717,65.49731],[-24.51947,65.4982],[-24.5207,65.49886],[-24.52288,65.49945],[-24.52628,65.49986],[-24.52655,65.5],[-24.52653,65.50019],[-24.52708,65.50059]]}},{"type":"Feature","properties":{"id":"d7c96a370be3","name":"Mellandahringur","length_mi":0.99,"country":"Iceland","state":null,"park":null,"park_type":null,"note":"","source":"OpenStreetMap","osm_id":"14377286","osm_ids":[],"created_at":"2025-12-22T16:12:31.872577"},"geometry":{"type":"LineString","coordinates":[[-16.90633,65.58559],[-16.90601,65.58485],[-16.90504,65.58375],[-16.9047,65.58318],[-16.90391,65.58272],[-16.90303,65.58294],[-16.90298,65.58274],[-16.90269,65.58245],[-16.90204,65.58242],[-16.90001,65.58322],[-16.89939,65.58325],[-16.8987,65.58287],[-16.8978,65.58295],[-16.89728,65.58324],[-16.89728,65.58378],[-16.89705,65.58391],[-16.89702,65.5842],[-16.89806,65.58462],[-16.8975,65.5848],[-16.89751,65.58539],[-16.89732,65.58576],[-16.89759,65.58584],[-16.90026,65.5856],[-16.90168,65.58577],[-16.90633,65.58559],[-16.90608,65.58566],[-16.90592,65.58592],[-16.9055,65.58601],[-16.90472,65.5859],[-16.90432,65.58601],[-16.90345,65.58581],[-16.90285,65.58588],[-16.90168,65.58577]]}},{"type":"Feature","properties":{"id":"15f2df9a3951","name":"Morsárdalur","length_mi":9.44,"country":"Iceland","state":null,"park":null,"park_type":null,"note":"","source":"OpenStreetMap","osm_id":"6161020","osm_ids":[],"created_at":"2025-12-22T16:12:31.870578"},"geometry":{"type":"LineString","coordinates":[[-16.96789,64.01647],[-16.96726,64.01635],[-16.96935,64.01676],[-16.9727,64.01648],[-16.97344,64.01655],[-16.97819,64.01644],[-16.97975,64.01693],[-16.98076,64.01692],[-16.98286,64.0172],[-16.98426,64.01687],[-16.98352,64.01712],[-16.98322,64.01717],[-16.98423,64.01683],[-16.98439,64.01705],[-16.98434,64.01729],[-16.98413,64.01744],[-17.00258,64.02341],[-17.00392,64.02423],[-17.00467,64.02453],[-17.00521,64.02508],[-17.00663,64.02581],[-17.00698,64.02624],[-17.00729,64.02633],[-17.00258,64.02341],[-17.00254,64.02282],[-17.00277,64.02238],[-17.00245,64.02209],[-17.00111,64.02158],[-17.00033,64.02146],[-16.9998,64.02109],[-16.99974,64.021],[-17.00073,64.02075],[-17.00075,64.0204],[-16.99793,64.02055],[-16.99678,64.02118],[-17.00258,64.02341],[-17.00208,64.02316],[-16.99854,64.02211],[-16.99658,64.02133],[-16.99678,64.02118],[-17.00729,64.02633],[-17.00822,64.02624],[-17.00884,64.0267],[-17.00911,64.02731],[-17.00983,64.02812],[-17.01229,64.02833],[-17.01465,64.02897],[-17.01681,64.02925],[-17.01777,64.02951],[-17.01847,64.03023],[-17.02057,64.03063],[-17.02155,64.03146],[-17.02175,64.03221],[-17.02136,64.03382],[-17.0208,64.03451],[-17.0207,64.03479],[-17.02107,64.03519],[-17.02139,64.03537],[-17.0262,64.0365],[-17.02817,64.03759],[-17.02838,64.0379],[-17.02929,64.0386],[-17.02988,64.03926],[-17.03011,64.03977],[-17.03014,64.04024],[-17.03041,64.04056],[-17.03117,64.04101],[-17.03122,64.04143],[-17.03215,64.04291],[-17.03279,64.04337],[-17.03497,64.04411],[-17.03535,64.04441],[-17.0365,64.04494],[-17.03852,64.04567],[-17.03894,64.046],[-17.03943,64.04618],[-17.04142,64.04773],[-17.04192,64.04834],[-17.04275,64.04868],[-17.04325,64.05034],[-17.04494,64.05101],[-17.04592,64.05169],[-17.04606,64.05254],[-17.04662,64.05346],[-17.04731,64.05407],[-17.04803,64.05424],[-17.04835,64.05478],[-17.04721,64.05623],[-17.04666,64.0565],[-17.04496,64.05705],[-17.0432,64.0572],[-17.04212,64.0571],[-17.04122,64.05736],[-17.04077,64.05723],[-17.01472,64.0547],[-17.0171,64.05552],[-17.02157,64.05738],[-17.02279,64.05801],[-17.02381,64.05812],[-17.02512,64.05867],[-17.02591,64.05886],[-17.03001,64.05874],[-17.03281,64.05846],[-17.03685,64.05771],[-17.04077,64.05723],[-17.01472,64.0547],[-17.01255,64.05369],[-17.00513,64.05064],[-17.00442,64.04989],[-17.00267,64.04961],[-17.00122,64.04953],[-16.99943,64.04981],[-16.99909,64.05],[-16.99894,64.04928],[-17.00154,64.04681],[-17.00207,64.04594],[-17.00238,64.04452],[-17.00236,64.04405],[-17.00192,64.04368],[-17.00179,64.04325],[-17.00071,64.04255],[-17.00108,64.04212],[-17.0013,64.04167],[-17.00118,64.04117],[-17.00125,64.04061],[-17.00108,64.04017],[-17.00037,64.03979],[-16.99988,64.03936],[-16.99923,64.03842],[-16.99901,64.03799],[-16.99926,64.03755],[-16.99912,64.03701],[-16.99841,64.0367],[-16.99751,64.03598],[-16.99674,64.03567],[-16.99398,64.03408],[-16.99314,64.03385],[-16.99113,64.0336],[-16.99059,64.03267],[-16.98992,64.03225],[-16.9888,64.03177],[-16.9887,64.03156],[-16.98844,64.03146],[-16.98844,64.03127],[-16.98817,64.03096],[-16.98784,64.03077],[-16.98785,64.03054],[-16.98771,64.03029],[-16.98779,64.03002],[-16.9874,64.02969],[-16.98708,64.02911],[-16.98638,64.02888],[-16.98615,64.02804],[-16.98506,64.02667],[-16.98406,64.0262],[-16.98347,64.02569],[-16.98204,64.02502],[-16.98182,64.02464],[-16.98186,64.02426],[-16.98147,64.0239],[-16.98035,64.02342],[-16.98011,64.02295],[-16.98015,64.02218],[-16.98032,64.02195],[-16.98088,64.02166],[-16.98106,64.02139],[-16.98092,64.02128],[-16.98077,64.02132],[-16.98028,64.02161],[-16.97999,64.02143],[-16.97943,64.02135],[-16.9797,64.01986],[-16.97952,64.02002],[-16.97958,64.02026],[-16.97902,64.02059],[-16.97892,64.02088],[-16.97943,64.02135],[-16.97957,64.01952],[-16.9793,64.01973],[-16.9797,64.01986],[-16.97841,64.01964],[-16.97914,64.01948],[-16.97957,64.01952],[-16.97832,64.01958],[-16.97841,64.01964],[-16.97804,64.01882],[-16.97832,64.01958],[-16.97206,64.01685],[-16.97247,64.01705],[-16.97488,64.01729],[-16.97642,64.01797],[-16.97751,64.01832],[-16.97804,64.01882],[-16.9717,64.01656],[-16.97229,64.01666],[-16.97241,64.01675],[-16.97206,64.01685],[-16.97074,64.01664],[-16.9717,64.01656],[-16.96789,64.01647],[-16.96935,64.01676],[-16.97074,64.01664],[-16.96726,64.01635],[-16.99678,64.02118],[-16.99398,64.02047],[-16.99276,64.01994],[-16.99208,64.01985],[-16.99118,64.01943],[-16.98887,64.01874],[-16.98964,64.01888],[-16.99118,64.01943],[-16.98887,64.01874],[-16.98539,64.01751],[-16.98439,64.01705]]}},{"type":"Feature","properties":{"id":"dcad5c28c6f1","name":"Mælifellshnjúkur","length_mi":2.27,"country":"Iceland","state":null,"park":null,"park_type":null,"note":"","source":"OpenStreetMap","osm_id":"16534891","osm_ids":[],"created_at":"2025-12-22T16:12:31.873577"},"geometry":{"type":"LineString","coordinates":[[-19.40021,65.38323],[-19.39837,65.38333],[-19.39447,65.38381],[-19.39382,65.3841],[-19.39331,65.38453],[-19.3923,65.3847],[-19.39055,65.38404],[-19.38737,65.38309],[-19.38691,65.38304],[-19.38307,65.38178],[-19.38001,65.38167],[-19.37957,65.3815],[-19.37517,65.38125],[-19.37164,65.38083],[-19.37055,65.38063],[-19.36945,65.38018],[-19.36424,65.37874],[-19.35561,65.37847],[-19.35467,65.37861],[-19.35407,65.37912],[-19.35324,65.37949],[-19.35288,65.37983],[-19.35213,65.38018],[-19.3522,65.38021],[-19.35204,65.38044],[-19.35215,65.38048],[-19.3521,65.38066],[-19.35221,65.38069],[-19.35209,65.38088],[-19.35229,65.38096],[-19.35197,65.38118],[-19.35213,65.38128],[-19.35199,65.38182],[-19.35215,65.38185],[-19.35203,65.38189],[-19.35216,65.38209],[-19.35202,65.38223],[-19.35193,65.38293],[-19.35208,65.38329],[-19.35071,65.38412],[-19.35041,65.38469],[-19.35014,65.3855],[-19.35019,65.38768],[-19.3504,65.38813],[-19.35088,65.38844],[-19.35192,65.38877]]}},{"type":"Feature","properties":{"id":"688514e2d889","name":"Mýrarfjall","length_mi":1.49,"country":"Iceland","state":null,"park":null,"park_type":null,"note":"","source":"OpenStreetMap","osm_id":"6224403","osm_ids":[],"created_at":"2025-12-22T16:12:31.870578"},"geometry":{"type":"LineString","coordinates":[[-23.57262,65.91118],[-23.57163,65.91083],[-23.56592,65.90938],[-23.55775,65.90758],[-23.55473,65.90674],[-23.55355,65.90658],[-23.552,65.90618],[-23.55111,65.90625],[-23.54806,65.90585],[-23.54679,65.90596],[-23.54439,65.90586],[-23.54232,65.90602],[-23.54133,65.90641],[-23.5404,65.90632],[-23.54004,65.90639],[-23.53962,65.90685],[-23.53776,65.90725],[-23.5354,65.9082],[-23.53346,65.9083],[-23.53141,65.90829],[-23.52736,65.90744],[-23.52687,65.90726]]}},{"type":"Feature","properties":{"id":"0fa788a287ea","name":"Nesjavellir","length_mi":2.78,"country":"Iceland","state":null,"park":null,"park_type":null,"note":"","source":"OpenStreetMap","osm_id":"6125505","osm_ids":[],"created_at":"2025-12-22T16:12:31.868577"},"geometry":{"type":"LineString","coordinates":[[-21.28552,64.11015],[-21.28486,64.11018],[-21.28414,64.1091],[-21.2852,64.10956],[-21.2855,64.1099],[-21.28552,64.11015],[-21.28787,64.10523],[-21.28526,64.10758],[-21.28498,64.10827],[-21.28414,64.1091],[-21.28787,64.10523],[-21.28915,64.10478],[-21.29031,64.10422],[-21.29143,64.10393],[-21.29216,64.1036],[-21.29316,64.10308],[-21.29415,64.10226],[-21.29455,64.10208],[-21.29538,64.10202],[-21.29558,64.10234],[-21.29473,64.10341],[-21.29432,64.10446],[-21.29445,64.10512],[-21.29489,64.10552],[-21.29765,64.1068],[-21.29868,64.10792],[-21.29909,64.10817],[-21.29906,64.10904],[-21.2995,64.10977],[-21.29907,64.11003],[-21.29906,64.11029],[-21.29864,64.11093],[-21.29668,64.11258],[-21.29611,64.1136],[-21.29642,64.11372],[-21.29611,64.1136],[-21.29642,64.11372],[-21.29495,64.11472],[-21.29432,64.11479],[-21.29394,64.11425],[-21.29415,64.11408],[-21.29368,64.11369],[-21.29226,64.11362],[-21.2914,64.11438],[-21.29042,64.11471],[-21.28983,64.11475],[-21.28643,64.11634],[-21.28572,64.11595],[-21.28443,64.11579],[-21.28327,64.11627],[-21.28307,64.11603],[-21.28172,64.1157],[-21.28183,64.11525],[-21.28168,64.11458],[-21.28097,64.11437],[-21.28095,64.11384],[-21.28074,64.11363],[-21.28103,64.11307],[-21.28074,64.11284],[-21.28094,64.11262],[-21.28072,64.11253],[-21.2812,64.11232],[-21.2816,64.11193],[-21.28196,64.11189],[-21.28329,64.11116],[-21.28336,64.11107],[-21.2833,64.1109],[-21.28302,64.11069],[-21.28309,64.11047],[-21.28424,64.11018],[-21.28486,64.11018]]}},{"type":"Feature","properties":{"id":"30cd63d28f3b","name":"Norðmannahringur","length_mi":1.11,"country":"Iceland","state":null,"park":null,"park_type":null,"note":"","source":"OpenStreetMap","osm_id":"17736598","osm_ids":[],"created_at":"2025-12-22T16:12:31.873577"},"geometry":{"type":"LineString","coordinates":[[-21.73441,64.06862],[-21.73264,64.06902],[-21.73032,64.06897],[-21.7286,64.06841],[-21.72733,64.06747],[-21.72644,64.06713],[-21.72631,64.06699],[-21.72399,64.06699],[-21.72337,64.06708],[-21.72262,64.06691],[-21.72197,64.06691],[-21.72146,64.06656],[-21.72181,64.066],[-21.72219,64.0659],[-21.72345,64.06595],[-21.72769,64.06582],[-21.73024,64.06596],[-21.73267,64.06593],[-21.73345,64.06608],[-21.73404,64.06602],[-21.73454,64.06634],[-21.73504,64.06696],[-21.73527,64.06709],[-21.73541,64.06748],[-21.73539,64.06793],[-21.73522,64.0682],[-21.73441,64.06862]]}},{"type":"Feature","properties":{"id":"0ae13b8854a3","name":"Ranagil","length_mi":1.9,"country":"Iceland","state":null,"park":null,"park_type":null,"note":"","source":"OpenStreetMap","osm_id":"6224168","osm_ids":[],"created_at":"2025-12-22T16:12:31.870578"},"geometry":{"type":"LineString","coordinates":[[-21.80506,65.2465],[-21.80422,65.24638],[-21.80353,65.24608],[-21.80575,65.24663],[-21.80556,65.24683],[-21.80582,65.24763],[-21.80551,65.24789],[-21.80498,65.24864],[-21.80504,65.24897],[-21.80431,65.24906],[-21.80396,65.24986],[-21.80445,65.25071],[-21.80485,65.25171],[-21.80483,65.25199],[-21.80526,65.25258],[-21.80596,65.25319],[-21.80607,65.25358],[-21.80637,65.25397],[-21.80628,65.25425],[-21.80637,65.25449],[-21.80665,65.2548],[-21.80696,65.25495],[-21.80741,65.25506],[-21.80917,65.25514],[-21.81033,65.25553],[-21.81114,65.25615],[-21.81161,65.25675],[-21.81291,65.25772],[-21.8149,65.2583],[-21.81574,65.25835],[-21.81832,65.25995],[-21.81897,65.2602],[-21.81899,65.26046],[-21.8228,65.26231],[-21.82684,65.26297],[-21.82954,65.26228],[-21.83088,65.26216],[-21.83196,65.2624],[-21.83349,65.26238],[-21.83417,65.26261],[-21.83485,65.26246],[-21.83636,65.26254],[-21.83769,65.26214]]}},{"type":"Feature","properties":{"id":"51804b828a98","name":"Raudanes","length_mi":4.75,"country":"Iceland","state":null,"park":null,"park_type":null,"note":"","source":"OpenStreetMap","osm_id":"6227870","osm_ids":[],"created_at":"2025-12-22T16:12:31.871577"},"geometry":{"type":"LineString","coordinates":[[-15.71107,66.24282],[-15.7105,66.2428],[-15.70914,66.24327],[-15.70865,66.24238],[-15.70746,66.2426],[-15.70585,66.24253],[-15.70512,66.24271],[-15.70456,66.24292],[-15.70344,66.24366],[-15.70193,66.24497],[-15.70045,66.24575],[-15.69994,66.24655],[-15.69926,66.24706],[-15.69854,66.24732],[-15.69792,66.24777],[-15.69746,66.24791],[-15.69619,66.2481],[-15.69579,66.24795],[-15.69501,66.24806],[-15.69479,66.24815],[-15.69487,66.24819],[-15.69451,66.24857],[-15.69402,66.24887],[-15.69364,66.24891],[-15.69387,66.24897],[-15.69398,66.24917],[-15.69363,66.24963],[-15.69381,66.24973],[-15.69384,66.24987],[-15.69373,66.24992],[-15.69447,66.25003],[-15.69464,66.25045],[-15.69455,66.25079],[-15.69421,66.251],[-15.69365,66.25105],[-15.69483,66.25135],[-15.69492,66.25152],[-15.69542,66.25153],[-15.69568,66.25187],[-15.69553,66.25214],[-15.69599,66.25229],[-15.69617,66.25251],[-15.69605,66.25308],[-15.69621,66.25334],[-15.69554,66.25405],[-15.69513,66.25414],[-15.69486,66.25464],[-15.69486,66.25502],[-15.69466,66.25539],[-15.69423,66.25579],[-15.69426,66.25603],[-15.69379,66.25635],[-15.69368,66.2568],[-15.69177,66.25722],[-15.69073,66.25757],[-15.69037,66.25788],[-15.69022,66.25829],[-15.68946,66.25899],[-15.68877,66.25925],[-15.68767,66.25931],[-15.68704,66.25912],[-15.68717,66.25931],[-15.68693,66.25973],[-15.68621,66.26057],[-15.686,66.26067],[-15.68593,66.26118],[-15.68549,66.26156],[-15.68543,66.26178],[-15.68556,66.26206],[-15.68554,66.26256],[-15.68563,66.26268],[-15.68536,66.2636],[-15.68517,66.26387],[-15.68706,66.2643],[-15.68821,66.26435],[-15.68965,66.26465],[-15.69034,66.26521],[-15.69052,66.26578],[-15.69021,66.2663],[-15.69155,66.2663],[-15.69312,66.26613],[-15.6939,66.26592],[-15.6961,66.26602],[-15.69648,66.26595],[-15.69693,66.26576],[-15.6968,66.26534],[-15.69684,66.26511],[-15.69744,66.26473],[-15.70432,66.26338],[-15.70549,66.26277],[-15.70633,66.26218],[-15.7073,66.26201],[-15.70944,66.26124],[-15.71367,66.26002],[-15.71499,66.25952],[-15.71754,66.25905],[-15.71837,66.25904],[-15.71941,66.25878],[-15.72056,66.25794],[-15.72079,66.25706],[-15.72074,66.25677],[-15.72285,66.25671],[-15.72347,66.25649],[-15.72379,66.2557],[-15.72353,66.25527],[-15.72443,66.25419],[-15.72284,66.25307],[-15.72327,66.25223],[-15.72388,66.25201],[-15.71839,66.24984],[-15.71336,66.24845],[-15.71172,66.24781],[-15.71088,66.24704],[-15.71036,66.24473],[-15.71049,66.244],[-15.71107,66.24282]]}},{"type":"Feature","properties":{"id":"f717b245a0a4","name":"Raudskord","length_mi":2.83,"country":"Iceland","state":null,"park":null,"park_type":null,"note":"","source":"OpenStreetMap","osm_id":"19064803","osm_ids":[],"created_at":"2025-12-22T16:12:31.888582"},"geometry":{"type":"LineString","coordinates":[[-18.65928,66.09279],[-18.65993,66.09334],[-18.66007,66.09368],[-18.66053,66.09384],[-18.66136,66.09445],[-18.66473,66.0951],[-18.66737,66.09528],[-18.66912,66.09557],[-18.67696,66.09587],[-18.67927,66.0962],[-18.68114,66.09606],[-18.68243,66.09624],[-18.68321,66.09611],[-18.68391,66.09621],[-18.68495,66.09648],[-18.68505,66.09656],[-18.68495,66.09675],[-18.68505,66.09684],[-18.68605,66.09686],[-18.68747,66.09707],[-18.68832,66.09731],[-18.68941,66.09785],[-18.69292,66.09881],[-18.69554,66.09906],[-18.69712,66.09978],[-18.69986,66.10069],[-18.70068,66.10116],[-18.7016,66.10149],[-18.70589,66.10247],[-18.70939,66.10303],[-18.71068,66.10342],[-18.71527,66.10388],[-18.72198,66.10427],[-18.72429,66.1036],[-18.72552,66.10354],[-18.72593,66.10388],[-18.72857,66.10489],[-18.72852,66.10496],[-18.72899,66.10529],[-18.72985,66.10554],[-18.72983,66.10577],[-18.73038,66.10591],[-18.73127,66.10657],[-18.73062,66.10721],[-18.73064,66.10732],[-18.73115,66.10756],[-18.73133,66.10775],[-18.73025,66.10828],[-18.72967,66.1087],[-18.72941,66.10903],[-18.72878,66.10928],[-18.72592,66.10979],[-18.72521,66.11025]]}},{"type":"Feature","properties":{"id":"119ccc8f53df","name":"Red trail","length_mi":0.91,"country":"Iceland","state":null,"park":null,"park_type":null,"note":"","source":"OpenStreetMap","osm_id":"16275209","osm_ids":[],"created_at":"2025-12-22T16:12:31.872577"},"geometry":{"type":"LineString","coordinates":[[-17.89667,65.74089],[-17.89717,65.74068],[-17.89779,65.7407],[-17.89857,65.74051],[-17.89966,65.74048],[-17.90062,65.7403],[-17.90125,65.74036],[-17.90261,65.74068],[-17.90269,65.74076],[-17.90236,65.74096],[-17.90221,65.74123],[-17.90395,65.74172],[-17.9042,65.74202],[-17.90418,65.74214],[-17.90463,65.7424],[-17.90452,65.74255],[-17.90459,65.74259],[-17.90661,65.74285],[-17.90607,65.74299],[-17.90448,65.74297],[-17.90379,65.74311],[-17.90316,65.74278],[-17.90252,65.74293],[-17.90245,65.74271],[-17.89958,65.74284],[-17.89802,65.74269],[-17.89717,65.7428],[-17.89666,65.74091],[-17.89691,65.741],[-17.89694,65.74112],[-17.89664,65.74138],[-17.89658,65.74158],[-17.8974,65.74319]]}},{"type":"Feature","properties":{"id":"722093a443bd","name":"Remundargil","length_mi":4.19,"country":"Iceland","state":null,"park":null,"park_type":null,"note":"","source":"OpenStreetMap","osm_id":"19462841","osm_ids":[],"created_at":"2025-12-22T16:12:31.888582"},"geometry":{"type":"LineString","coordinates":[[-18.88756,63.53035],[-18.88465,63.52966],[-18.88265,63.52901],[-18.8822,63.52869],[-18.88236,63.52807],[-18.88288,63.52738],[-18.8838,63.52578],[-18.88333,63.52527],[-18.88307,63.52362],[-18.88199,63.52155],[-18.88207,63.52112],[-18.88238,63.52066],[-18.88225,63.5203],[-18.87971,63.51967],[-18.87808,63.51916],[-18.87692,63.51864],[-18.8728,63.51746],[-18.87136,63.51714],[-18.87053,63.51722],[-18.86963,63.51707],[-18.8687,63.51714],[-18.86173,63.51965],[-18.86047,63.52],[-18.85998,63.52026],[-18.85962,63.52095],[-18.85864,63.52103],[-18.85433,63.52625],[-18.85405,63.52565],[-18.85377,63.52542],[-18.85389,63.52506],[-18.85388,63.5246],[-18.85434,63.52387],[-18.85522,63.52317],[-18.85605,63.52314],[-18.85634,63.52303],[-18.85672,63.52251],[-18.85767,63.52208],[-18.85784,63.52158],[-18.85864,63.52103],[-18.85433,63.52625],[-18.85573,63.52649],[-18.85888,63.52664],[-18.86065,63.52798],[-18.86147,63.52932],[-18.86177,63.52957],[-18.86144,63.52965],[-18.86148,63.53011],[-18.86211,63.53068],[-18.86301,63.53137],[-18.86435,63.53173],[-18.86521,63.53212],[-18.86557,63.53255],[-18.86547,63.5329],[-18.86458,63.53378],[-18.86449,63.53477],[-18.8648,63.53569],[-18.86531,63.53613],[-18.86494,63.53651],[-18.85433,63.52625],[-18.8523,63.52634],[-18.85099,63.52664],[-18.84825,63.52791],[-18.84786,63.52832],[-18.84821,63.52921],[-18.84875,63.52995],[-18.84997,63.53052],[-18.85068,63.53113],[-18.85425,63.53224],[-18.85522,63.53295],[-18.85615,63.5342],[-18.85687,63.53528],[-18.85598,63.53641],[-18.85541,63.53693],[-18.85508,63.53712],[-18.85466,63.53711],[-18.8541,63.5373],[-18.85454,63.53754],[-18.85495,63.53813],[-18.85508,63.53873]]}},{"type":"Feature","properties":{"id":"a8c55005fbe8","name":"Reykjavegur","length_mi":41.1,"country":"Iceland","state":null,"park":null,"park_type":null,"note":"","source":"OpenStreetMap","osm_id":"19681143","osm_ids":[],"created_at":"2025-12-22T16:12:31.888582"},"geometry":{"type":"LineString","coordinates":[[-22.28355,63.86132],[-22.28095,63.86162],[-22.28042,63.86156],[-22.27725,63.8618],[-22.27701,63.86194],[-22.27437,63.86222],[-22.27395,63.8628],[-22.27364,63.86293],[-22.27214,63.8631],[-22.27138,63.86248],[-22.27089,63.86233],[-22.26743,63.86196],[-22.26551,63.86187],[-22.26222,63.86241],[-22.25943,63.86301],[-22.25843,63.86313],[-22.25488,63.8631],[-22.25248,63.8637],[-22.25166,63.86374],[-22.24896,63.86346],[-22.24551,63.86326],[-22.24342,63.86365],[-22.23795,63.86508],[-22.23403,63.86675],[-22.23357,63.867],[-22.23185,63.86855],[-22.22994,63.86959],[-22.22804,63.87029],[-22.22697,63.87052],[-22.22444,63.87164],[-22.22396,63.87196],[-22.22324,63.87221],[-22.22218,63.8723],[-22.22084,63.87258],[-22.21949,63.87312],[-22.21808,63.87348],[-22.21746,63.87411],[-22.21747,63.87438],[-22.21803,63.87474],[-22.21798,63.87508],[-22.21739,63.87563],[-22.21579,63.87597],[-22.21178,63.87639],[-22.20932,63.87708],[-22.20779,63.8778],[-22.207,63.87845],[-22.20581,63.87893],[-22.20493,63.87975],[-22.20436,63.87991],[-22.20334,63.88079],[-22.20272,63.88097],[-22.20153,63.88104],[-22.2005,63.88097],[-22.1992,63.88047],[-22.19817,63.88054],[-22.19782,63.88044],[-22.19693,63.8806],[-22.19523,63.88048],[-22.1941,63.88072],[-22.18805,63.88077],[-22.18576,63.88147],[-22.18417,63.88237],[-22.18328,63.88271],[-22.18167,63.88387],[-22.18073,63.8842],[-22.18072,63.88485],[-22.17869,63.88485],[-22.1775,63.885],[-22.17555,63.88596],[-22.17406,63.88701],[-22.17176,63.88823],[-22.17003,63.88866],[-22.16874,63.88959],[-22.16797,63.89078],[-22.1666,63.89172],[-22.16405,63.89294],[-22.15903,63.89441],[-22.15898,63.89477],[-22.15863,63.89492],[-22.15821,63.8953],[-22.15716,63.89579],[-22.15595,63.89599],[-22.15512,63.89637],[-22.14977,63.89977],[-22.14884,63.90093],[-22.14794,63.90164],[-22.14566,63.90381],[-22.14354,63.90538],[-22.14296,63.9062],[-22.14135,63.90727],[-22.14063,63.90827],[-22.13987,63.90895],[-22.1399,63.90986],[-22.13923,63.91084],[-22.13877,63.91186],[-22.13842,63.91321],[-22.138,63.91409],[-22.13688,63.91517],[-22.13578,63.9165],[-22.13464,63.9175],[-22.13301,63.91821],[-22.13225,63.91891],[-22.13206,63.91924],[-22.12795,63.92147],[-22.12627,63.92263],[-22.12657,63.92327],[-22.12685,63.92355],[-22.12686,63.92378],[-22.12535,63.92422],[-22.12449,63.92464],[-22.12221,63.92499],[-22.12164,63.92544],[-22.12035,63.92593],[-22.11967,63.92641],[-22.11843,63.92681],[-22.11825,63.92708],[-22.11796,63.9272],[-22.11762,63.92771],[-22.11609,63.92763],[-22.11428,63.92772],[-22.11243,63.92698],[-22.10809,63.92724],[-22.1071,63.92681],[-22.10552,63.92653],[-22.10549,63.9264],[-22.10514,63.92623],[-22.10538,63.9259],[-22.10508,63.92559],[-22.10512,63.92539],[-22.10422,63.92517],[-22.10375,63.92489],[-22.10368,63.92467],[-22.10326,63.92453],[-22.10228,63.92474],[-22.10129,63.92516],[-22.10094,63.92534],[-22.10036,63.92597],[-22.09939,63.92647],[-22.09858,63.92668],[-22.0974,63.92667],[-22.09564,63.92625],[-22.09375,63.92609],[-22.09293,63.92592],[-22.09119,63.92482],[-22.08889,63.92436],[-22.08861,63.92425],[-22.08851,63.92398],[-22.08816,63.92389],[-22.08713,63.92391],[-22.08642,63.92366],[-22.08613,63.92335],[-22.08571,63.92327],[-22.0838,63.92395],[-22.08273,63.92459],[-22.08029,63.92548],[-22.07849,63.9265],[-22.07797,63.92661],[-22.07634,63.92637],[-22.0747,63.92669],[-22.07299,63.92665],[-22.07112,63.92689],[-22.07074,63.92729],[-22.06924,63.92758],[-22.06861,63.92781],[-22.06843,63.9279],[-22.06803,63.92841],[-22.06764,63.92863],[-22.06747,63.929],[-22.0675,63.92958],[-22.06677,63.93056],[-22.06503,63.93146],[-22.06462,63.93185],[-22.06389,63.93213],[-22.06316,63.93218],[-22.06065,63.93122],[-22.05996,63.93125],[-22.0593,63.93196],[-22.05931,63.93236],[-22.05919,63.93246],[-22.05775,63.9329],[-22.05705,63.93332],[-22.05644,63.93445],[-22.05636,63.93498],[-22.05582,63.93568],[-22.05432,63.93645],[-22.05166,63.93736],[-22.05102,63.93771],[-22.05059,63.93819],[-22.0484,63.93973],[-22.04694,63.94007],[-22.04604,63.94041],[-22.04516,63.94106],[-22.04454,63.94185],[-22.04323,63.94236],[-22.04248,63.94284],[-22.04168,63.94404],[-22.04046,63.94505],[-22.0399,63.94526],[-22.03688,63.94581],[-22.03382,63.94677],[-22.03326,63.94697],[-22.03139,63.94814],[-22.03074,63.94867],[-22.02981,63.94986],[-22.02939,63.95021],[-22.02884,63.9504],[-22.02851,63.95087],[-22.02852,63.95116],[-22.02917,63.95251],[-22.02883,63.95291],[-22.02793,63.95342],[-22.02596,63.95438],[-22.0242,63.9549],[-22.02218,63.95526],[-22.01989,63.95534],[-22.01917,63.95514],[-22.01884,63.95519],[-22.01756,63.955],[-22.01686,63.9548],[-22.0157,63.95528],[-22.01351,63.95756],[-22.01067,63.95853],[-22.00983,63.95914],[-22.00918,63.95947],[-22.00801,63.95991],[-22.00614,63.96031],[-22.0056,63.96078],[-22.00513,63.96083],[-22.00441,63.96112],[-22.00437,63.96131],[-22.00403,63.96142],[-22.00403,63.96171],[-22.00315,63.96241],[-22.00243,63.96259],[-22.00068,63.96272],[-21.99879,63.96351],[-21.99776,63.96457],[-21.99793,63.96487],[-21.99772,63.96515],[-21.99724,63.96545],[-21.99677,63.96559],[-21.99613,63.96623],[-21.99506,63.96666],[-21.99493,63.96687],[-21.99373,63.96747],[-21.993,63.96756],[-21.99119,63.96851],[-21.98965,63.96892],[-21.98858,63.969],[-21.98682,63.96811],[-21.98583,63.96741],[-21.98566,63.96685],[-21.9857,63.96604],[-21.98553,63.96521],[-21.98459,63.96468],[-21.98064,63.96374],[-21.97914,63.96355],[-21.97626,63.96365],[-21.97579,63.96348],[-21.97463,63.96367],[-21.97321,63.96481],[-21.97175,63.9667],[-21.9715,63.96749],[-21.97094,63.96779],[-21.97098,63.96815],[-21.97085,63.96879],[-21.97055,63.96918],[-21.97081,63.96947],[-21.97094,63.96988],[-21.97077,63.97033],[-21.97021,63.97058],[-21.96939,63.97126],[-21.96587,63.97239],[-21.96467,63.97308],[-21.9642,63.97367],[-21.96235,63.97498],[-21.96038,63.97549],[-21.95952,63.97547],[-21.95905,63.97561],[-21.95828,63.97593],[-21.95793,63.97632],[-21.95708,63.97674],[-21.95189,63.9776],[-21.95177,63.978],[-21.94869,63.97767],[-21.94638,63.97796],[-21.94466,63.97804],[-21.94253,63.97806],[-21.94193,63.97793],[-21.94113,63.97793],[-21.9404,63.97821],[-21.93847,63.97951],[-21.937,63.98029],[-21.93593,63.9807],[-21.93308,63.98139],[-21.93204,63.98186],[-21.92822,63.98303],[-21.92507,63.98441],[-21.92425,63.98494],[-21.92169,63.98613],[-21.9152,63.98823],[-21.90312,63.99317],[-21.90255,63.99347],[-21.90202,63.99402],[-21.90103,63.99457],[-21.8997,63.99495],[-21.89888,63.99595],[-21.89839,63.99624],[-21.89807,63.99678],[-21.89753,63.99702],[-21.89692,63.99788],[-21.8967,63.99805],[-21.89678,63.99821],[-21.89617,63.99867],[-21.89607,63.99907],[-21.89589,63.99922],[-21.89528,63.99936],[-21.895,63.99962],[-21.89515,63.9998],[-21.8951,63.99991],[-21.89481,64.00011],[-21.89318,63.99986],[-21.89275,63.99967],[-21.8909,63.99959],[-21.89046,63.99971],[-21.89031,63.99999],[-21.88961,64.00029],[-21.88908,64.00075],[-21.88674,64.00157],[-21.88642,64.00186],[-21.88527,64.0021],[-21.88379,64.00301],[-21.88385,64.00362],[-21.88364,64.00372],[-21.88326,64.00419],[-21.88204,64.00456],[-21.88132,64.00534],[-21.88126,64.00555],[-21.88154,64.00593],[-21.88185,64.00674],[-21.88189,64.00722],[-21.88202,64.00742],[-21.88199,64.00808],[-21.88271,64.00876],[-21.88547,64.00932],[-21.88604,64.00971],[-21.88618,64.01006],[-21.886,64.01029],[-21.8833,64.01087],[-21.88094,64.01125],[-21.88066,64.01137],[-21.88024,64.01182],[-21.87983,64.01247],[-21.87874,64.01313],[-21.87659,64.01366],[-21.87493,64.01473],[-21.87391,64.0155],[-21.87265,64.01687],[-21.87223,64.01768],[-21.87171,64.01818],[-21.87098,64.01914],[-21.87016,64.01988],[-21.86879,64.02029],[-21.86817,64.02071],[-21.86862,64.02172],[-21.86845,64.02208],[-21.86788,64.02212],[-21.8676,64.02226],[-21.77556,63.99282],[-21.7747,63.99234],[-21.7727,63.9909],[-21.7705,63.98976],[-21.7689,63.98868],[-21.76847,63.98745],[-21.76764,63.98678],[-21.76729,63.98628],[-21.76716,63.98548],[-21.76675,63.98449],[-21.76574,63.98328],[-21.76502,63.98262],[-21.76555,63.98136],[-21.765,63.97968],[-21.76439,63.97939],[-21.76373,63.97868],[-21.76342,63.97777],[-21.76084,63.97464],[-21.7605,63.97451],[-21.76045,63.97404],[-21.76025,63.97362],[-21.76013,63.97233],[-21.75918,63.97217],[-21.75943,63.9715],[-21.75824,63.97086],[-21.75834,63.97071],[-21.75871,63.97059],[-21.75744,63.97017],[-21.75648,63.97005],[-21.75587,63.96969],[-21.75504,63.96998],[-21.75259,63.96991],[-21.75064,63.97051],[-21.74967,63.97025],[-21.74911,63.97022],[-21.74812,63.97024],[-21.74724,63.97043],[-21.74644,63.97026],[-21.74528,63.97036],[-21.74446,63.97054],[-21.74353,63.9711],[-21.74038,63.97144],[-21.73928,63.97181],[-21.73411,63.97104],[-21.72978,63.97127],[-21.7259,63.97201],[-21.72306,63.97278],[-21.72272,63.97298],[-21.72157,63.97317],[-21.72005,63.97384],[-21.71891,63.97451],[-21.71691,63.97488],[-21.71592,63.9749],[-21.71409,63.97527],[-21.71135,63.97618],[-21.70761,63.97681],[-21.70544,63.97759],[-21.70073,63.97869],[-21.69725,63.97969],[-21.69033,63.98058],[-21.68575,63.98156],[-21.68305,63.98177],[-21.68024,63.98221],[-21.67229,63.98312],[-21.67028,63.98284],[-21.66677,63.98289],[-21.66564,63.9831],[-21.66471,63.98348],[-21.66379,63.98358],[-21.66129,63.98333],[-21.65886,63.98337],[-21.65782,63.98325],[-21.65662,63.98328],[-21.65564,63.98346],[-21.65522,63.98324],[-21.65468,63.98271],[-21.65413,63.98242],[-21.86762,64.02278],[-21.86742,64.02305],[-21.86695,64.02338],[-21.86503,64.0241],[-21.86318,64.02504],[-21.86128,64.0255],[-21.85524,64.02606],[-21.85525,64.02596],[-21.85494,64.02589],[-21.85439,64.02533],[-21.85421,64.02508],[-21.85418,64.02463],[-21.85361,64.02384],[-21.85281,64.0232],[-21.85137,64.02338],[-21.85078,64.02328],[-21.85041,64.02337],[-21.84934,64.02313],[-21.84846,64.02362],[-21.84712,64.02372],[-21.84569,64.02338],[-21.8448,64.02339],[-21.84337,64.02323],[-21.84195,64.02279],[-21.84097,64.02223],[-21.83808,64.02243],[-21.83678,64.02236],[-21.83634,64.02246],[-21.83539,64.02222],[-21.83349,64.02213],[-21.83196,64.02181],[-21.82896,64.02085],[-21.82751,64.02098],[-21.82484,64.02093],[-21.82177,64.02004],[-21.81901,64.01948],[-21.8179,64.01889],[-21.81691,64.01854],[-21.81592,64.01844],[-21.81497,64.01793],[-21.81434,64.01778],[-21.81154,64.01648],[-21.81107,64.0159],[-21.81115,64.01576],[-21.8102,64.01567],[-21.80954,64.01542],[-21.80897,64.01476],[-21.80881,64.01443],[-21.80887,64.01417],[-21.80853,64.014],[-21.80845,64.01373],[-21.80853,64.01363],[-21.80791,64.01342],[-21.80786,64.01317],[-21.80702,64.0127],[-21.80662,64.01233],[-21.80585,64.01206],[-21.80458,64.01187],[-21.80405,64.01166],[-21.80385,64.01148],[-21.8037,64.01103],[-21.80339,64.01063],[-21.80194,64.00994],[-21.80163,64.00993],[-21.80053,64.00918],[-21.80022,64.00877],[-21.80029,64.0083],[-21.80042,64.00814],[-21.79989,64.0078],[-21.79932,64.00761],[-21.79876,64.00702],[-21.79841,64.00692],[-21.79652,64.00589],[-21.79646,64.00576],[-21.79661,64.0052],[-21.79512,64.00441],[-21.79425,64.00326],[-21.79269,64.00296],[-21.79172,64.00216],[-21.784,63.99748],[-21.78386,63.99726],[-21.78349,63.99712],[-21.78324,63.99682],[-21.78132,63.9963],[-21.77887,63.99495],[-21.777,63.99417],[-21.77633,63.99379],[-21.77623,63.9936],[-21.77534,63.99319],[-21.77556,63.99282],[-21.86762,64.02278],[-21.86739,64.02271],[-21.86758,64.02242],[-21.64797,63.97869],[-21.64808,63.97724],[-21.64821,63.97687],[-21.64949,63.97582],[-21.65042,63.97522],[-21.65103,63.97428],[-21.65133,63.97244],[-21.65162,63.97139],[-21.65246,63.97009],[-21.65264,63.96881],[-21.65307,63.9674],[-21.65144,63.96686],[-21.64755,63.96682],[-21.64345,63.96682],[-21.64043,63.96699],[-21.63812,63.96731],[-21.63629,63.96793],[-21.63393,63.96839],[-21.63195,63.96852],[-21.62927,63.96915],[-21.62343,63.97201],[-21.62202,63.97297],[-21.62098,63.97315],[-21.62048,63.97351],[-21.61971,63.97364],[-21.61504,63.97369],[-21.61039,63.97414],[-21.61018,63.97428],[-21.6091,63.97427],[-21.60622,63.97459],[-21.60277,63.97531],[-21.60099,63.97545],[-21.59919,63.9759],[-21.59618,63.9762],[-21.59472,63.97665],[-21.59385,63.97679],[-21.59121,63.97688],[-21.58982,63.9771],[-21.58232,63.97859],[-21.5809,63.97877],[-21.57821,63.97886],[-21.57552,63.97926],[-21.57076,63.97949],[-21.56973,63.97971],[-21.56817,63.97984],[-21.56673,63.98025],[-21.56527,63.98141],[-21.56432,63.98202],[-21.56379,63.98266],[-21.56372,63.983],[-21.5634,63.98348],[-21.56335,63.98405],[-21.56162,63.98502],[-21.56051,63.98686],[-21.55929,63.98834],[-21.55765,63.98958],[-21.55772,63.99038],[-21.55716,63.99188],[-21.55795,63.99295],[-21.55738,63.99351],[-21.55768,63.99376],[-21.55605,63.99524],[-21.55594,63.99581],[-21.55334,63.99793],[-21.5516,63.9999],[-21.55109,64.00072],[-21.54992,64.0013],[-21.54899,64.00217],[-21.54685,64.00354],[-21.54515,64.00524],[-21.54432,64.00552],[-21.54251,64.00584],[-21.54099,64.00633],[-21.5398,64.00699],[-21.53988,64.00737],[-21.5394,64.00816],[-21.53862,64.00882],[-21.53705,64.00941],[-21.5342,64.00971],[-21.53223,64.00979],[-21.5265,64.0105],[-21.52354,64.011],[-21.5223,64.01137],[-21.51968,64.01185],[-21.51828,64.01267],[-21.51642,64.01318],[-21.51368,64.01416],[-21.50807,64.01688],[-21.50741,64.0175],[-21.50623,64.01801],[-21.50575,64.01861],[-21.50348,64.01977],[-21.50325,64.01979],[-21.5028,64.02012],[-21.50229,64.02082],[-21.50104,64.02174],[-21.49897,64.02224],[-21.4965,64.02298],[-21.49625,64.02314],[-21.495,64.02324],[-21.49295,64.02364],[-21.49245,64.02394],[-21.4916,64.02403],[-21.49001,64.02442],[-21.48733,64.02477],[-21.48541,64.02479],[-21.48291,64.02547],[-21.48218,64.02546],[-21.48146,64.02529],[-21.4806,64.0249],[-21.48007,64.02478],[-21.47708,64.02518],[-21.4764,64.02495],[-21.47467,64.02484],[-21.4727,64.02431],[-21.47178,64.02417],[-21.47056,64.02423],[-21.46977,64.02409],[-21.4689,64.02407],[-21.46826,64.02372],[-21.4684,64.02345],[-21.46805,64.02332],[-21.46595,64.02359],[-21.46374,64.02358],[-21.46133,64.02384],[-21.46029,64.02384],[-21.4565,64.02446],[-21.45206,64.02496],[-21.45263,64.02634],[-21.45213,64.02646],[-21.45152,64.02684],[-21.44945,64.02638],[-21.44762,64.02626],[-21.42938,64.02714],[-21.42747,64.02712],[-21.42214,64.02687],[-21.41972,64.02649],[-21.41936,64.02664],[-21.41338,64.02528],[-21.414,64.02532],[-21.41511,64.02583],[-21.416,64.02608],[-21.41838,64.02651],[-21.40767,64.03324],[-21.40812,64.03299],[-21.40858,64.0324],[-21.40844,64.03212],[-21.40911,64.03127],[-21.40902,64.0309],[-21.40975,64.03004],[-21.40956,64.02973],[-21.41032,64.02886],[-21.4101,64.0286],[-21.41012,64.02847],[-21.41071,64.02791],[-21.41204,64.02754],[-21.4118,64.02729],[-21.41187,64.02705],[-21.41301,64.02539],[-21.41338,64.02528]]}},{"type":"Feature","properties":{"id":"745c0be82504","name":"Rundwanderung im Vatnsdalur","length_mi":4.28,"country":"Iceland","state":null,"park":null,"park_type":null,"note":"","source":"OpenStreetMap","osm_id":"6224298","osm_ids":[],"created_at":"2025-12-22T16:12:31.870578"},"geometry":{"type":"LineString","coordinates":[[-23.1263,65.58717],[-23.12594,65.58721],[-23.12623,65.58823],[-23.12617,65.58833],[-23.12432,65.58882],[-23.12379,65.58921],[-23.12297,65.59036],[-23.12256,65.59072],[-23.12119,65.59136],[-23.11952,65.59167],[-23.11788,65.59182],[-23.11498,65.59241],[-23.11436,65.59293],[-23.11318,65.59353],[-23.11265,65.59415],[-23.11211,65.59449],[-23.10789,65.59542],[-23.10509,65.59673],[-23.1048,65.59707],[-23.10406,65.59726],[-23.10215,65.59831],[-23.10157,65.59844],[-23.10123,65.59879],[-23.1,65.59925],[-23.09969,65.59964],[-23.09874,65.60007],[-23.09853,65.60059],[-23.0981,65.60075],[-23.09709,65.6022],[-23.09695,65.60272],[-23.09776,65.60321],[-23.09666,65.6039],[-23.09619,65.60406],[-23.09596,65.60429],[-23.09534,65.60453],[-23.09537,65.60434],[-23.09374,65.60452],[-23.09354,65.6042],[-23.09319,65.60438],[-23.09308,65.60415],[-23.0928,65.60419],[-23.09293,65.60396],[-23.0925,65.60381],[-23.09218,65.60401],[-23.09205,65.60388],[-23.09151,65.6041],[-23.09137,65.60399],[-23.09142,65.60356],[-23.09132,65.60349],[-23.09,65.60364],[-23.08971,65.60347],[-23.08958,65.60351],[-23.08943,65.60334],[-23.0888,65.60361],[-23.0886,65.60356],[-23.08861,65.60339],[-23.08836,65.60324],[-23.08863,65.60308],[-23.08905,65.60229],[-23.08945,65.60186],[-23.08927,65.60154],[-23.09053,65.60106],[-23.09118,65.60049],[-23.09147,65.60039],[-23.09163,65.59991],[-23.09396,65.59881],[-23.09446,65.59818],[-23.09496,65.59807],[-23.0953,65.59753],[-23.09522,65.59631],[-23.09561,65.59612],[-23.09567,65.59589],[-23.09691,65.59522],[-23.0975,65.59502],[-23.09914,65.59486],[-23.09979,65.59461],[-23.09976,65.5945],[-23.10029,65.5943],[-23.10073,65.59398],[-23.10138,65.59328],[-23.10238,65.59293],[-23.103,65.59245],[-23.10337,65.59238],[-23.10401,65.592],[-23.10575,65.59142],[-23.10597,65.59109],[-23.10693,65.59071],[-23.10679,65.59064],[-23.1069,65.59053],[-23.10759,65.59031],[-23.10758,65.59021],[-23.10812,65.58989],[-23.10926,65.58896],[-23.10998,65.58869],[-23.11066,65.58811],[-23.11164,65.58787],[-23.11204,65.58741],[-23.11249,65.58727],[-23.1125,65.58701],[-23.11222,65.587],[-23.11209,65.58677],[-23.11212,65.58651],[-23.11236,65.58636],[-23.11251,65.58608],[-23.11241,65.58597],[-23.11303,65.58529],[-23.11264,65.58507],[-23.12138,65.58434],[-23.11961,65.58389],[-23.11848,65.5838],[-23.11491,65.58427],[-23.11264,65.58507],[-23.12138,65.58434],[-23.12191,65.58462],[-23.12679,65.58499],[-23.1263,65.58717],[-23.12633,65.58769],[-23.12664,65.58827]]}},{"type":"Feature","properties":{"id":"f754982a3dc6","name":"Selflatir - Úlfljótsvatnsfjall","length_mi":1.57,"country":"Iceland","state":null,"park":null,"park_type":null,"note":"","source":"OpenStreetMap","osm_id":"8600265","osm_ids":[],"created_at":"2025-12-22T16:12:31.871577"},"geometry":{"type":"LineString","coordinates":[[-21.06312,64.0974],[-21.06298,64.09714],[-21.06302,64.09684],[-21.06268,64.09607],[-21.06217,64.09568],[-21.06393,64.09551],[-21.06454,64.09532],[-21.06729,64.09487],[-21.06847,64.09421],[-21.06988,64.09391],[-21.07021,64.09373],[-21.07052,64.09325],[-21.07171,64.09266],[-21.07197,64.09221],[-21.07187,64.09203],[-21.07001,64.09178],[-21.06964,64.09162],[-21.06975,64.09115],[-21.06939,64.09084],[-21.06931,64.09054],[-21.06912,64.09035],[-21.06921,64.09021],[-21.06979,64.09003],[-21.0709,64.08869],[-21.07193,64.08801],[-21.0722,64.08755],[-21.07217,64.08698],[-21.07244,64.0867],[-21.07321,64.08648],[-21.0747,64.08639],[-21.076,64.08617],[-21.0793,64.08509],[-21.08094,64.0843],[-21.08194,64.08316],[-21.08228,64.08305],[-21.08273,64.08309],[-21.08276,64.0829],[-21.08377,64.0821],[-21.08462,64.08187],[-21.08526,64.08143]]}},{"type":"Feature","properties":{"id":"37e7e9cb43de","name":"Selvellir","length_mi":2.04,"country":"Iceland","state":null,"park":null,"park_type":null,"note":"","source":"OpenStreetMap","osm_id":"6126407","osm_ids":[],"created_at":"2025-12-22T16:12:31.869577"},"geometry":{"type":"LineString","coordinates":[[-22.90435,64.94174],[-22.90448,64.94163],[-22.90397,64.94056],[-22.91415,64.93513],[-22.91767,64.93589],[-22.9201,64.93564],[-22.92133,64.93538],[-22.92189,64.93482],[-22.92239,64.93492],[-22.92286,64.93478],[-22.92367,64.93395],[-22.92332,64.93361],[-22.92166,64.9328],[-22.9212,64.93237],[-22.92036,64.93206],[-22.91984,64.93139],[-22.92017,64.93049],[-22.92313,64.93452],[-22.92367,64.93395],[-22.92332,64.93361],[-22.92198,64.93299],[-22.9212,64.93237],[-22.92036,64.93206],[-22.91984,64.93139],[-22.92017,64.93049],[-22.91415,64.93513],[-22.91767,64.93589],[-22.92099,64.9355],[-22.92133,64.93538],[-22.92189,64.93482],[-22.92239,64.93492],[-22.92286,64.93478],[-22.92313,64.93452],[-22.91415,64.93513],[-22.91302,64.93532],[-22.91214,64.93522],[-22.91128,64.93542],[-22.91164,64.93584],[-22.91199,64.93595],[-22.91184,64.93644],[-22.911,64.93705],[-22.9104,64.93766],[-22.91038,64.93793],[-22.9098,64.93861],[-22.90984,64.93879],[-22.90838,64.93979],[-22.90778,64.94005],[-22.90615,64.94037],[-22.90418,64.94051],[-22.90435,64.94174],[-22.90448,64.94163],[-22.90397,64.94056],[-22.90418,64.94051]]}},{"type":"Feature","properties":{"id":"f7c811104aed","name":"Sigöldugljúfur","length_mi":0.61,"country":"Iceland","state":null,"park":null,"park_type":null,"note":"","source":"OpenStreetMap","osm_id":"17881223","osm_ids":[],"created_at":"2025-12-22T16:12:31.873577"},"geometry":{"type":"LineString","coordinates":[[-19.13824,64.1557],[-19.13746,64.15614],[-19.13738,64.15628],[-19.13744,64.15637],[-19.13698,64.1566],[-19.13556,64.15679],[-19.13489,64.15647],[-19.13449,64.15652],[-19.13361,64.15694],[-19.1335,64.15707],[-19.13367,64.15716],[-19.13331,64.15742],[-19.13327,64.15757],[-19.13233,64.15776],[-19.13183,64.158],[-19.1306,64.15834],[-19.13028,64.15855],[-19.1283,64.15878],[-19.12554,64.15806],[-19.12345,64.15779]]}},{"type":"Feature","properties":{"id":"18c4934cf6ee","name":"Sjónarnípa","length_mi":3.53,"country":"Iceland","state":null,"park":null,"park_type":null,"note":"","source":"OpenStreetMap","osm_id":"5449016","osm_ids":[],"created_at":"2025-12-22T16:12:31.868577"},"geometry":{"type":"LineString","coordinates":[[-16.96345,64.02498],[-16.96497,64.0241],[-16.96562,64.02389],[-16.96586,64.02336],[-16.96576,64.02316],[-16.96628,64.0229],[-16.96677,64.02246],[-16.96786,64.02204],[-16.96925,64.02168],[-16.97007,64.0216],[-16.97193,64.021],[-16.97344,64.02086],[-16.97443,64.02042],[-16.9753,64.02021],[-16.97727,64.01949],[-16.97804,64.01882],[-16.97206,64.01685],[-16.97247,64.01705],[-16.97488,64.01729],[-16.97642,64.01797],[-16.97751,64.01832],[-16.97804,64.01882],[-16.96345,64.02498],[-16.96329,64.02509],[-16.96331,64.02537],[-16.96244,64.02594],[-16.96173,64.02631],[-16.96044,64.02669],[-16.9602,64.02699],[-16.96024,64.02721],[-16.95717,64.02799],[-16.95644,64.02865],[-16.95568,64.02912],[-16.95527,64.02959],[-16.9538,64.03037],[-16.95221,64.03076],[-16.95141,64.03118],[-16.94968,64.03141],[-16.94735,64.03121],[-16.94493,64.03129],[-16.94039,64.03077],[-16.93819,64.03067],[-16.93991,64.03031],[-16.94188,64.02954],[-16.94204,64.02938],[-16.94228,64.02878],[-16.94278,64.02837],[-16.94427,64.0278],[-16.9469,64.02643],[-16.94761,64.02629],[-16.94808,64.02602],[-16.94901,64.02578],[-16.95074,64.02573],[-16.95177,64.02556],[-16.95249,64.02498],[-16.95343,64.02458],[-16.95294,64.02431],[-16.95342,64.0239],[-16.95287,64.02379],[-16.9515,64.02387],[-16.95136,64.02378],[-16.95244,64.02348],[-16.95435,64.02242],[-16.95752,64.0211],[-16.95821,64.02086],[-16.95851,64.02094],[-16.95866,64.02086],[-16.95866,64.02062],[-16.95893,64.02044],[-16.96108,64.02004],[-16.96412,64.01929],[-16.96539,64.01874],[-16.9657,64.0187],[-16.96609,64.01842],[-16.96812,64.01809],[-16.9691,64.01762],[-16.97113,64.01719],[-16.97206,64.01685]]}},{"type":"Feature","properties":{"id":"713eb15d0c20","name":"Skaftafellsheiði","length_mi":9.63,"country":"Iceland","state":null,"park":null,"park_type":null,"note":"","source":"OpenStreetMap","osm_id":"5451031","osm_ids":[],"created_at":"2025-12-22T16:12:31.868577"},"geometry":{"type":"LineString","coordinates":[[-16.97206,64.01685],[-16.97247,64.01705],[-16.97488,64.01729],[-16.97776,64.01847],[-16.97811,64.01889],[-16.9782,64.01932],[-16.97841,64.01964],[-16.97914,64.01948],[-16.97957,64.01952],[-16.9793,64.01973],[-16.97968,64.01982],[-16.97952,64.02002],[-16.97958,64.02026],[-16.97902,64.02059],[-16.97892,64.02088],[-16.97943,64.02135],[-16.98013,64.02156],[-16.97999,64.02143],[-16.97943,64.02135],[-16.98028,64.02161],[-16.98013,64.02156],[-16.98092,64.02128],[-16.98028,64.02161],[-16.98186,64.02426],[-16.98147,64.0239],[-16.98035,64.02342],[-16.98011,64.02295],[-16.98018,64.0221],[-16.98088,64.02166],[-16.98106,64.02139],[-16.98092,64.02128],[-16.98204,64.02502],[-16.98182,64.02464],[-16.98186,64.02426],[-16.98149,64.02589],[-16.98204,64.02502],[-16.98149,64.02589],[-16.98178,64.02598],[-16.98177,64.02613],[-16.98194,64.02625],[-16.98212,64.02683],[-16.98206,64.02711],[-16.98222,64.02724],[-16.98245,64.02779],[-16.98109,64.02864],[-16.98013,64.02971],[-16.97966,64.03002],[-16.97897,64.03101],[-16.97663,64.03247],[-16.97611,64.03382],[-16.97595,64.03524],[-16.97558,64.03638],[-16.97492,64.03663],[-16.97418,64.03723],[-16.97404,64.03774],[-16.97418,64.03794],[-16.97419,64.03858],[-16.97438,64.03906],[-16.97367,64.0396],[-16.97378,64.04032],[-16.97214,64.04136],[-16.97119,64.04269],[-16.96893,64.04391],[-16.96828,64.04495],[-16.96838,64.04526],[-16.96911,64.04564],[-16.9693,64.04603],[-16.96926,64.04617],[-16.96973,64.04656],[-16.97151,64.04787],[-16.97302,64.04884],[-16.97341,64.04896],[-16.97629,64.05119],[-16.97627,64.05153],[-16.97586,64.05209],[-16.97525,64.05253],[-16.97518,64.05288],[-16.97455,64.05382],[-16.97301,64.05486],[-16.97274,64.05534],[-16.97248,64.05542],[-16.97258,64.05566],[-16.9716,64.05577],[-16.97132,64.05631],[-16.97088,64.05681],[-16.97043,64.05688],[-16.96823,64.05786],[-16.96591,64.05848],[-16.95405,64.06234],[-16.95376,64.06247],[-16.95364,64.06261],[-16.95371,64.06271],[-16.95289,64.06354],[-16.95214,64.06399],[-16.95083,64.06452],[-16.94964,64.06487],[-16.94728,64.06509],[-16.94627,64.06493],[-16.94256,64.06353],[-16.94001,64.0629],[-16.93993,64.06252],[-16.93711,64.06193],[-16.93624,64.06189],[-16.93603,64.06156],[-16.93633,64.06139],[-16.93627,64.06118],[-16.93667,64.06075],[-16.9374,64.06039],[-16.93924,64.05859],[-16.93963,64.05833],[-16.9397,64.05806],[-16.93997,64.05777],[-16.94064,64.05724],[-16.94057,64.05717],[-16.94091,64.0555],[-16.94084,64.05512],[-16.94054,64.05471],[-16.94011,64.05441],[-16.93898,64.05393],[-16.93732,64.05391],[-16.93351,64.05424],[-16.93175,64.05456],[-16.93077,64.05488],[-16.92989,64.05497],[-16.92808,64.05541],[-16.9254,64.05576],[-16.92147,64.05694],[-16.92014,64.05746],[-16.92075,64.05646],[-16.92119,64.05607],[-16.92178,64.05576],[-16.9224,64.05512],[-16.92255,64.05481],[-16.92226,64.05359],[-16.92118,64.05295],[-16.92123,64.05273],[-16.92141,64.05257],[-16.92242,64.05237],[-16.92372,64.05179],[-16.92538,64.05083],[-16.92664,64.0489],[-16.9283,64.04791],[-16.92853,64.04644],[-16.92834,64.04585],[-16.92879,64.04534],[-16.92867,64.04501],[-16.92963,64.04377],[-16.92857,64.0431],[-16.92853,64.04166],[-16.92873,64.04135],[-16.92883,64.04077],[-16.931,64.03938],[-16.9312,64.03905],[-16.93141,64.03898],[-16.93173,64.0384],[-16.93278,64.03796],[-16.93279,64.03785],[-16.93353,64.03765],[-16.93361,64.03745],[-16.93394,64.03722],[-16.93482,64.03689],[-16.93624,64.03575],[-16.93643,64.0355],[-16.93635,64.03538],[-16.93692,64.0348],[-16.93755,64.03437],[-16.9379,64.03382],[-16.93777,64.03369],[-16.9379,64.0334],[-16.93765,64.03317],[-16.93759,64.03292],[-16.93818,64.03228],[-16.93819,64.03067],[-16.93991,64.03031],[-16.94188,64.02954],[-16.94204,64.02938],[-16.94228,64.02878],[-16.94278,64.02837],[-16.94427,64.0278],[-16.9469,64.02643],[-16.94761,64.02629],[-16.94808,64.02602],[-16.94901,64.02578],[-16.95074,64.02573],[-16.95177,64.02556],[-16.95249,64.02498],[-16.95343,64.02458],[-16.95294,64.02431],[-16.95342,64.0239],[-16.95287,64.02379],[-16.9515,64.02387],[-16.95136,64.02378],[-16.95244,64.02348],[-16.95435,64.02242],[-16.95752,64.0211],[-16.95821,64.02086],[-16.95851,64.02094],[-16.95866,64.02086],[-16.95866,64.02062],[-16.95893,64.02044],[-16.96108,64.02004],[-16.96412,64.01929],[-16.96539,64.01874],[-16.9657,64.0187],[-16.96609,64.01842],[-16.96812,64.01809],[-16.9691,64.01762],[-16.97113,64.01719],[-16.97206,64.01685]]}},{"type":"Feature","properties":{"id":"210b8f028f88","name":"Skaftafellsjökull","length_mi":2.69,"country":"Iceland","state":null,"park":null,"park_type":null,"note":"","source":"OpenStreetMap","osm_id":"5449017","osm_ids":[],"created_at":"2025-12-22T16:12:31.868577"},"geometry":{"type":"LineString","coordinates":[[-16.96556,64.01639],[-16.96554,64.01657],[-16.96322,64.0169],[-16.96019,64.01767],[-16.95744,64.018],[-16.95594,64.01857],[-16.95356,64.01876],[-16.95116,64.01992],[-16.95138,64.01952],[-16.95304,64.01904],[-16.95356,64.01876],[-16.9512,64.01971],[-16.95043,64.0199],[-16.94881,64.01999],[-16.94821,64.02019],[-16.94622,64.0204],[-16.94481,64.02073],[-16.94406,64.02072],[-16.94366,64.02094],[-16.94074,64.02154],[-16.94124,64.02216],[-16.94135,64.0226],[-16.94159,64.02285],[-16.94216,64.02316],[-16.94568,64.02295],[-16.94455,64.0229],[-16.94244,64.02305],[-16.94216,64.02316],[-16.94568,64.02295],[-16.94711,64.02246],[-16.94854,64.02235],[-16.9495,64.02241],[-16.95071,64.02189],[-16.953,64.02149],[-16.95366,64.02106],[-16.9566,64.02036],[-16.95762,64.01986],[-16.95832,64.01965],[-16.96074,64.01923],[-16.96097,64.01915],[-16.96113,64.01885],[-16.96154,64.01856],[-16.96521,64.01706],[-16.96562,64.01678],[-16.96554,64.01657],[-16.93328,64.0265],[-16.93316,64.02614],[-16.93359,64.0258],[-16.9345,64.02553],[-16.93493,64.024],[-16.93472,64.0235],[-16.93378,64.0227],[-16.93369,64.0222],[-16.93405,64.02192],[-16.93468,64.02215],[-16.93533,64.02205],[-16.93777,64.02108],[-16.93852,64.02106],[-16.93885,64.02121],[-16.94074,64.02154],[-16.94216,64.02316],[-16.94172,64.02347],[-16.93809,64.0251]]}},{"type":"Feature","properties":{"id":"076ce29b5a08","name":"Skálli","length_mi":6.68,"country":"Iceland","state":null,"park":null,"park_type":null,"note":"","source":"OpenStreetMap","osm_id":"16346132","osm_ids":[],"created_at":"2025-12-22T16:12:31.873577"},"geometry":{"type":"LineString","coordinates":[[-19.05916,63.98478],[-19.05733,63.98433],[-19.05621,63.98389],[-19.05478,63.98281],[-19.05405,63.9821],[-19.05349,63.98188],[-19.05207,63.98096],[-19.05056,63.98037],[-19.04669,63.97834],[-19.0451,63.97766],[-19.04457,63.9777],[-19.04414,63.97701],[-19.04411,63.97676],[-19.04433,63.976],[-19.04578,63.97498],[-19.04594,63.9746],[-19.04555,63.97403],[-19.04623,63.9733],[-19.0462,63.97304],[-19.04553,63.97255],[-19.04487,63.97233],[-19.0414,63.97166],[-19.03923,63.97085],[-19.03732,63.97031],[-19.03622,63.96898],[-19.03482,63.96823],[-19.0318,63.96702],[-19.03158,63.96651],[-19.0319,63.96479],[-19.03269,63.96375],[-19.03294,63.96323],[-19.03252,63.96249],[-19.03247,63.96174],[-19.03071,63.95828],[-19.03077,63.95799],[-19.0319,63.9576],[-19.03311,63.95751],[-19.03381,63.95703],[-19.03494,63.95665],[-19.03546,63.95611],[-19.0365,63.95545],[-19.03694,63.95543],[-19.03729,63.95501],[-19.03752,63.9545],[-19.03736,63.95382],[-19.03781,63.9532],[-19.03761,63.95248],[-19.03946,63.95161],[-19.04342,63.95122],[-19.04648,63.95132],[-19.04863,63.95097],[-19.05062,63.94984],[-19.05438,63.94934],[-19.05548,63.94936],[-19.05623,63.94959],[-19.05745,63.95007],[-19.05796,63.95049],[-19.05993,63.95102],[-19.06216,63.9511],[-19.06311,63.95104],[-19.06398,63.95085],[-19.06727,63.95065],[-19.07125,63.94997],[-19.07479,63.95057],[-19.07577,63.95135],[-19.07618,63.95138],[-19.07868,63.95209],[-19.08004,63.95216],[-19.08214,63.95249],[-19.08397,63.95309],[-19.0863,63.95436],[-19.08612,63.95537],[-19.08538,63.95648],[-19.08471,63.95847],[-19.08499,63.95877],[-19.08676,63.95942],[-19.08914,63.95983],[-19.09083,63.95986],[-19.09232,63.95981],[-19.0954,63.95935],[-19.09758,63.95961],[-19.10135,63.95914],[-19.10323,63.95908],[-19.10634,63.96023],[-19.10808,63.96051],[-19.10894,63.96052],[-19.1117,63.96124],[-19.11247,63.96212],[-19.1139,63.96263],[-19.11409,63.96304],[-19.1154,63.96338],[-19.11716,63.96351],[-19.1172,63.96375],[-19.11695,63.96414],[-19.06018,63.98546],[-19.05916,63.98478],[-19.06058,63.98588],[-19.06041,63.98562],[-19.06018,63.98546],[-19.06065,63.98598],[-19.06058,63.98588],[-19.06072,63.98631],[-19.06078,63.9861],[-19.06065,63.98598],[-19.0595,63.98891],[-19.05957,63.98875],[-19.05938,63.98852],[-19.05957,63.988],[-19.06072,63.98631],[-19.06031,63.99048],[-19.05978,63.98919],[-19.0595,63.98891],[-19.06031,63.99048],[-19.06069,63.99049],[-19.06076,63.9906],[-19.0414,63.95135],[-19.04172,63.95152],[-19.04169,63.95208],[-19.04194,63.9524],[-19.0419,63.95254],[-19.0421,63.95294],[-19.0432,63.95292],[-19.04256,63.95286],[-19.04233,63.95298],[-19.04237,63.95318],[-19.04308,63.95325],[-19.0433,63.95313],[-19.0432,63.95292]]}},{"type":"Feature","properties":{"id":"31e6fa5a88ed","name":"Skælingar - Hólaskjól","length_mi":10.35,"country":"Iceland","state":null,"park":null,"park_type":null,"note":"","source":"OpenStreetMap","osm_id":"17891091","osm_ids":[],"created_at":"2025-12-22T16:12:31.888582"},"geometry":{"type":"LineString","coordinates":[[-18.52177,63.98063],[-18.52229,63.98028],[-18.52282,63.98022],[-18.52304,63.98006],[-18.52282,63.98022],[-18.52333,63.98008],[-18.52304,63.98006],[-18.57558,63.9831],[-18.57553,63.98393],[-18.57501,63.98428],[-18.57416,63.98457],[-18.57304,63.9858],[-18.57283,63.98616],[-18.5722,63.98641],[-18.56997,63.98646],[-18.56914,63.98614],[-18.56903,63.98594],[-18.56923,63.98579],[-18.56791,63.9854],[-18.56518,63.98557],[-18.56311,63.98551],[-18.56244,63.98527],[-18.56188,63.98479],[-18.56104,63.98444],[-18.56092,63.98424],[-18.55883,63.98315],[-18.55789,63.98298],[-18.55455,63.98282],[-18.55316,63.98237],[-18.54985,63.98084],[-18.54792,63.98061],[-18.54603,63.97996],[-18.54478,63.97982],[-18.54433,63.97989],[-18.54367,63.97972],[-18.54017,63.98012],[-18.53883,63.98052],[-18.53707,63.98068],[-18.53313,63.98202],[-18.53175,63.98338],[-18.53165,63.98365],[-18.53123,63.98397],[-18.53111,63.98426],[-18.52973,63.98497],[-18.52933,63.98525],[-18.52925,63.98543],[-18.52908,63.98545],[-18.52784,63.98522],[-18.52754,63.98498],[-18.52681,63.98473],[-18.52677,63.98426],[-18.5255,63.98383],[-18.52494,63.9827],[-18.52454,63.9823],[-18.52425,63.98219],[-18.52394,63.9818],[-18.52382,63.98141],[-18.52388,63.98123],[-18.52355,63.98086],[-18.52328,63.98023],[-18.52333,63.98008],[-18.61775,63.9586],[-18.61683,63.95866],[-18.61476,63.95994],[-18.61287,63.96025],[-18.6123,63.96068],[-18.61144,63.9609],[-18.61071,63.96093],[-18.61,63.96121],[-18.6091,63.96181],[-18.60828,63.9622],[-18.60794,63.96277],[-18.60778,63.96281],[-18.60789,63.96299],[-18.6075,63.96355],[-18.60619,63.96468],[-18.60501,63.96522],[-18.60342,63.96634],[-18.60317,63.96666],[-18.60025,63.96755],[-18.59918,63.96816],[-18.59731,63.96871],[-18.59647,63.9688],[-18.59455,63.9694],[-18.5935,63.9702],[-18.59264,63.97127],[-18.59123,63.97238],[-18.59042,63.97352],[-18.58863,63.97454],[-18.58747,63.97482],[-18.5857,63.97557],[-18.58355,63.97668],[-18.582,63.97882],[-18.57968,63.98069],[-18.57535,63.98182],[-18.57533,63.98285],[-18.57558,63.9831],[-18.63588,63.95162],[-18.63521,63.95172],[-18.63518,63.95153],[-18.63584,63.95126],[-18.63557,63.95078],[-18.63491,63.95102],[-18.634,63.95116],[-18.63388,63.95126],[-18.63391,63.95138],[-18.63342,63.95144],[-18.6312,63.95097],[-18.63036,63.95026],[-18.62815,63.95066],[-18.62684,63.95106],[-18.62598,63.9515],[-18.62539,63.95206],[-18.62515,63.95267],[-18.62441,63.95365],[-18.62363,63.9543],[-18.62305,63.95507],[-18.62303,63.95604],[-18.62311,63.95633],[-18.62275,63.95689],[-18.62127,63.95758],[-18.62023,63.95753],[-18.61971,63.95763],[-18.61929,63.95792],[-18.61833,63.9582],[-18.61775,63.9586],[-18.63603,63.95168],[-18.63588,63.95162],[-18.63819,63.95208],[-18.63723,63.95195],[-18.63846,63.95192],[-18.63819,63.95208],[-18.6386,63.95188],[-18.63846,63.95192],[-18.63847,63.95171],[-18.6386,63.95188],[-18.64171,63.94987],[-18.63831,63.95076],[-18.63811,63.95093],[-18.63811,63.95115],[-18.63838,63.95131],[-18.63847,63.95171],[-18.6414,63.9493],[-18.64191,63.94951],[-18.64171,63.94987],[-18.64042,63.94748],[-18.64105,63.94806],[-18.64111,63.94847],[-18.64088,63.94874],[-18.6414,63.9493],[-18.64033,63.94737],[-18.64037,63.94641],[-18.64006,63.94607],[-18.63992,63.94569],[-18.64216,63.9424],[-18.64003,63.94336],[-18.63941,63.94395],[-18.63997,63.94428],[-18.6399,63.94475],[-18.63981,63.94489],[-18.63963,63.94488],[-18.63992,63.94569],[-18.64083,63.93899],[-18.64079,63.93916],[-18.6409,63.93927],[-18.64195,63.93972],[-18.6424,63.9402],[-18.6424,63.94028],[-18.64194,63.9405],[-18.64244,63.94153],[-18.64216,63.9424],[-18.64097,63.93894],[-18.64083,63.93899],[-18.64105,63.93889],[-18.64097,63.93894],[-18.63867,63.93801],[-18.64012,63.93832],[-18.64101,63.93877],[-18.64105,63.93889],[-18.63686,63.93644],[-18.63726,63.93712],[-18.63867,63.93801],[-18.60217,63.91895],[-18.60225,63.91916],[-18.60417,63.92004],[-18.60847,63.92104],[-18.6093,63.92114],[-18.61014,63.92187],[-18.61088,63.92226],[-18.61203,63.92266],[-18.61228,63.92289],[-18.61282,63.92312],[-18.61443,63.92343],[-18.61766,63.92366],[-18.61812,63.92392],[-18.61886,63.92374],[-18.61968,63.92387],[-18.61989,63.92436],[-18.62045,63.92459],[-18.6217,63.92476],[-18.62244,63.925],[-18.62319,63.92562],[-18.62576,63.92691],[-18.62813,63.92739],[-18.6304,63.92727],[-18.63223,63.92738],[-18.63271,63.9276],[-18.63294,63.92789],[-18.63282,63.92881],[-18.63262,63.92912],[-18.63286,63.92939],[-18.63557,63.93048],[-18.63571,63.93078],[-18.63503,63.93111],[-18.63417,63.93215],[-18.63451,63.93263],[-18.63597,63.93307],[-18.63625,63.93331],[-18.63636,63.9335],[-18.63603,63.93389],[-18.63616,63.93418],[-18.63556,63.93498],[-18.63542,63.93558],[-18.63657,63.93637],[-18.63686,63.93644],[-18.6028,63.91762],[-18.60323,63.91783],[-18.60348,63.91795],[-18.60347,63.91806],[-18.60293,63.9181],[-18.60282,63.91841],[-18.60255,63.91868],[-18.60231,63.91874],[-18.60217,63.91895],[-18.59964,63.90669],[-18.59853,63.90687],[-18.59796,63.90725],[-18.59793,63.90757],[-18.59798,63.90834],[-18.59812,63.90869],[-18.59891,63.90903],[-18.59974,63.90955],[-18.59986,63.90976],[-18.60041,63.91012],[-18.60114,63.91043],[-18.6013,63.91114],[-18.60151,63.91143],[-18.60114,63.91177],[-18.60062,63.91194],[-18.60049,63.91263],[-18.59999,63.91294],[-18.60021,63.91301],[-18.60008,63.91322],[-18.60015,63.9134],[-18.60044,63.91357],[-18.60045,63.91379],[-18.60002,63.91378],[-18.59995,63.9139],[-18.60047,63.9143],[-18.60056,63.91458],[-18.60074,63.9147],[-18.60118,63.91468],[-18.60147,63.91492],[-18.6019,63.91504],[-18.60153,63.91524],[-18.60161,63.9155],[-18.60246,63.91561],[-18.60241,63.91575],[-18.60282,63.91617],[-18.60282,63.91662],[-18.60309,63.91699],[-18.6028,63.91762],[-18.60253,63.90739],[-18.60117,63.90732],[-18.59998,63.90674],[-18.59964,63.90669],[-18.60282,63.90739],[-18.60253,63.90739],[-18.60419,63.90755],[-18.60282,63.90739]]}},{"type":"Feature","properties":{"id":"79fcc294078d","name":"Skógarhringur","length_mi":2.2,"country":"Iceland","state":null,"park":null,"park_type":null,"note":"","source":"OpenStreetMap","osm_id":"17856423","osm_ids":[],"created_at":"2025-12-22T16:12:31.873577"},"geometry":{"type":"LineString","coordinates":[[-21.73917,64.07526],[-21.74004,64.0749],[-21.74163,64.07465],[-21.74237,64.0743],[-21.74353,64.07407],[-21.72694,64.07397],[-21.72809,64.07417],[-21.7283,64.07432],[-21.72836,64.07461],[-21.7287,64.07482],[-21.72988,64.07499],[-21.73203,64.0756],[-21.73339,64.07568],[-21.73433,64.07562],[-21.73587,64.07529],[-21.73702,64.07544],[-21.73917,64.07526],[-21.73032,64.06897],[-21.73097,64.0693],[-21.73097,64.06943],[-21.73051,64.06995],[-21.73042,64.07031],[-21.72839,64.07053],[-21.72784,64.07071],[-21.72763,64.07098],[-21.72775,64.07136],[-21.72673,64.07211],[-21.72568,64.07314],[-21.7248,64.07343],[-21.72516,64.0736],[-21.72665,64.07378],[-21.72694,64.07397],[-21.73441,64.06862],[-21.73264,64.06902],[-21.73032,64.06897],[-21.73527,64.06709],[-21.73541,64.06748],[-21.73536,64.06802],[-21.73522,64.0682],[-21.73441,64.06862],[-21.7453,64.07031],[-21.74304,64.06954],[-21.7425,64.06922],[-21.74245,64.0689],[-21.74255,64.06869],[-21.74317,64.06852],[-21.74337,64.06831],[-21.74212,64.0677],[-21.74072,64.06743],[-21.74003,64.0674],[-21.73868,64.06706],[-21.73645,64.06693],[-21.73527,64.06709],[-21.74455,64.07364],[-21.74468,64.07354],[-21.74484,64.07292],[-21.74461,64.0727],[-21.744,64.07253],[-21.74249,64.07252],[-21.74205,64.07221],[-21.74196,64.07198],[-21.74439,64.07078],[-21.7455,64.07043],[-21.7453,64.07031],[-21.74405,64.07378],[-21.74455,64.07364],[-21.74353,64.07407],[-21.74417,64.07386]]}},{"type":"Feature","properties":{"id":"a854ff72c57b","name":"Skólavarðan","length_mi":1.54,"country":"Iceland","state":null,"park":null,"park_type":null,"note":"","source":"OpenStreetMap","osm_id":"16276342","osm_ids":[],"created_at":"2025-12-22T16:12:31.873577"},"geometry":{"type":"LineString","coordinates":[[-18.0324,65.68234],[-18.03144,65.68231],[-18.02737,65.68166],[-18.02809,65.6813],[-18.02858,65.68124],[-18.02909,65.68095],[-18.02955,65.68095],[-18.02988,65.6811],[-18.03047,65.68185],[-18.03103,65.68222],[-18.02737,65.68166],[-18.02596,65.68128],[-18.02419,65.6806],[-18.02283,65.68037],[-18.02244,65.68021],[-18.02221,65.68041],[-18.02242,65.68226],[-18.02154,65.68282],[-18.02138,65.68311],[-18.02009,65.68384],[-18.01939,65.68443],[-18.01824,65.68456],[-18.01822,65.68473],[-18.01797,65.68488],[-18.01676,65.68511],[-18.01602,65.68537],[-18.01343,65.68547],[-18.01337,65.68582],[-18.01289,65.68603],[-18.01282,65.68623],[-18.01186,65.6867],[-18.01171,65.68704],[-18.01085,65.68746],[-18.0099,65.68812],[-18.00933,65.68819],[-18.00928,65.68847],[-18.00845,65.68878],[-18.00848,65.68911],[-18.00784,65.68947],[-18.00606,65.68947],[-18.00363,65.69007],[-17.99967,65.69073]]}},{"type":"Feature","properties":{"id":"f9811b700e53","name":"Solfatarenrunde zum Namafjall","length_mi":1.71,"country":"Iceland","state":null,"park":null,"park_type":null,"note":"","source":"OpenStreetMap","osm_id":"6227756","osm_ids":[],"created_at":"2025-12-22T16:12:31.871577"},"geometry":{"type":"LineString","coordinates":[[-16.80857,65.64122],[-16.80807,65.64138],[-16.81005,65.64089],[-16.80878,65.64122],[-16.81064,65.64123],[-16.81044,65.64099],[-16.81005,65.64089],[-16.81064,65.64123],[-16.81129,65.64131],[-16.81124,65.64115],[-16.81178,65.64069],[-16.81189,65.64047],[-16.81125,65.63978],[-16.81167,65.63955],[-16.81239,65.6385],[-16.81249,65.63883],[-16.81228,65.63917],[-16.81167,65.63955],[-16.81378,65.6373],[-16.81253,65.63817],[-16.81239,65.6385],[-16.81606,65.63688],[-16.8162,65.63668],[-16.8161,65.63663],[-16.8148,65.6369],[-16.81378,65.6373],[-16.81732,65.63837],[-16.8173,65.6379],[-16.81687,65.63758],[-16.81714,65.637],[-16.81705,65.63686],[-16.81606,65.63688],[-16.82002,65.63972],[-16.8197,65.63942],[-16.81952,65.63903],[-16.81877,65.63834],[-16.81732,65.63837],[-16.8209,65.64014],[-16.82051,65.64008],[-16.82002,65.63972],[-16.81744,65.64538],[-16.81792,65.64523],[-16.81855,65.6446],[-16.81873,65.64412],[-16.81862,65.64384],[-16.81909,65.64354],[-16.81975,65.64266],[-16.82015,65.64182],[-16.8201,65.64113],[-16.8209,65.64014],[-16.81318,65.64396],[-16.81371,65.64427],[-16.81397,65.64472],[-16.81434,65.64495],[-16.81577,65.64504],[-16.81686,65.64534],[-16.81744,65.64538],[-16.81295,65.64384],[-16.81216,65.64281],[-16.81184,65.64198],[-16.81157,65.6418],[-16.80884,65.64147],[-16.80906,65.64159],[-16.80983,65.64161],[-16.80878,65.64122],[-16.80884,65.64147],[-16.80857,65.64122],[-16.80878,65.64122],[-16.80837,65.64124],[-16.80807,65.64138]]}},{"type":"Feature","properties":{"id":"7bab31a4fefd","name":"Strutsfoss","length_mi":2.32,"country":"Iceland","state":null,"park":null,"park_type":null,"note":"","source":"OpenStreetMap","osm_id":"6173454","osm_ids":[],"created_at":"2025-12-22T16:12:31.870578"},"geometry":{"type":"LineString","coordinates":[[-15.05822,64.92762],[-15.05791,64.92758],[-15.05778,64.92191],[-15.05798,64.92209],[-15.05926,64.92242],[-15.06029,64.92289],[-15.06085,64.92295],[-15.06333,64.92474],[-15.06388,64.92478],[-15.06392,64.92486],[-15.06345,64.92523],[-15.06275,64.92555],[-15.06149,64.92697],[-15.05954,64.92741],[-15.05906,64.92761],[-15.05892,64.92785],[-15.0587,64.92796],[-15.05823,64.92788],[-15.05822,64.92762],[-15.0482,64.9137],[-15.04849,64.9138],[-15.04852,64.9141],[-15.04923,64.91441],[-15.04923,64.91465],[-15.04947,64.91523],[-15.04985,64.91548],[-15.05009,64.91586],[-15.05062,64.91629],[-15.05119,64.91643],[-15.05184,64.91692],[-15.0522,64.91785],[-15.05214,64.91833],[-15.05244,64.91868],[-15.05246,64.91896],[-15.05294,64.91927],[-15.05333,64.91971],[-15.05358,64.9206],[-15.05384,64.92105],[-15.05464,64.9216],[-15.05516,64.92178],[-15.05742,64.9218],[-15.05778,64.92191],[-15.04557,64.90417],[-15.04555,64.90451],[-15.04504,64.9051],[-15.04507,64.90589],[-15.04528,64.90611],[-15.04466,64.90726],[-15.04673,64.90809],[-15.04706,64.90839],[-15.04713,64.90869],[-15.04756,64.90908],[-15.04785,64.90957],[-15.0483,64.90988],[-15.04842,64.9104],[-15.04824,64.91076],[-15.04758,64.91144],[-15.04787,64.9116],[-15.04787,64.91188],[-15.04812,64.91205],[-15.04813,64.91239],[-15.04803,64.91254],[-15.04823,64.91266],[-15.04827,64.913],[-15.04806,64.91313],[-15.04822,64.91327],[-15.04788,64.91351],[-15.0482,64.9137],[-15.03855,64.90285],[-15.0394,64.90332],[-15.04048,64.90342],[-15.04192,64.90331],[-15.04239,64.9034],[-15.04292,64.90383],[-15.04522,64.90403],[-15.04557,64.90417],[-15.06133,64.92678],[-15.06094,64.92708]]}},{"type":"Feature","properties":{"id":"491cdb726a37","name":"Strípshringur","length_mi":2.52,"country":"Iceland","state":null,"park":null,"park_type":null,"note":"","source":"OpenStreetMap","osm_id":"17872155","osm_ids":[],"created_at":"2025-12-22T16:12:31.873577"},"geometry":{"type":"LineString","coordinates":[[-21.7453,64.07031],[-21.74653,64.07],[-21.74931,64.06953],[-21.75068,64.0688],[-21.75088,64.06857],[-21.75093,64.06815],[-21.75108,64.06797],[-21.75355,64.06729],[-21.75501,64.06714],[-21.7567,64.06671],[-21.75738,64.06597],[-21.76011,64.06485],[-21.76043,64.06487],[-21.76081,64.06506],[-21.76128,64.06575],[-21.76212,64.06606],[-21.76339,64.06617],[-21.76409,64.06646],[-21.76469,64.06637],[-21.7657,64.06652],[-21.76671,64.06651],[-21.76797,64.06675],[-21.76851,64.067],[-21.77001,64.06671],[-21.77036,64.0668],[-21.77057,64.06712],[-21.76995,64.0679],[-21.7699,64.06816],[-21.76969,64.06829],[-21.76844,64.06866],[-21.76677,64.06863],[-21.76639,64.06872],[-21.76626,64.06891],[-21.76652,64.0692],[-21.76634,64.06953],[-21.76445,64.07007],[-21.76437,64.07028],[-21.76454,64.07074],[-21.76395,64.07123],[-21.76388,64.0714],[-21.7623,64.07149],[-21.76134,64.07188],[-21.76017,64.07193],[-21.75902,64.07233],[-21.7572,64.0727],[-21.75453,64.0735],[-21.75341,64.07402],[-21.74997,64.07481],[-21.74786,64.07499],[-21.74737,64.07476],[-21.74703,64.07433],[-21.74516,64.07395],[-21.74455,64.07364],[-21.74468,64.07354],[-21.74484,64.07292],[-21.74461,64.0727],[-21.744,64.07253],[-21.74249,64.07252],[-21.74205,64.07221],[-21.74196,64.07198],[-21.74439,64.07078],[-21.7455,64.07043],[-21.7453,64.07031]]}},{"type":"Feature","properties":{"id":"feeb1e90c67f","name":"Strútur - Hvanngil","length_mi":9.18,"country":"Iceland","state":null,"park":null,"park_type":null,"note":"","source":"OpenStreetMap","osm_id":"17892722","osm_ids":[],"created_at":"2025-12-22T16:12:31.888582"},"geometry":{"type":"LineString","coordinates":[[-19.10331,63.84745],[-19.10221,63.84736],[-19.10074,63.84753],[-19.10032,63.84735],[-19.10032,63.84723],[-19.09959,63.84704],[-19.09867,63.84656],[-19.09791,63.84571],[-19.09634,63.84452],[-19.09642,63.8442],[-19.09634,63.84408],[-19.09531,63.84328],[-19.0949,63.84323],[-19.09379,63.84276],[-19.09393,63.84226],[-19.0937,63.84222],[-19.0931,63.84248],[-19.09255,63.8423],[-19.08892,63.8401],[-19.0854,63.8368],[-19.08306,63.83419],[-19.08218,63.8339],[-19.08108,63.8338],[-19.07837,63.83424],[-19.07664,63.83404],[-19.06541,63.83121],[-19.05642,63.83045],[-19.05295,63.82959],[-19.04772,63.82906],[-19.04619,63.8291],[-19.0459,63.82893],[-19.04494,63.82903],[-19.0377,63.83012],[-19.03487,63.83074],[-19.02971,63.83113],[-19.0273,63.83159],[-19.02804,63.83282],[-19.02875,63.83321],[-19.02744,63.83368],[-19.02631,63.83489],[-19.02553,63.83508],[-19.02486,63.83572],[-19.02196,63.83664],[-19.02001,63.8368],[-19.01817,63.83725],[-19.01637,63.83815],[-19.01669,63.83844],[-19.01651,63.83867],[-19.01577,63.83884],[-19.01039,63.83853],[-19.00575,63.83883],[-19.00377,63.83923],[-19.00285,63.83931],[-18.99945,63.83859],[-18.99882,63.83814],[-18.99804,63.838],[-18.99585,63.83795],[-18.99478,63.83756],[-18.99475,63.83737],[-18.99425,63.83711],[-18.9928,63.83708],[-18.99217,63.83725],[-18.99164,63.83725],[-18.99139,63.83752],[-18.99072,63.83753],[-18.99054,63.8377],[-18.9898,63.83776],[-18.98944,63.83831],[-18.98866,63.83876],[-18.98643,63.83884],[-18.98569,63.83915],[-18.98566,63.83942],[-18.98481,63.83967],[-18.98424,63.8401],[-18.98311,63.84032],[-18.98162,63.8404],[-18.98074,63.84031],[-18.97854,63.83976],[-18.97525,63.83847],[-19.2079,63.83386],[-19.20415,63.83439],[-19.20316,63.83473],[-19.20211,63.83484],[-19.19905,63.83592],[-19.19588,63.83754],[-19.19173,63.83889],[-19.18847,63.84027],[-19.18729,63.84052],[-19.18676,63.8408],[-19.1866,63.84115],[-19.18414,63.8426],[-19.18208,63.8435],[-19.18104,63.84371],[-19.17984,63.8437],[-19.17873,63.84357],[-19.17827,63.8434],[-19.17648,63.8433],[-19.17411,63.84296],[-19.17211,63.84309],[-19.17082,63.84296],[-19.16857,63.84226],[-19.16689,63.84221],[-19.16625,63.84184],[-19.16286,63.84177],[-19.16089,63.84154],[-19.15561,63.84039],[-19.15468,63.84038],[-19.15407,63.84042],[-19.15072,63.84189],[-19.1446,63.84248],[-19.13165,63.84305],[-19.1293,63.84336],[-19.12772,63.84342],[-19.12661,63.84326],[-19.12615,63.84289],[-19.1244,63.84246],[-19.12082,63.84231],[-19.11965,63.84254],[-19.11852,63.84257],[-19.1172,63.84278],[-19.11215,63.84435],[-19.11076,63.84484],[-19.10952,63.84543],[-19.10892,63.84548],[-19.10766,63.84586],[-19.10658,63.84646],[-19.10403,63.84731],[-19.10331,63.84745],[-19.20796,63.83313],[-19.2079,63.83386],[-19.20742,63.83308],[-19.20796,63.83313],[-19.20723,63.83301],[-19.20733,63.83304],[-19.20661,63.83237],[-19.20685,63.8325],[-19.20711,63.83296],[-19.20723,63.83301],[-19.20592,63.83189],[-19.20623,63.83199],[-19.20661,63.83237],[-19.20592,63.83189],[-19.20494,63.83193]]}},{"type":"Feature","properties":{"id":"617f4d69575b","name":"Stóri hringur","length_mi":0.5,"country":"Iceland","state":null,"park":null,"park_type":null,"note":"","source":"OpenStreetMap","osm_id":"14377283","osm_ids":[],"created_at":"2025-12-22T16:12:31.872577"},"geometry":{"type":"LineString","coordinates":[[-16.90765,65.59103],[-16.90919,65.59127],[-16.90992,65.59111],[-16.90584,65.59017],[-16.90623,65.59042],[-16.90637,65.59071],[-16.90765,65.59103],[-16.91149,65.59024],[-16.91073,65.59019],[-16.91014,65.58989],[-16.90852,65.58956],[-16.90807,65.58969],[-16.90719,65.58974],[-16.90708,65.58993],[-16.90584,65.59017],[-16.91149,65.59024],[-16.91109,65.59043],[-16.91114,65.5907],[-16.91093,65.59079],[-16.91109,65.59091],[-16.90992,65.59111],[-16.91035,65.59112],[-16.91082,65.591],[-16.90992,65.59111],[-16.909,65.59052]]}},{"type":"Feature","properties":{"id":"54c2416e51fe","name":"Stórurð","length_mi":11.43,"country":"Iceland","state":null,"park":null,"park_type":null,"note":"","source":"OpenStreetMap","osm_id":"6223863","osm_ids":[],"created_at":"2025-12-22T16:12:31.870578"},"geometry":{"type":"LineString","coordinates":[[-13.99102,65.51645],[-13.99083,65.51658],[-13.99083,65.51677],[-13.9906,65.51701],[-13.9906,65.51723],[-13.99051,65.51725],[-13.9906,65.51735],[-13.99002,65.51744],[-13.98991,65.51761],[-13.98967,65.51768],[-13.98976,65.51772],[-13.9895,65.51788],[-13.98957,65.51802],[-13.98907,65.51823],[-13.98913,65.51841],[-13.9909,65.51868],[-13.99113,65.51898],[-13.99152,65.51905],[-13.99261,65.51954],[-13.99308,65.51959],[-13.99358,65.51989],[-13.99499,65.51997],[-13.99781,65.5207],[-14.00115,65.52132],[-14.00208,65.5219],[-14.00235,65.52195],[-14.00235,65.52203],[-14.0033,65.52261],[-14.0039,65.52276],[-14.00441,65.52321],[-14.00467,65.5236],[-14.00465,65.52377],[-14.00553,65.52426],[-14.00577,65.52491],[-14.00635,65.52544],[-14.00716,65.52564],[-14.00789,65.52602],[-14.00817,65.5266],[-14.00808,65.52671],[-14.00836,65.52714],[-14.0072,65.52828],[-14.00692,65.52871],[-14.00429,65.53023],[-14.0039,65.53064],[-14.00368,65.53122],[-14.00381,65.53152],[-14.00424,65.53199],[-14.00446,65.53272],[-14.00454,65.53274],[-14.00409,65.53317],[-14.00426,65.53334],[-14.00452,65.53407],[-14.00474,65.53419],[-14.0045,65.53433],[-14.00452,65.53443],[-14.00491,65.53486],[-14.00544,65.53579],[-14.00564,65.53589],[-14.00562,65.53607],[-14.00579,65.53634],[-14.00568,65.53688],[-14.00587,65.5372],[-14.00596,65.53787],[-14.00613,65.53815],[-14.00604,65.53834],[-14.00624,65.5387],[-14.0062,65.53894],[-14.00632,65.53935],[-14.00624,65.53946],[-14.00645,65.54042],[-14.00684,65.541],[-14.0071,65.54111],[-14.0071,65.54132],[-14.00744,65.54175],[-14.00804,65.54216],[-14.00828,65.54289],[-14.00961,65.54433],[-14.00961,65.54471],[-14.01001,65.54533],[-14.00995,65.54589],[-14.01051,65.54656],[-14.0104,65.54716],[-14.00976,65.54795],[-14.00862,65.54873],[-14.0069,65.54918],[-14.00589,65.54976],[-14.00557,65.55012],[-14.00553,65.55044],[-14.00527,65.55068],[-14.00315,65.55126],[-14.00285,65.55124],[-14.00233,65.55145],[-14.00255,65.55209],[-14.00315,65.55274],[-14.0033,65.55334],[-14.00386,65.55385],[-14.00356,65.55433],[-14.00349,65.5545],[-14.00358,65.55465],[-14.00341,65.55478],[-14.00321,65.55557],[-14.00304,65.55568],[-14.00293,65.55621],[-14.00274,65.55634],[-14.00259,65.55699],[-14.00212,65.55808],[-14.00074,65.55902],[-14.00027,65.55952],[-13.99901,65.55975],[-13.99892,65.55995],[-13.99765,65.56053],[-13.99557,65.561],[-13.99461,65.56141],[-13.99411,65.56149],[-13.99336,65.56141],[-13.99225,65.5618],[-13.99266,65.56196],[-13.99225,65.5618],[-13.99322,65.56191],[-13.99266,65.56196],[-14.00121,65.56557],[-14.00091,65.56474],[-14.00017,65.56409],[-13.99907,65.56353],[-13.99562,65.56219],[-13.99448,65.56195],[-13.99322,65.56191],[-14.00243,65.56649],[-14.00207,65.56673],[-14.00164,65.56727],[-14.00103,65.56735],[-14.00082,65.56726],[-14.00075,65.56706],[-14.00121,65.56557],[-14.02686,65.55828],[-14.02441,65.55972],[-14.02238,65.56059],[-14.02047,65.56158],[-14.01633,65.56307],[-14.01263,65.56381],[-14.01009,65.56504],[-14.0087,65.56553],[-14.00619,65.56623],[-14.00363,65.56621],[-14.00243,65.56649],[-14.03008,65.5576],[-14.02923,65.55736],[-14.02839,65.55744],[-14.02686,65.55828],[-14.03022,65.55757],[-14.03108,65.55713],[-14.03119,65.55694],[-14.03186,65.55724],[-14.03272,65.55733],[-14.03394,65.55677],[-14.03435,65.5563],[-14.03501,65.55606],[-14.03542,65.55574],[-14.03602,65.55559],[-14.03705,65.55563],[-14.03778,65.55525],[-14.03969,65.55456],[-14.04216,65.55325],[-14.04272,65.55231],[-14.04347,65.55158],[-14.04338,65.55119],[-14.04364,65.55074],[-14.0437,65.55027],[-14.04409,65.55003],[-14.04422,65.5498],[-14.04411,65.5496],[-14.04484,65.54877],[-14.04484,65.54842],[-14.04422,65.54651],[-14.04424,65.54611],[-14.04368,65.54506],[-14.04383,65.54471],[-14.04366,65.54446],[-14.044,65.54433],[-14.04402,65.54418],[-14.04428,65.54405],[-14.04433,65.54385],[-14.04604,65.54227],[-14.04666,65.54109],[-14.04731,65.54029],[-14.0475,65.53984],[-14.04746,65.5384],[-14.04877,65.53812],[-14.04948,65.5377],[-14.04993,65.53757],[-14.05008,65.53731],[-14.05081,65.53682],[-14.05156,65.53602],[-14.05177,65.53527],[-14.05171,65.53467],[-14.05194,65.53386],[-14.05184,65.53375],[-14.05186,65.53317],[-14.05177,65.53302],[-14.0519,65.5319],[-14.05169,65.53141],[-14.05113,65.53077],[-14.05111,65.53038],[-14.05083,65.52993],[-14.05033,65.5295],[-14.05029,65.52931],[-14.04969,65.52894],[-14.04917,65.52883],[-14.04922,65.52877],[-14.04909,65.52873],[-14.0492,65.52871],[-14.04887,65.52832],[-13.99664,65.51614],[-13.99636,65.51581],[-13.99678,65.51544],[-13.99718,65.51534],[-13.99733,65.51512],[-13.99718,65.51491],[-13.99637,65.51502],[-13.99678,65.51474],[-13.9968,65.51447],[-13.99696,65.51429],[-13.99675,65.51414],[-13.99626,65.51418],[-13.99555,65.51381],[-13.99506,65.51341],[-13.99467,65.5133],[-13.99381,65.51323],[-13.99306,65.51304],[-13.99298,65.51317],[-13.99246,65.51317],[-13.99139,65.51283],[-13.99072,65.51281],[-13.99045,65.51265],[-13.98991,65.5127],[-13.98946,65.51253],[-13.98892,65.5127],[-13.98871,65.51296],[-13.98817,65.51315],[-13.98836,65.51323],[-13.9883,65.51356],[-13.98858,65.51392],[-13.98858,65.51401],[-13.98834,65.51399],[-13.9883,65.5142],[-13.98845,65.51441],[-13.98892,65.51445],[-13.98937,65.51465],[-13.9892,65.51472],[-13.98909,65.51504],[-13.98939,65.51555],[-13.98935,65.51605],[-13.98965,65.51615],[-13.99102,65.51645],[-13.99987,65.516],[-13.99892,65.51602],[-13.99851,65.51589],[-13.99804,65.51609],[-13.99664,65.51614],[-14.01014,65.51577],[-14.00802,65.51574],[-14.0039,65.51615],[-14.00315,65.51613],[-14.00147,65.51585],[-13.99987,65.516],[-14.04877,65.5282],[-14.04761,65.52761],[-14.04679,65.52686],[-14.04662,65.52684],[-14.04669,65.5268],[-14.04572,65.52592],[-14.04505,65.52553],[-14.04493,65.52499],[-14.04527,65.5245],[-14.04527,65.52407],[-14.04508,65.52392],[-14.04518,65.52347],[-14.04473,65.52315],[-14.04454,65.52287],[-14.04465,65.52268],[-14.0446,65.5222],[-14.04439,65.52195],[-14.04362,65.52152],[-14.04308,65.52087],[-14.04297,65.52059],[-14.04231,65.52001],[-14.04186,65.51982],[-14.04154,65.51946],[-14.04109,65.51929],[-14.04115,65.51922],[-14.04021,65.51879],[-14.03978,65.51847],[-14.03986,65.51832],[-14.03797,65.51776],[-14.03744,65.51774],[-14.03536,65.5172],[-14.03317,65.51695],[-14.03205,65.51658],[-14.02995,65.51639],[-14.02847,65.51607],[-14.02632,65.51589],[-14.02534,65.51602],[-14.02203,65.51566],[-14.02016,65.51579],[-14.01986,65.51564],[-14.01785,65.51577],[-14.01592,65.51568],[-14.01229,65.51587],[-14.01162,65.51574],[-14.01014,65.51577],[-14.04887,65.52832],[-14.04877,65.5282],[-13.9915,65.51648],[-13.99301,65.51668],[-13.99493,65.5164],[-13.99539,65.5165],[-13.99586,65.51645],[-13.99662,65.51623],[-13.99664,65.51614],[-13.99102,65.51645],[-14.00239,65.56467],[-14.00193,65.56456],[-14.00147,65.56429],[-14.00069,65.56357],[-14.00017,65.56348],[-14.0,65.5633],[-13.99775,65.56242],[-13.99807,65.56224],[-13.99802,65.56201],[-13.99778,65.56187],[-13.99792,65.56178],[-13.99712,65.56149],[-13.99679,65.56075]]}},{"type":"Feature","properties":{"id":"a427e30e4be0","name":"Suðurnámur","length_mi":5.57,"country":"Iceland","state":null,"park":null,"park_type":null,"note":"","source":"OpenStreetMap","osm_id":"6133192","osm_ids":[],"created_at":"2025-12-22T16:12:31.869577"},"geometry":{"type":"LineString","coordinates":[[-19.08573,63.98879],[-19.08766,63.98879],[-19.08924,63.98903],[-19.08978,63.98923],[-19.09027,63.99003],[-19.09101,63.99017],[-19.09201,63.99011],[-19.09291,63.98985],[-19.09336,63.98997],[-19.09372,63.99025],[-19.09701,63.99052],[-19.09768,63.99073],[-19.09826,63.99062],[-19.0648,63.99074],[-19.06487,63.99085],[-19.06477,63.99093],[-19.06508,63.99103],[-19.06523,63.99089],[-19.06518,63.99071],[-19.06539,63.99061],[-19.067,63.99061],[-19.06844,63.99084],[-19.07139,63.99037],[-19.07253,63.99038],[-19.07413,63.99094],[-19.0751,63.99062],[-19.07609,63.99056],[-19.07719,63.99071],[-19.07933,63.99062],[-19.08,63.99045],[-19.08123,63.99063],[-19.08351,63.99054],[-19.08421,63.99061],[-19.08579,63.9899],[-19.08585,63.98939],[-19.08573,63.98879],[-19.0647,63.99067],[-19.0648,63.99074],[-19.06158,63.9906],[-19.06351,63.99087],[-19.06399,63.99079],[-19.06438,63.9906],[-19.0647,63.99067],[-19.06076,63.9906],[-19.06158,63.9906],[-19.06022,63.99311],[-19.05919,63.99201],[-19.06047,63.99083],[-19.06044,63.9907],[-19.06076,63.9906],[-19.06098,63.99439],[-19.06091,63.99422],[-19.05994,63.9946],[-19.06062,63.99459],[-19.06098,63.99439],[-19.05121,63.99835],[-19.05144,63.99811],[-19.05189,63.99789],[-19.05586,63.99698],[-19.05833,63.99603],[-19.05948,63.99534],[-19.05979,63.995],[-19.05994,63.9946],[-19.09826,63.99062],[-19.09976,63.99094],[-19.10146,63.99208],[-19.10422,63.99291],[-19.10508,63.99331],[-19.1072,63.99367],[-19.10819,63.99409],[-19.1099,63.99458],[-19.11122,63.99468],[-19.11371,63.99526],[-19.11488,63.99581],[-19.1149,63.99592],[-19.11692,63.99672],[-19.11711,63.99693],[-19.11705,63.9972],[-19.11658,63.99751],[-19.11621,63.99719],[-19.11508,63.99732],[-19.11279,63.99802],[-19.11207,63.99844],[-19.11146,63.999],[-19.11148,63.99922],[-19.11168,63.99927],[-19.1116,63.99936],[-19.11176,63.99947],[-19.11161,63.9997],[-19.11169,63.99994],[-19.1115,64.00017],[-19.11143,64.00052],[-19.11152,64.00057],[-19.11118,64.00111],[-19.11137,64.00117],[-19.1095,64.0017],[-19.10756,64.00191],[-19.10444,64.00151],[-19.1023,64.00179],[-19.10158,64.00162],[-19.10135,64.0017],[-19.10085,64.00162],[-19.09952,64.00176],[-19.09929,64.00196],[-19.09627,64.0019],[-19.09532,64.00166],[-19.09445,64.00107],[-19.09419,64.00078],[-19.0931,64.00034],[-19.09193,64.00024],[-19.09012,64.00032],[-19.08806,64.00016],[-19.08547,64.00025],[-19.08429,63.99998],[-19.08145,63.99974],[-19.0807,63.99954],[-19.08046,63.9993],[-19.0793,63.99931],[-19.07666,63.99887],[-19.0743,63.99878],[-19.07409,63.99862],[-19.07289,63.9987],[-19.07188,63.999],[-19.07078,63.99901],[-19.07009,63.99893],[-19.06933,63.99867],[-19.06904,63.99842],[-19.06831,63.99823],[-19.06811,63.99807],[-19.0658,63.99766],[-19.06411,63.9991],[-19.06529,63.99844],[-19.0658,63.99766],[-19.06411,63.9991],[-19.06325,63.99911],[-19.06232,63.99929],[-19.05966,64.00017],[-19.0579,64.00049],[-19.05677,64.00053],[-19.05563,64.00071],[-19.05495,64.00064],[-19.05454,64.00071],[-19.05399,64.00102],[-19.0532,64.00088],[-19.05274,64.00068],[-19.05266,64.00054],[-19.05284,63.99989],[-19.05307,63.9997],[-19.05298,63.99962],[-19.05213,63.99975],[-19.05164,63.99965],[-19.05164,63.9993],[-19.05114,63.99863],[-19.05121,63.99835]]}},{"type":"Feature","properties":{"id":"b0845ae4ec65","name":"Svartifoss - Sjónarsker - Sel","length_mi":2.77,"country":"Iceland","state":null,"park":null,"park_type":null,"note":"","source":"OpenStreetMap","osm_id":"5449040","osm_ids":[],"created_at":"2025-12-22T16:12:31.868577"},"geometry":{"type":"LineString","coordinates":[[-16.97206,64.01685],[-16.97247,64.01705],[-16.97488,64.01729],[-16.97532,64.01745],[-16.97642,64.01797],[-16.97751,64.01832],[-16.97804,64.01882],[-16.9717,64.01656],[-16.97242,64.01673],[-16.97206,64.01685],[-16.97804,64.01882],[-16.97841,64.01964],[-16.97914,64.01948],[-16.97957,64.01952],[-16.9793,64.01973],[-16.9797,64.01986],[-16.97952,64.02002],[-16.97958,64.02026],[-16.97902,64.02059],[-16.97893,64.02079],[-16.97943,64.02135],[-16.97943,64.02151],[-16.97882,64.0217],[-16.97856,64.02197],[-16.97543,64.02367],[-16.97427,64.0247],[-16.97421,64.02486],[-16.97436,64.02556],[-16.97393,64.02567],[-16.97332,64.02606],[-16.97381,64.02633],[-16.97358,64.0265],[-16.97364,64.02658],[-16.97406,64.02662],[-16.97475,64.02693],[-16.975,64.02737],[-16.97504,64.02686],[-16.97517,64.02679],[-16.97617,64.02659],[-16.97665,64.02676],[-16.97853,64.02625],[-16.98149,64.02589],[-16.98204,64.02502],[-16.98182,64.02464],[-16.98186,64.02426],[-16.99164,64.0234],[-16.9885,64.02356],[-16.98632,64.02398],[-16.98208,64.024],[-16.98186,64.02426],[-16.98186,64.02084],[-16.98623,64.02155],[-16.98685,64.02179],[-16.98761,64.02233],[-16.98874,64.02278],[-16.99164,64.0234],[-16.98413,64.01744],[-16.98284,64.01777],[-16.98172,64.01784],[-16.9828,64.01811],[-16.98323,64.01841],[-16.98229,64.01867],[-16.98222,64.01878],[-16.98249,64.01889],[-16.98251,64.01903],[-16.98137,64.01947],[-16.98186,64.01987],[-16.98168,64.02048],[-16.98172,64.02071],[-16.98186,64.02084],[-16.98286,64.0172],[-16.98322,64.01717],[-16.98042,64.01692],[-16.98076,64.01692],[-16.97859,64.01655],[-16.97975,64.01693],[-16.98042,64.01692],[-16.9727,64.01648],[-16.97344,64.01655],[-16.97819,64.01644],[-16.97859,64.01655],[-16.9717,64.01656],[-16.9727,64.01648]]}},{"type":"Feature","properties":{"id":"5f86d78d1e95","name":"Svatifoss and Sjónarnípa","length_mi":4.01,"country":"Iceland","state":null,"park":null,"park_type":null,"note":"","source":"OpenStreetMap","osm_id":"5451033","osm_ids":[],"created_at":"2025-12-22T16:12:31.868577"},"geometry":{"type":"LineString","coordinates":[[-16.97206,64.01685],[-16.97247,64.01705],[-16.97488,64.01729],[-16.97642,64.01797],[-16.97751,64.01832],[-16.97804,64.01882],[-16.93819,64.03067],[-16.93991,64.03031],[-16.94188,64.02954],[-16.94204,64.02938],[-16.94228,64.02878],[-16.94278,64.02837],[-16.94427,64.0278],[-16.9469,64.02643],[-16.94761,64.02629],[-16.94808,64.02602],[-16.94901,64.02578],[-16.95074,64.02573],[-16.95177,64.02556],[-16.95249,64.02498],[-16.95343,64.02458],[-16.95294,64.02431],[-16.95342,64.0239],[-16.95287,64.02379],[-16.9515,64.02387],[-16.95136,64.02378],[-16.95244,64.02348],[-16.95435,64.02242],[-16.95752,64.0211],[-16.95821,64.02086],[-16.95851,64.02094],[-16.95866,64.02086],[-16.95866,64.02062],[-16.95893,64.02044],[-16.96108,64.02004],[-16.96412,64.01929],[-16.96539,64.01874],[-16.9657,64.0187],[-16.96609,64.01842],[-16.96812,64.01809],[-16.9691,64.01762],[-16.97113,64.01719],[-16.97206,64.01685],[-16.97804,64.01882],[-16.97841,64.01964],[-16.97914,64.01948],[-16.97957,64.01952],[-16.9793,64.01973],[-16.9797,64.01986],[-16.97952,64.02002],[-16.97958,64.02026],[-16.97902,64.02059],[-16.97893,64.02079],[-16.97943,64.02135],[-16.97943,64.02151],[-16.97882,64.0217],[-16.97856,64.02197],[-16.97543,64.02367],[-16.97427,64.0247],[-16.97421,64.02486],[-16.97436,64.02556],[-16.97393,64.02567],[-16.97332,64.02606],[-16.97381,64.02633],[-16.97358,64.0265],[-16.97364,64.02658],[-16.97406,64.02662],[-16.97475,64.02693],[-16.975,64.02737],[-16.97379,64.02574],[-16.97359,64.02564],[-16.97309,64.0258],[-16.9724,64.02584],[-16.97198,64.02585],[-16.97161,64.02572],[-16.97105,64.02591],[-16.97056,64.02578],[-16.96977,64.02583],[-16.96854,64.0254],[-16.96774,64.02532],[-16.96439,64.02538],[-16.96422,64.02534],[-16.96418,64.02505],[-16.96361,64.02495],[-16.96329,64.02509],[-16.96331,64.02537],[-16.96244,64.02594],[-16.96173,64.02631],[-16.96044,64.02669],[-16.9602,64.02699],[-16.96024,64.02721],[-16.95717,64.02799],[-16.95644,64.02865],[-16.95568,64.02912],[-16.95527,64.02959],[-16.9538,64.03037],[-16.95221,64.03076],[-16.95141,64.03118],[-16.94968,64.03141],[-16.94735,64.03121],[-16.94493,64.03129],[-16.94039,64.03077],[-16.93819,64.03067]]}},{"type":"Feature","properties":{"id":"3381d476a3f0","name":"Súlur","length_mi":3.3,"country":"Iceland","state":null,"park":null,"park_type":null,"note":"","source":"OpenStreetMap","osm_id":"6227729","osm_ids":[],"created_at":"2025-12-22T16:12:31.871577"},"geometry":{"type":"LineString","coordinates":[[-18.17204,65.65287],[-18.17216,65.65302],[-18.17211,65.65326],[-18.17205,65.65278],[-18.17183,65.65233],[-18.17173,65.65127],[-18.17225,65.65107],[-18.1724,65.65087],[-18.17389,65.65038],[-18.17435,65.64986],[-18.17498,65.64948],[-18.17492,65.64931],[-18.17502,65.64924],[-18.17575,65.64915],[-18.17846,65.64799],[-18.17823,65.64786],[-18.17825,65.64765],[-18.17812,65.64759],[-18.17958,65.64586],[-18.17968,65.64571],[-18.17965,65.64548],[-18.18003,65.64515],[-18.18024,65.64471],[-18.18067,65.64459],[-18.1805,65.64432],[-18.18086,65.6441],[-18.181,65.64387],[-18.18223,65.64326],[-18.18272,65.64278],[-18.18275,65.64248],[-18.18317,65.64202],[-18.18358,65.6411],[-18.18402,65.64081],[-18.1844,65.6399],[-18.18591,65.63939],[-18.18686,65.63845],[-18.18796,65.63771],[-18.18842,65.63692],[-18.18825,65.63672],[-18.18928,65.6364],[-18.18986,65.63609],[-18.19029,65.63526],[-18.1918,65.63364],[-18.19166,65.63333],[-18.19179,65.63275],[-18.19167,65.63248],[-18.19173,65.63232],[-18.19209,65.63215],[-18.19197,65.6318],[-18.19216,65.63149],[-18.19217,65.63122],[-18.19281,65.63083],[-18.19268,65.63065],[-18.19321,65.62993],[-18.19305,65.62916],[-18.19392,65.62834],[-18.19382,65.62792],[-18.19406,65.62769],[-18.19386,65.62732],[-18.19398,65.62719],[-18.19386,65.62708],[-18.19397,65.62653],[-18.19416,65.62644],[-18.19396,65.62605],[-18.19421,65.62593],[-18.19425,65.62529],[-18.19401,65.62504],[-18.19398,65.62459],[-18.19422,65.6238],[-18.19482,65.62262],[-18.19458,65.62219],[-18.1955,65.62135],[-18.19505,65.62115],[-18.19499,65.62095],[-18.19426,65.62059],[-18.19399,65.62025],[-18.19319,65.61973],[-18.19274,65.61958],[-18.19209,65.61886],[-18.19054,65.61819],[-18.18923,65.6179],[-18.18756,65.61716],[-18.18739,65.61693],[-18.18751,65.61683],[-18.18746,65.61638],[-18.18773,65.61626],[-18.1878,65.61601],[-18.18859,65.61607],[-18.18932,65.61576],[-18.18956,65.61454],[-18.18909,65.61398],[-18.18929,65.61343],[-18.18948,65.61324],[-18.18938,65.61288],[-18.18972,65.61176],[-18.18963,65.61108]]}},{"type":"Feature","properties":{"id":"b69bd0760d5c","name":"The Part","length_mi":1.54,"country":"Iceland","state":null,"park":null,"park_type":null,"note":"","source":"OpenStreetMap","osm_id":"17595236","osm_ids":[],"created_at":"2025-12-22T16:12:31.873577"},"geometry":{"type":"LineString","coordinates":[[-14.77013,65.08582],[-14.7704,65.08554],[-14.77131,65.0817],[-14.76999,65.08232],[-14.77006,65.08144],[-14.76969,65.08103],[-14.76852,65.08123],[-14.77144,65.07906],[-14.77165,65.07874],[-14.77302,65.07807],[-14.77354,65.07746],[-14.77376,65.07699],[-14.77441,65.07662],[-14.77474,65.07668],[-14.77475,65.0768],[-14.77507,65.07708],[-14.7755,65.07716],[-14.77574,65.07729],[-14.77574,65.07742],[-14.77541,65.07797],[-14.77529,65.07842],[-14.77533,65.07873],[-14.775,65.07906],[-14.77481,65.07945],[-14.77423,65.07996],[-14.77359,65.08099],[-14.77413,65.08109],[-14.77396,65.0816],[-14.77339,65.08192],[-14.77372,65.08202],[-14.77401,65.08229],[-14.77395,65.08241],[-14.77336,65.0826],[-14.77372,65.08281],[-14.77348,65.08304],[-14.7736,65.08311],[-14.77355,65.08334],[-14.7737,65.08341],[-14.77378,65.08389],[-14.77413,65.08394],[-14.77449,65.08424],[-14.7752,65.0844],[-14.77534,65.08453],[-14.77531,65.0847],[-14.77504,65.08487],[-14.7751,65.08518]]}},{"type":"Feature","properties":{"id":"991b8bf1381b","name":"Um stórurð og bæjarhlíð","length_mi":1.56,"country":"Iceland","state":null,"park":null,"park_type":null,"note":"","source":"OpenStreetMap","osm_id":"2236919","osm_ids":[],"created_at":"2025-12-22T16:12:31.868577"},"geometry":{"type":"LineString","coordinates":[[-23.12474,66.07499],[-23.12522,66.07504],[-23.1255,66.07489],[-23.12536,66.07475],[-23.125,66.07471],[-23.12467,66.07483],[-23.12474,66.07499],[-23.12465,66.07488],[-23.12371,66.07499],[-23.12171,66.07434],[-23.12067,66.07393],[-23.12016,66.07349],[-23.11963,66.07283],[-23.12533,66.07501],[-23.12544,66.0752],[-23.1259,66.0755],[-23.12946,66.07617],[-23.13383,66.07593],[-23.13436,66.0761],[-23.13376,66.07657],[-23.13395,66.07674],[-23.13556,66.07634],[-23.13666,66.07619],[-23.13755,66.07622],[-23.1382,66.07637],[-23.13808,66.07622],[-23.13914,66.07601],[-23.14332,66.07443],[-23.14404,66.07438],[-23.14426,66.07424],[-23.14482,66.07418],[-23.14591,66.07377],[-23.14641,66.0737],[-23.14647,66.07346],[-23.1468,66.07343],[-23.14633,66.07318],[-23.14635,66.07299],[-23.14625,66.07294],[-23.14639,66.07252],[-23.14601,66.07226],[-23.14897,66.07148],[-23.14601,66.07226],[-23.14897,66.07148],[-23.14856,66.07147],[-23.14581,66.07207],[-23.14495,66.07201],[-23.14464,66.07227],[-23.14581,66.07207],[-23.14495,66.07201],[-23.14506,66.07171],[-23.1462,66.07128],[-23.14618,66.07118],[-23.1454,66.07099]]}},{"type":"Feature","properties":{"id":"beb0fdd7f426","name":"Vatnahringur","length_mi":4.83,"country":"Iceland","state":null,"park":null,"park_type":null,"note":"","source":"OpenStreetMap","osm_id":"17878243","osm_ids":[],"created_at":"2025-12-22T16:12:31.873577"},"geometry":{"type":"LineString","coordinates":[[-21.74786,64.07499],[-21.74737,64.07476],[-21.74703,64.07433],[-21.74516,64.07395],[-21.74455,64.07364],[-21.74353,64.07407],[-21.74417,64.07386],[-21.73917,64.07526],[-21.74004,64.0749],[-21.74163,64.07465],[-21.74237,64.0743],[-21.74353,64.07407],[-21.73917,64.07526],[-21.73981,64.07596],[-21.74173,64.07642],[-21.74302,64.07704],[-21.74395,64.07726],[-21.74493,64.07766],[-21.74671,64.07799],[-21.74741,64.07799],[-21.75103,64.07766],[-21.7543,64.07928],[-21.75598,64.08025],[-21.7559,64.08046],[-21.75599,64.08055],[-21.75657,64.08079],[-21.75717,64.08132],[-21.75718,64.08164],[-21.75686,64.08212],[-21.75547,64.08293],[-21.75472,64.08328],[-21.75292,64.08381],[-21.75248,64.08521],[-21.75247,64.08576],[-21.75272,64.08608],[-21.75272,64.08626],[-21.75188,64.08697],[-21.75165,64.08756],[-21.75344,64.08788],[-21.75447,64.08872],[-21.75472,64.0888],[-21.75607,64.08858],[-21.75788,64.08856],[-21.75992,64.08935],[-21.76094,64.0901],[-21.7614,64.08997],[-21.76222,64.08944],[-21.76202,64.08938],[-21.7619,64.08911],[-21.7614,64.08894],[-21.76107,64.08868],[-21.76093,64.08851],[-21.76099,64.0884],[-21.76276,64.0879],[-21.76454,64.0881],[-21.76544,64.08806],[-21.76723,64.08706],[-21.76732,64.0869],[-21.7671,64.08671],[-21.76604,64.08637],[-21.76548,64.08601],[-21.76542,64.08584],[-21.76664,64.08538],[-21.76757,64.0852],[-21.76817,64.08481],[-21.76876,64.08466],[-21.76929,64.08428],[-21.76802,64.08363],[-21.76764,64.08333],[-21.76723,64.08323],[-21.76783,64.08299],[-21.7693,64.08275],[-21.76944,64.08278],[-21.76967,64.08314],[-21.77039,64.08337],[-21.77141,64.08298],[-21.77192,64.0825],[-21.7726,64.08236],[-21.77383,64.0824],[-21.77518,64.08222],[-21.77627,64.08229],[-21.77702,64.08201],[-21.77833,64.0818],[-21.77891,64.08144],[-21.78003,64.08118],[-21.78026,64.08098],[-21.78026,64.08061],[-21.7804,64.08043],[-21.78036,64.08009],[-21.78007,64.07943],[-21.77977,64.07927],[-21.77844,64.07901],[-21.77784,64.0787],[-21.77755,64.07825],[-21.77753,64.07764],[-21.77676,64.07721],[-21.77676,64.07709],[-21.77746,64.07639],[-21.77746,64.07621],[-21.77712,64.07585],[-21.77709,64.0753],[-21.77566,64.07533],[-21.77431,64.07505],[-21.77374,64.07465],[-21.77273,64.07436],[-21.77055,64.07425],[-21.76949,64.07441],[-21.76819,64.07424],[-21.76699,64.07336],[-21.76671,64.07266],[-21.76388,64.0714],[-21.7623,64.07149],[-21.76134,64.07188],[-21.76017,64.07193],[-21.75902,64.07233],[-21.7572,64.0727],[-21.75453,64.0735],[-21.75341,64.07402],[-21.75055,64.07472],[-21.74786,64.07499]]}},{"type":"Feature","properties":{"id":"1c9ad69e25f1","name":"Vaðlaheiði","length_mi":5.91,"country":"Iceland","state":null,"park":null,"park_type":null,"note":"","source":"OpenStreetMap","osm_id":"16275827","osm_ids":[],"created_at":"2025-12-22T16:12:31.872577"},"geometry":{"type":"LineString","coordinates":[[-17.96165,65.68056],[-17.96201,65.68006],[-17.96245,65.67975],[-17.96816,65.67736],[-17.96934,65.67644],[-17.97067,65.67561],[-17.97208,65.67394],[-17.97205,65.67202],[-17.97273,65.6705],[-17.97358,65.66952],[-17.97352,65.66919],[-17.97368,65.66879],[-17.97566,65.66738],[-17.97594,65.667],[-17.97683,65.66668],[-17.97757,65.66617],[-17.97792,65.66614],[-17.97903,65.66652],[-17.9802,65.66642],[-17.98213,65.66565],[-17.98223,65.66539],[-17.98176,65.66451],[-17.98108,65.66357],[-17.98058,65.66332],[-17.98036,65.66308],[-17.98112,65.66258],[-17.98143,65.66225],[-17.98501,65.66258],[-17.9857,65.66208],[-17.98614,65.66227],[-17.98635,65.66223],[-17.98645,65.66181],[-17.98691,65.66121],[-17.9871,65.66072],[-17.9876,65.66055],[-17.98801,65.66062],[-17.98805,65.66019],[-17.98818,65.66008],[-17.98883,65.66017],[-17.98895,65.66011],[-17.98885,65.65992],[-17.98957,65.65997],[-17.98991,65.65953],[-17.99174,65.65992],[-17.99235,65.65955],[-17.99269,65.6591],[-17.99283,65.65907],[-17.99433,65.65977],[-17.99494,65.65986],[-17.99519,65.65969],[-17.99499,65.65951],[-17.99489,65.65918],[-17.99502,65.65894],[-17.99566,65.65913],[-17.99587,65.65894],[-17.99641,65.65895],[-17.99853,65.65982],[-17.99911,65.65981],[-18.00184,65.66032],[-18.00563,65.66051],[-18.00806,65.66015],[-18.0094,65.66016],[-18.01123,65.66024],[-18.01247,65.66052],[-18.01399,65.66138],[-18.01566,65.66252],[-17.99911,65.69073],[-17.99893,65.68968],[-17.99857,65.68889],[-17.99829,65.68789],[-17.99732,65.68653],[-17.99677,65.68502],[-17.99677,65.68354],[-17.99566,65.68231],[-17.99456,65.68041],[-17.99504,65.67847],[-17.99552,65.67739],[-17.99511,65.67602],[-17.99566,65.67471],[-17.99587,65.67272],[-17.99836,65.67152],[-17.99884,65.67095],[-17.99974,65.6695],[-18.00023,65.66907],[-18.00092,65.66896],[-18.00085,65.66836],[-18.00175,65.66731],[-18.00278,65.66717],[-18.00264,65.66677],[-18.00444,65.66483],[-18.00589,65.66409],[-18.00811,65.66338],[-18.01025,65.66286],[-18.01039,65.66255],[-18.01633,65.66249],[-18.01758,65.66269],[-18.01889,65.66269],[-18.02338,65.66218],[-18.03002,65.66172],[-18.03273,65.66182],[-18.03412,65.66174],[-18.03436,65.66178],[-18.03474,65.66214],[-18.03538,65.66249]]}},{"type":"Feature","properties":{"id":"23361aeefb45","name":"Viewpoint","length_mi":0.57,"country":"Iceland","state":null,"park":null,"park_type":null,"note":"","source":"OpenStreetMap","osm_id":"16149937","osm_ids":[],"created_at":"2025-12-22T16:12:31.872577"},"geometry":{"type":"LineString","coordinates":[[-17.88619,65.70852],[-17.88663,65.70832],[-17.88834,65.70813],[-17.88927,65.70772],[-17.89046,65.70748],[-17.89067,65.70736],[-17.89061,65.70708],[-17.89056,65.70696],[-17.89024,65.7069],[-17.89005,65.70639],[-17.89011,65.70622],[-17.88902,65.70606],[-17.8862,65.7061],[-17.88467,65.70656],[-17.8848,65.70683],[-17.88457,65.70761],[-17.88532,65.70821],[-17.88619,65.70852]]}},{"type":"Feature","properties":{"id":"7fcff55b88a4","name":"Vogelfelsen bei Vik","length_mi":4.75,"country":"Iceland","state":null,"park":null,"park_type":null,"note":"","source":"OpenStreetMap","osm_id":"6130098","osm_ids":[],"created_at":"2025-12-22T16:12:31.869577"},"geometry":{"type":"LineString","coordinates":[[-19.01066,63.41855],[-19.00963,63.41785],[-19.01089,63.41885],[-19.01079,63.41863],[-19.01066,63.41855],[-19.01091,63.41912],[-19.01243,63.4187],[-19.01381,63.4186],[-19.01624,63.41938],[-19.01664,63.41847],[-19.01695,63.41847],[-19.01778,63.41883],[-19.01794,63.41875],[-19.0179,63.41843],[-19.01802,63.41825],[-19.01843,63.41813],[-19.02007,63.41937],[-19.01999,63.41994],[-19.02002,63.42005],[-19.02024,63.42008],[-19.02139,63.41933],[-19.02184,63.41829],[-19.02216,63.41813],[-19.02541,63.41726],[-19.0258,63.41709],[-19.02611,63.41678],[-19.02814,63.41662],[-19.02611,63.41678],[-19.02814,63.41662],[-19.03099,63.41579],[-19.03488,63.41522],[-19.03702,63.41432],[-19.03818,63.41339],[-19.03873,63.41232],[-19.03889,63.41163],[-19.03838,63.41067],[-19.0393,63.40984],[-19.04041,63.40834],[-19.03988,63.40758],[-19.03974,63.40629],[-19.03978,63.40607],[-19.04041,63.40543],[-19.04059,63.40505],[-19.03991,63.40486],[-19.03966,63.40465],[-19.03921,63.4039],[-19.039,63.40334],[-19.03898,63.40294],[-19.0366,63.40244],[-19.03558,63.4025],[-19.03421,63.40298],[-19.03374,63.40365],[-19.02577,63.41013],[-19.02548,63.41048],[-19.02551,63.41083],[-19.02597,63.4113],[-19.02617,63.41171],[-19.02562,63.41245],[-19.03008,63.40605],[-19.02945,63.4066],[-19.0295,63.40682],[-19.02635,63.40922],[-19.02647,63.40959],[-19.03374,63.40365],[-19.03288,63.40449],[-19.03118,63.40534],[-19.03066,63.40575],[-19.0303,63.40585],[-19.03008,63.40605],[-19.03,63.40699],[-19.03034,63.40766],[-19.03006,63.40851],[-19.03011,63.40885],[-19.02856,63.41077],[-19.02854,63.41044],[-19.0288,63.40964],[-19.03011,63.40885],[-19.02856,63.41077],[-19.02659,63.4121],[-19.02498,63.41271],[-19.0251,63.41328],[-19.024,63.41476],[-19.02402,63.41526],[-19.02357,63.41596],[-19.02359,63.41646],[-19.02309,63.41698],[-19.02262,63.417],[-19.02181,63.41755],[-19.02252,63.41803],[-19.01624,63.41938],[-19.01664,63.41847],[-19.01695,63.41847],[-19.01778,63.41883],[-19.01794,63.41875],[-19.0179,63.41843],[-19.01802,63.41825],[-19.01843,63.41813],[-19.02007,63.41937],[-19.01999,63.41994],[-19.02002,63.42005],[-19.02024,63.42008],[-19.02139,63.41933],[-19.02184,63.41829],[-19.02252,63.41803],[-19.01408,63.41862],[-19.01624,63.41938],[-19.01091,63.41912],[-19.01243,63.4187],[-19.01408,63.41862],[-19.01089,63.41885],[-19.01085,63.41869],[-19.01056,63.41842],[-19.00963,63.41785]]}},{"type":"Feature","properties":{"id":"e761d02d6dda","name":"Vogelfelsen beim Vulkan Raudinupur","length_mi":8.47,"country":"Iceland","state":null,"park":null,"park_type":null,"note":"","source":"OpenStreetMap","osm_id":"6227862","osm_ids":[],"created_at":"2025-12-22T16:12:31.871577"},"geometry":{"type":"LineString","coordinates":[[-16.54029,66.50744],[-16.53949,66.50669],[-16.53865,66.50622],[-16.54029,66.50744],[-16.53949,66.50669],[-16.53865,66.50622],[-16.50203,66.50698],[-16.50265,66.50709],[-16.5036,66.50704],[-16.50435,66.5073],[-16.50481,66.50721],[-16.50561,66.50754],[-16.50771,66.50722],[-16.51113,66.50628],[-16.51622,66.50588],[-16.51922,66.50578],[-16.51937,66.50573],[-16.51944,66.50555],[-16.51974,66.5055],[-16.52464,66.50596],[-16.52865,66.50673],[-16.53362,66.50736],[-16.53515,66.50777],[-16.53828,66.50805],[-16.50203,66.50698],[-16.50265,66.50709],[-16.5036,66.50704],[-16.50435,66.5073],[-16.50481,66.50721],[-16.50561,66.50754],[-16.50771,66.50722],[-16.51113,66.50628],[-16.51622,66.50588],[-16.51922,66.50578],[-16.51937,66.50573],[-16.51944,66.50555],[-16.51974,66.5055],[-16.52464,66.50596],[-16.52865,66.50673],[-16.53362,66.50736],[-16.53558,66.50783],[-16.53828,66.50805],[-16.54046,66.50838],[-16.54078,66.50853],[-16.54144,66.50859],[-16.54393,66.50827],[-16.54324,66.50693],[-16.54288,66.50574],[-16.54288,66.50547],[-16.54304,66.50508],[-16.54306,66.50467],[-16.54378,66.5041],[-16.54438,66.50342],[-16.54477,66.50214],[-16.54371,66.50176],[-16.54085,66.50128],[-16.53925,66.50045],[-16.53923,66.50027],[-16.53983,66.49969],[-16.54066,66.49926],[-16.5408,66.49903],[-16.54228,66.4985],[-16.54523,66.49763],[-16.54942,66.4968],[-16.55096,66.49602],[-16.55158,66.4955],[-16.55193,66.49458],[-16.55228,66.49425],[-16.55366,66.49421],[-16.55455,66.49403],[-16.55541,66.49343],[-16.55869,66.49216],[-16.5594,66.49176],[-16.56029,66.49037],[-16.56007,66.48943],[-16.55944,66.48848],[-16.55939,66.48796],[-16.56052,66.48721],[-16.56101,66.48651],[-16.5613,66.48638],[-16.56158,66.48585],[-16.56199,66.48573],[-16.56252,66.48529],[-16.56431,66.48464],[-16.56454,66.4844],[-16.5651,66.48411],[-16.56516,66.48387],[-16.56469,66.48339],[-16.56497,66.48257],[-16.56542,66.48197],[-16.56647,66.48138],[-16.56679,66.4808],[-16.56727,66.48029],[-16.56734,66.48004],[-16.56709,66.47924],[-16.5668,66.47884],[-16.56626,66.47836],[-16.56565,66.47803],[-16.56441,66.47785],[-16.5634,66.47728],[-16.56067,66.47666],[-16.55924,66.47611],[-16.54393,66.50827],[-16.54324,66.50693],[-16.54288,66.50574],[-16.54288,66.50547],[-16.54304,66.50508],[-16.54306,66.50467],[-16.54378,66.5041],[-16.54438,66.50342],[-16.54477,66.50214],[-16.54371,66.50176],[-16.54085,66.50128],[-16.53925,66.50045],[-16.53923,66.50027],[-16.53983,66.49969],[-16.54066,66.49926],[-16.5408,66.49903],[-16.54228,66.4985],[-16.54523,66.49763],[-16.54942,66.4968],[-16.55096,66.49602],[-16.55158,66.4955],[-16.55193,66.49458],[-16.55228,66.49425],[-16.55366,66.49421],[-16.55455,66.49403],[-16.55541,66.49343],[-16.55869,66.49216],[-16.5594,66.49176],[-16.56029,66.49037],[-16.56007,66.48943],[-16.55944,66.48848],[-16.55939,66.48796],[-16.56052,66.48721],[-16.56101,66.48651],[-16.5613,66.48638],[-16.56158,66.48585],[-16.56199,66.48573],[-16.56252,66.48529],[-16.56431,66.48464],[-16.56454,66.4844],[-16.5651,66.48411],[-16.56516,66.48387],[-16.56469,66.48339],[-16.56497,66.48257],[-16.56542,66.48197],[-16.56647,66.48138],[-16.56679,66.4808],[-16.56727,66.48029],[-16.56734,66.48004],[-16.56709,66.47924],[-16.5668,66.47884],[-16.56626,66.47836],[-16.56565,66.47803],[-16.56441,66.47785],[-16.5634,66.47728],[-16.56067,66.47666],[-16.55924,66.47611],[-16.53828,66.50805],[-16.54144,66.50859],[-16.54393,66.50827],[-16.54029,66.50744],[-16.53976,66.50784],[-16.53828,66.50805],[-16.54281,66.50835],[-16.5414,66.50843],[-16.5409,66.50814],[-16.54029,66.50744]]}},{"type":"Feature","properties":{"id":"4a83ec223fcb","name":"Vögel und heise Quellen - Reykholar","length_mi":1.34,"country":"Iceland","state":null,"park":null,"park_type":null,"note":"","source":"OpenStreetMap","osm_id":"6224269","osm_ids":[],"created_at":"2025-12-22T16:12:31.870578"},"geometry":{"type":"LineString","coordinates":[[-22.19804,65.44573],[-22.19887,65.44593],[-22.20055,65.44604],[-22.19804,65.44573],[-22.19692,65.44546],[-22.19869,65.44436],[-22.19954,65.44431],[-22.19989,65.44415],[-22.19978,65.44394],[-22.19901,65.44355],[-22.19924,65.44344],[-22.19926,65.44324],[-22.19997,65.4424],[-22.19692,65.44546],[-22.19869,65.44436],[-22.19954,65.44431],[-22.19989,65.44415],[-22.19978,65.44394],[-22.19901,65.44355],[-22.19924,65.44344],[-22.19926,65.44324],[-22.19997,65.4424],[-22.19692,65.44546],[-22.19548,65.44514],[-22.19416,65.44441],[-22.19353,65.44433],[-22.19285,65.44392],[-22.19106,65.4436],[-22.18999,65.44368],[-22.18756,65.44312],[-22.18748,65.44295],[-22.18817,65.4418],[-22.18823,65.44153],[-22.1888,65.44118],[-22.189,65.44086],[-22.18821,65.44011],[-22.18771,65.44009],[-22.18731,65.4397],[-22.18732,65.43917],[-22.18717,65.43866],[-22.18747,65.43857]]}},{"type":"Feature","properties":{"id":"e63a6284142b","name":"Wasserfallrunde im Skaftafell-Nationalpark","length_mi":3.75,"country":"Iceland","state":null,"park":null,"park_type":null,"note":"","source":"OpenStreetMap","osm_id":"6160995","osm_ids":[],"created_at":"2025-12-22T16:12:31.870578"},"geometry":{"type":"LineString","coordinates":[[-16.96677,64.01648],[-16.96687,64.01663],[-16.96789,64.01647],[-16.96935,64.01676],[-16.9717,64.01656],[-16.97229,64.01666],[-16.97241,64.01675],[-16.97206,64.01685],[-16.97247,64.01705],[-16.97488,64.01729],[-16.97642,64.01797],[-16.97751,64.01832],[-16.97811,64.01889],[-16.9782,64.01932],[-16.97841,64.01964],[-16.97914,64.01948],[-16.97957,64.01952],[-16.9793,64.01973],[-16.97968,64.01982],[-16.97952,64.02002],[-16.97958,64.02026],[-16.97902,64.02059],[-16.97892,64.02088],[-16.97943,64.02135],[-16.97943,64.02151],[-16.97882,64.0217],[-16.97856,64.02197],[-16.97543,64.02367],[-16.97427,64.0247],[-16.97421,64.02486],[-16.97436,64.02556],[-16.97393,64.02567],[-16.97332,64.02606],[-16.97381,64.02633],[-16.97358,64.0265],[-16.97364,64.02658],[-16.97406,64.02662],[-16.97475,64.02693],[-16.975,64.02737],[-16.97475,64.02693],[-16.975,64.02737],[-16.97475,64.02693],[-16.97517,64.02679],[-16.97617,64.02659],[-16.97665,64.02676],[-16.97853,64.02625],[-16.98149,64.02589],[-16.98178,64.02598],[-16.98177,64.02613],[-16.98194,64.02625],[-16.98212,64.02683],[-16.98206,64.02711],[-16.98222,64.02724],[-16.98245,64.02779],[-16.98378,64.02842],[-16.98638,64.02888],[-16.98615,64.02804],[-16.98506,64.02667],[-16.98406,64.0262],[-16.98347,64.02569],[-16.98204,64.02502],[-16.98182,64.02464],[-16.98186,64.02426],[-16.99164,64.0234],[-16.9885,64.02356],[-16.98632,64.02398],[-16.98208,64.024],[-16.98186,64.02426],[-16.98186,64.02084],[-16.98623,64.02155],[-16.98685,64.02179],[-16.98761,64.02233],[-16.98874,64.02278],[-16.99164,64.0234],[-16.98186,64.02084],[-16.9811,64.02109],[-16.98074,64.02041],[-16.98015,64.02076],[-16.98074,64.02041],[-16.98015,64.02076],[-16.9811,64.02109],[-16.98064,64.02071],[-16.98076,64.02054],[-16.98077,64.02015],[-16.98129,64.01973],[-16.98112,64.01951],[-16.98127,64.01915],[-16.98158,64.01902],[-16.9815,64.01894],[-16.98202,64.0186],[-16.98154,64.01806],[-16.98132,64.018],[-16.98173,64.01777],[-16.9826,64.01762],[-16.98236,64.0174],[-16.98286,64.0172],[-16.98042,64.01692],[-16.98076,64.01692],[-16.97859,64.01655],[-16.97975,64.01693],[-16.98042,64.01692],[-16.9727,64.01648],[-16.97344,64.01655],[-16.97819,64.01644],[-16.97859,64.01655],[-16.9717,64.01656],[-16.9727,64.01648],[-16.97074,64.01664],[-16.9717,64.01656],[-16.96789,64.01647],[-16.96935,64.01676],[-16.97074,64.01664],[-16.96677,64.01648],[-16.96687,64.01663],[-16.96789,64.01647]]}},{"type":"Feature","properties":{"id":"7f9c0c0ad905","name":"Yellow trail","length_mi":0.21,"country":"Iceland","state":null,"park":null,"park_type":null,"note":"","source":"OpenStreetMap","osm_id":"16275210","osm_ids":[],"created_at":"2025-12-22T16:12:31.872577"},"geometry":{"type":"LineString","coordinates":[[-17.9025,65.74292],[-17.90212,65.74297],[-17.90287,65.74311],[-17.90278,65.7432],[-17.90289,65.74325],[-17.90208,65.7435],[-17.90218,65.74376],[-17.90234,65.74389],[-17.90303,65.74396],[-17.903,65.7444],[-17.90381,65.74459],[-17.90402,65.74474],[-17.90406,65.74491]]}},{"type":"Feature","properties":{"id":"13b807209eb8","name":"Ystuvíkurfjall","length_mi":2.05,"country":"Iceland","state":null,"park":null,"park_type":null,"note":"","source":"OpenStreetMap","osm_id":"16276653","osm_ids":[],"created_at":"2025-12-22T16:12:31.873577"},"geometry":{"type":"LineString","coordinates":[[-18.02814,65.82939],[-18.03007,65.82944],[-18.03113,65.82923],[-17.98902,65.81749],[-17.98835,65.81797],[-17.98841,65.81811],[-17.98829,65.81834],[-17.98848,65.81872],[-17.98996,65.81962],[-17.99012,65.82009],[-17.99115,65.82066],[-17.99128,65.82102],[-17.99354,65.82079],[-17.99638,65.82112],[-17.998,65.82174],[-17.99941,65.82208],[-18.00031,65.82258],[-18.00153,65.82307],[-18.00319,65.82352],[-18.00523,65.82501],[-18.00591,65.82524],[-18.00719,65.82542],[-18.00897,65.82585],[-18.01129,65.82703],[-18.01291,65.82735],[-18.01527,65.82806],[-18.02169,65.82887],[-18.02814,65.82939],[-17.98793,65.81506],[-17.98797,65.81533],[-17.9873,65.81563],[-17.98728,65.81573],[-17.98817,65.81603],[-17.98974,65.81692],[-17.98987,65.81713],[-17.98902,65.81749],[-17.98561,65.81285],[-17.98682,65.81316],[-17.98727,65.81348],[-17.98793,65.81506]]}},{"type":"Feature","properties":{"id":"80ff7769af02","name":"bei Bakkagerdi","length_mi":10.69,"country":"Iceland","state":null,"park":null,"park_type":null,"note":"","source":"OpenStreetMap","osm_id":"6173471","osm_ids":[],"created_at":"2025-12-22T16:12:31.870578"},"geometry":{"type":"LineString","coordinates":[[-13.70314,65.51418],[-13.70347,65.514],[-13.70433,65.5139],[-13.70469,65.51365],[-13.70527,65.51344],[-13.7054,65.51296],[-13.70433,65.51262],[-13.70435,65.51234],[-13.70484,65.51188],[-13.70514,65.51084],[-13.70585,65.50989],[-13.70577,65.50953],[-13.70673,65.50871],[-13.70793,65.50855],[-13.7087,65.50885],[-13.70995,65.50897],[-13.71036,65.50912],[-13.71051,65.5094],[-13.71081,65.50943],[-13.71175,65.50924],[-13.71225,65.50961],[-13.71321,65.50964],[-13.71351,65.50986],[-13.71343,65.51014],[-13.71406,65.51065],[-13.71443,65.51053],[-13.71492,65.51054],[-13.71559,65.51025],[-13.71676,65.5104],[-13.71913,65.51094],[-13.71964,65.51116],[-13.72127,65.51114],[-13.72163,65.51141],[-13.72186,65.51217],[-13.72217,65.51241],[-13.72376,65.51238],[-13.7246,65.51201],[-13.72542,65.51184],[-13.726,65.51193],[-13.72635,65.51207],[-13.72634,65.51215],[-13.72589,65.51232],[-13.72564,65.51274],[-13.72637,65.51328],[-13.72644,65.51351],[-13.72742,65.51322],[-13.72732,65.5135],[-13.72755,65.51375],[-13.72909,65.51439],[-13.72934,65.51469],[-13.72937,65.51545],[-13.73005,65.51584],[-13.73561,65.51586],[-13.73915,65.51556],[-13.74037,65.51531],[-13.7408,65.51548],[-13.74173,65.51543],[-13.74384,65.51525],[-13.74527,65.51496],[-13.74614,65.51502],[-13.74773,65.51493],[-13.75055,65.51445],[-13.75076,65.51427],[-13.753,65.51388],[-13.75307,65.51369],[-13.7526,65.51328],[-13.75492,65.51261],[-13.75571,65.51225],[-13.75674,65.5123],[-13.75863,65.51263],[-13.75862,65.51301],[-13.7585,65.51323],[-13.75905,65.51367],[-13.7601,65.51377],[-13.76005,65.51409],[-13.75982,65.51437],[-13.75985,65.51461],[-13.76042,65.51488],[-13.7606,65.51513],[-13.76227,65.51573],[-13.76281,65.51607],[-13.76625,65.51667],[-13.76852,65.51653],[-13.77102,65.51721],[-13.77176,65.51753],[-13.77262,65.51762],[-13.77316,65.51746],[-13.77411,65.51739],[-13.77516,65.51775],[-13.77522,65.5176],[-13.77607,65.51735],[-13.78427,65.51057],[-13.78388,65.51122],[-13.78305,65.51192],[-13.78234,65.51287],[-13.78175,65.51319],[-13.77997,65.51381],[-13.77839,65.51475],[-13.7775,65.51587],[-13.77712,65.51606],[-13.77589,65.51631],[-13.77561,65.51656],[-13.77548,65.51687],[-13.77607,65.51735],[-13.69821,65.51243],[-13.69942,65.51224],[-13.70008,65.5123],[-13.70008,65.51241],[-13.70126,65.5129],[-13.70314,65.51418],[-13.67587,65.50484],[-13.67636,65.50492],[-13.67704,65.5058],[-13.67785,65.50618],[-13.67879,65.50628],[-13.67998,65.50693],[-13.6823,65.50781],[-13.68267,65.5078],[-13.68377,65.50821],[-13.68501,65.50844],[-13.68546,65.50917],[-13.68545,65.50943],[-13.68561,65.50957],[-13.68572,65.51055],[-13.68552,65.51073],[-13.68569,65.51089],[-13.6857,65.51123],[-13.68589,65.51142],[-13.68586,65.51158],[-13.68551,65.51178],[-13.68467,65.51206],[-13.68488,65.51237],[-13.68977,65.51282],[-13.69797,65.51242],[-13.67668,65.49198],[-13.67665,65.49292],[-13.67694,65.49335],[-13.677,65.49374],[-13.67773,65.49545],[-13.67809,65.4955],[-13.678,65.49579],[-13.67849,65.49669],[-13.67876,65.49818],[-13.67877,65.49938],[-13.67866,65.49966],[-13.67798,65.50009],[-13.67796,65.50061],[-13.67775,65.50113],[-13.67753,65.50124],[-13.67681,65.50199],[-13.67701,65.50214],[-13.67722,65.50274],[-13.67699,65.50351],[-13.67754,65.50391],[-13.67672,65.5042],[-13.67587,65.50484],[-13.67668,65.49198],[-13.67782,65.4921],[-13.67887,65.49202],[-13.68106,65.49208],[-13.68226,65.49224],[-13.68471,65.49298],[-13.68707,65.49287],[-13.68865,65.49328],[-13.68975,65.49421],[-13.69121,65.49461],[-13.69187,65.49463],[-13.69226,65.49482],[-13.69241,65.49509],[-13.69271,65.4952],[-13.69264,65.49543],[-13.69327,65.49564],[-13.69513,65.49558],[-13.70048,65.49463],[-13.70082,65.49429],[-13.70307,65.49335],[-13.70367,65.49343],[-13.7043,65.49335],[-13.7067,65.49362],[-13.70792,65.49392],[-13.70887,65.49394],[-13.70902,65.49411],[-13.71007,65.49424],[-13.71105,65.49463],[-13.71221,65.49461],[-13.71376,65.49505],[-13.71391,65.49529],[-13.71444,65.49546],[-13.71459,65.4957],[-13.71494,65.49589],[-13.71543,65.49608],[-13.71616,65.49612],[-13.71668,65.49601],[-13.71713,65.49559],[-13.71743,65.49546],[-13.71908,65.49526],[-13.71951,65.49544],[-13.71981,65.49519],[-13.72049,65.49515],[-13.72268,65.49458],[-13.72425,65.49436],[-13.72487,65.49441],[-13.72721,65.49404],[-13.72743,65.49389],[-13.72783,65.49386],[-13.72837,65.49351],[-13.72913,65.49339],[-13.73628,65.4954],[-13.73737,65.49591],[-13.73886,65.49629],[-13.73916,65.49645],[-13.73936,65.49677],[-13.74063,65.49722],[-13.74215,65.49836],[-13.74277,65.49861],[-13.74369,65.49926],[-13.74369,65.49953],[-13.74349,65.49993],[-13.74302,65.50061],[-13.74258,65.50094],[-13.74252,65.50119],[-13.74261,65.50132],[-13.74348,65.50184],[-13.74393,65.50198],[-13.74556,65.50198],[-13.74604,65.50215],[-13.74626,65.50235],[-13.74648,65.50286],[-13.74719,65.50316],[-13.74778,65.50362],[-13.7482,65.50372],[-13.74874,65.50359],[-13.74922,65.50369],[-13.74944,65.50382],[-13.74965,65.5042],[-13.74986,65.50427],[-13.7502,65.50431],[-13.75134,65.50406],[-13.75215,65.50409],[-13.75352,65.50384],[-13.75406,65.50386],[-13.75465,65.50421],[-13.75509,65.50432],[-13.75575,65.50444],[-13.7565,65.50439],[-13.75674,65.50453],[-13.757,65.50499],[-13.75797,65.50521],[-13.75971,65.50595],[-13.76499,65.50718],[-13.76573,65.50713],[-13.76653,65.50764],[-13.76853,65.50782],[-13.76911,65.50776],[-13.77022,65.50802],[-13.77097,65.50794],[-13.7714,65.50813],[-13.77203,65.50794],[-13.77264,65.50829],[-13.77339,65.50852],[-13.77463,65.50821],[-13.77539,65.50746],[-13.77918,65.50684],[-13.78071,65.50732],[-13.78137,65.5078],[-13.78203,65.50802],[-13.78216,65.5082],[-13.78168,65.50879],[-13.7816,65.50897],[-13.78167,65.50918],[-13.78427,65.51057],[-13.77516,65.51775],[-13.77531,65.51806],[-13.77561,65.51824],[-13.776,65.51881],[-13.77603,65.51898],[-13.77575,65.51918],[-13.7766,65.51921],[-13.77516,65.51775],[-13.77531,65.51806],[-13.77561,65.51824],[-13.776,65.51881],[-13.77603,65.51898],[-13.77575,65.51918],[-13.7766,65.51921]]}},{"type":"Feature","properties":{"id":"ae45157ce4f0","name":"miss","length_mi":0.8,"country":"Iceland","state":null,"park":null,"park_type":null,"note":"","source":"OpenStreetMap","osm_id":"7329839","osm_ids":[],"created_at":"2025-12-22T16:12:31.871577"},"geometry":{"type":"LineString","coordinates":[[-21.23115,64.0574],[-21.23171,64.0572],[-21.23196,64.05698],[-21.23343,64.05657],[-21.23383,64.05636],[-21.23397,64.05617],[-21.23455,64.05595],[-21.23576,64.05523],[-21.23619,64.05462],[-21.2361,64.05447],[-21.23569,64.05428],[-21.23598,64.05406],[-21.2362,64.05326],[-21.23615,64.05254],[-21.23656,64.05203],[-21.23631,64.05174],[-21.23638,64.05151],[-21.23464,64.05094],[-21.23153,64.05089],[-21.23115,64.05073],[-21.23061,64.05031],[-21.22993,64.04928],[-21.22932,64.04893]]}},{"type":"Feature","properties":{"id":"1f847774e798","name":"Þakgilshöfuð","length_mi":0.89,"country":"Iceland","state":null,"park":null,"park_type":null,"note":"","source":"OpenStreetMap","osm_id":"19462840","osm_ids":[],"created_at":"2025-12-22T16:12:31.888582"},"geometry":{"type":"LineString","coordinates":[[-18.89163,63.5291],[-18.89073,63.52902],[-18.89016,63.52867],[-18.8874,63.52877],[-18.88625,63.52897],[-18.88721,63.52917],[-18.88693,63.52926],[-18.88711,63.5293],[-18.88697,63.5294],[-18.88711,63.52944],[-18.88683,63.52965],[-18.88817,63.53016],[-18.88683,63.52965],[-18.88817,63.53016],[-18.88756,63.53035],[-18.88465,63.52966],[-18.88284,63.52909],[-18.88234,63.52883],[-18.88258,63.52828],[-18.8829,63.52788],[-18.88572,63.52612],[-18.88696,63.52596],[-18.88884,63.52633],[-18.8897,63.52631]]}},{"type":"Feature","properties":{"id":"780f19ceca62","name":"Þingmannaá","length_mi":0.61,"country":"Iceland","state":null,"park":null,"park_type":null,"note":"","source":"OpenStreetMap","osm_id":"2240755","osm_ids":[],"created_at":"2025-12-22T16:12:31.868577"},"geometry":{"type":"LineString","coordinates":[[-23.12138,65.58434],[-23.12191,65.58462],[-23.12679,65.58499],[-23.12656,65.58498],[-23.12679,65.58358],[-23.12715,65.58241],[-23.12688,65.58218],[-23.12654,65.58221],[-23.12342,65.58335],[-23.1225,65.5833],[-23.12242,65.58374],[-23.12138,65.58434]]}},{"type":"Feature","properties":{"id":"7afe2f38b33f","name":"Þingvellir","length_mi":4.87,"country":"Iceland","state":null,"park":null,"park_type":null,"note":"","source":"OpenStreetMap","osm_id":"6125515","osm_ids":[],"created_at":"2025-12-22T16:12:31.868577"},"geometry":{"type":"LineString","coordinates":[[-21.12703,64.25687],[-21.12364,64.25899],[-21.12217,64.26071],[-21.11979,64.26233],[-21.11999,64.26223],[-21.1213,64.26122],[-21.11813,64.26318],[-21.11979,64.26233],[-21.11528,64.26606],[-21.11586,64.26558],[-21.11596,64.26527],[-21.11577,64.2651],[-21.11585,64.26498],[-21.11813,64.26318],[-21.11536,64.26657],[-21.11528,64.26606],[-21.11562,64.26683],[-21.11536,64.26657],[-21.1157,64.26704],[-21.11556,64.26695],[-21.1156,64.26686],[-21.1157,64.26704],[-21.1152,64.26728],[-21.1137,64.26843],[-21.11339,64.26855],[-21.11306,64.26849],[-21.1115,64.26893],[-21.111,64.26864],[-21.11165,64.26742],[-21.11133,64.26783],[-21.11125,64.26826],[-21.111,64.26864],[-21.11165,64.26742],[-21.11065,64.26729],[-21.11008,64.26753],[-21.11065,64.26729],[-21.11008,64.26753],[-21.1098,64.26734],[-21.10848,64.26693],[-21.1098,64.26734],[-21.07301,64.26172],[-21.07367,64.26186],[-21.07525,64.26188],[-21.07761,64.26214],[-21.08325,64.26222],[-21.08377,64.26243],[-21.08558,64.26254],[-21.08588,64.26267],[-21.08692,64.26275],[-21.08738,64.26302],[-21.08852,64.26316],[-21.08947,64.26362],[-21.09069,64.26375],[-21.09238,64.26371],[-21.09331,64.26388],[-21.09451,64.26427],[-21.0948,64.26449],[-21.09556,64.2646],[-21.09638,64.26457],[-21.0973,64.26502],[-21.09867,64.2654],[-21.09915,64.2657],[-21.09958,64.26575],[-21.09977,64.26593],[-21.10113,64.26614],[-21.10188,64.26638],[-21.1032,64.26633],[-21.10378,64.26607],[-21.10521,64.2659],[-21.10606,64.26617],[-21.10721,64.26632],[-21.10753,64.26659],[-21.10848,64.26693],[-21.07301,64.26172],[-21.0738,64.26147],[-21.07634,64.26097],[-21.07879,64.26065],[-21.08418,64.25969],[-21.08771,64.25928],[-21.0904,64.25913],[-21.09202,64.25916],[-21.0941,64.259],[-21.09455,64.2588],[-21.09695,64.25891],[-21.10426,64.25845],[-21.10704,64.25843],[-21.10967,64.2587],[-21.11335,64.25853],[-21.11565,64.25825],[-21.11721,64.25853],[-21.1197,64.25805],[-21.12033,64.2578],[-21.12037,64.2576],[-21.12036,64.25768],[-21.12077,64.25743],[-21.12037,64.2576],[-21.12139,64.25728],[-21.12077,64.25743],[-21.12103,64.25766],[-21.12141,64.25746],[-21.12139,64.25728],[-21.12222,64.25747],[-21.12206,64.25757],[-21.12138,64.25781],[-21.12103,64.25766],[-21.12235,64.25724],[-21.12231,64.25739],[-21.12222,64.25747],[-21.12223,64.25632],[-21.12235,64.25724],[-21.12246,64.25582],[-21.12245,64.25606],[-21.12224,64.25631],[-21.12246,64.25582],[-21.12452,64.25576],[-21.12373,64.25574],[-21.12485,64.25567],[-21.12452,64.25576],[-21.12485,64.25567],[-21.12594,64.25576],[-21.12613,64.25596],[-21.12597,64.25623],[-21.12627,64.25657],[-21.12682,64.25669],[-21.12703,64.25687],[-21.12786,64.25617],[-21.12746,64.2566],[-21.12703,64.25687],[-21.12786,64.25617],[-21.12746,64.2566],[-21.12703,64.25687],[-21.12859,64.25557],[-21.12842,64.25567],[-21.12802,64.25601],[-21.12859,64.25557],[-21.12786,64.25617],[-21.12877,64.25552],[-21.12859,64.25557],[-21.11714,64.26576],[-21.11709,64.26593],[-21.11646,64.26654],[-21.1157,64.26704],[-21.11714,64.26576],[-21.11709,64.26593],[-21.11646,64.26654],[-21.1157,64.26704]]}},{"type":"Feature","properties":{"id":"7ab4c4efea0c","name":"Þverfellshorn","length_mi":3.42,"country":"Iceland","state":null,"park":null,"park_type":null,"note":"","source":"OpenStreetMap","osm_id":"12497164","osm_ids":[],"created_at":"2025-12-22T16:12:31.871577"},"geometry":{"type":"LineString","coordinates":[[-21.71965,64.2153],[-21.71946,64.21491],[-21.71899,64.21461],[-21.71889,64.21414],[-21.71525,64.20891],[-21.71506,64.20912],[-21.71426,64.20926],[-21.71371,64.20954],[-21.71394,64.20966],[-21.71375,64.20999],[-21.7151,64.21037],[-21.71577,64.21068],[-21.71617,64.21103],[-21.71644,64.21183],[-21.7161,64.21258],[-21.71672,64.21315],[-21.71813,64.21365],[-21.71817,64.21388],[-21.71901,64.21402],[-21.72013,64.21448],[-21.72158,64.21473],[-21.72047,64.21491],[-21.71987,64.21516],[-21.71901,64.21596],[-21.71796,64.21666],[-21.71785,64.217],[-21.71706,64.21741],[-21.71748,64.21824],[-21.71748,64.21853],[-21.71694,64.21971],[-21.71725,64.21969],[-21.71668,64.22066],[-21.71666,64.22175],[-21.71683,64.222],[-21.7162,64.22229],[-21.71548,64.22294],[-21.71669,64.22322],[-21.71592,64.22391],[-21.71596,64.22406],[-21.71562,64.2244],[-21.71597,64.22473],[-21.7163,64.22485],[-21.71632,64.22593],[-21.71595,64.22611],[-21.71642,64.22652],[-21.7164,64.22704],[-21.71682,64.22742],[-21.71677,64.22776],[-21.7174,64.22803],[-21.72031,64.22825],[-21.72037,64.22841],[-21.7202,64.22861],[-21.71794,64.22944],[-21.71814,64.22955],[-21.71804,64.2297],[-21.71836,64.23008],[-21.71826,64.23034],[-21.71818,64.23036],[-21.71648,64.21842],[-21.71632,64.21859],[-21.71581,64.21857],[-21.71476,64.21956],[-21.71421,64.2199],[-21.71428,64.22023],[-21.7142,64.22033],[-21.71366,64.22057],[-21.71307,64.22114],[-21.71192,64.22181],[-21.71087,64.22294],[-21.71008,64.22333],[-21.7084,64.22372],[-21.70762,64.22419],[-21.70629,64.22462],[-21.70585,64.22487],[-21.70546,64.22541],[-21.70565,64.22555],[-21.70592,64.2261],[-21.70591,64.2266],[-21.70655,64.2265],[-21.70653,64.227],[-21.70729,64.22687],[-21.70729,64.22768],[-21.70797,64.22791],[-21.70937,64.22889],[-21.71125,64.22904],[-21.71326,64.22888],[-21.71427,64.22894],[-21.71735,64.22993],[-21.71818,64.23036],[-21.71668,64.21835],[-21.71648,64.21842],[-21.7174,64.21807],[-21.71668,64.21835],[-21.71472,64.2102],[-21.71487,64.20978],[-21.71477,64.20942],[-21.71487,64.20916],[-21.71411,64.20885],[-21.71423,64.20902],[-21.71394,64.2094]]}},{"type":"Feature","properties":{"id":"4a504788b71f","name":"Þórsmörk","length_mi":3.55,"country":"Iceland","state":null,"park":null,"park_type":null,"note":"","source":"OpenStreetMap","osm_id":"6129893","osm_ids":[],"created_at":"2025-12-22T16:12:31.869577"},"geometry":{"type":"LineString","coordinates":[[-19.51253,63.68453],[-19.51286,63.68506],[-19.51238,63.6843],[-19.5125,63.68449],[-19.51222,63.6843],[-19.51238,63.6843],[-19.51136,63.68427],[-19.50958,63.68442],[-19.50567,63.6851],[-19.50537,63.68524],[-19.50458,63.686],[-19.5041,63.6862],[-19.50345,63.68613],[-19.50304,63.68596],[-19.50275,63.68569],[-19.50288,63.68556],[-19.50236,63.68563],[-19.50143,63.68639],[-19.50093,63.68664],[-19.5009,63.68678],[-19.50027,63.68709],[-19.49942,63.68715],[-19.49911,63.68732],[-19.49972,63.68779],[-19.4982,63.68788],[-19.49774,63.68813],[-19.49756,63.68859],[-19.49692,63.68894],[-19.49571,63.68882],[-19.49552,63.68902],[-19.49563,63.68922],[-19.4946,63.68971],[-19.49295,63.69004],[-19.49148,63.69006],[-19.49054,63.69026],[-19.49002,63.69017],[-19.48988,63.68994],[-19.48943,63.69006],[-19.48901,63.68995],[-19.48714,63.69014],[-19.48485,63.69007],[-19.48282,63.69045],[-19.48129,63.69058],[-19.47917,63.69105],[-19.47812,63.69119],[-19.47676,63.69109],[-19.47532,63.69148],[-19.47379,63.69166],[-19.4735,63.6916],[-19.47221,63.69091],[-19.47199,63.69075],[-19.47211,63.69062],[-19.47188,63.69043],[-19.47185,63.69027],[-19.47131,63.69],[-19.47104,63.68974],[-19.47179,63.68953],[-19.47175,63.6894],[-19.47205,63.68931],[-19.47207,63.68911],[-19.47235,63.68896],[-19.47234,63.68884],[-19.47261,63.68878],[-19.47325,63.68814],[-19.47357,63.6881],[-19.47308,63.68793],[-19.47262,63.68744],[-19.47277,63.68724],[-19.47282,63.68687],[-19.47312,63.68674],[-19.47549,63.68693],[-19.47745,63.68632],[-19.47847,63.68615],[-19.47907,63.68629],[-19.47976,63.68603],[-19.48021,63.68615],[-19.48122,63.6859],[-19.4822,63.686],[-19.48359,63.68594],[-19.48444,63.6857],[-19.48484,63.68501],[-19.48685,63.68461],[-19.48813,63.68476],[-19.48979,63.68461],[-19.49062,63.68487],[-19.4921,63.68491],[-19.49427,63.6855],[-19.49526,63.68517],[-19.49639,63.68531],[-19.4966,63.68523],[-19.49787,63.68549],[-19.49809,63.68532],[-19.49833,63.68478],[-19.50539,63.68502],[-19.50341,63.68457],[-19.50185,63.6844],[-19.49833,63.68478],[-19.50539,63.68502],[-19.50565,63.68468],[-19.50691,63.68461],[-19.50753,63.68413],[-19.50816,63.68433],[-19.50853,63.68459],[-19.51187,63.6843],[-19.51136,63.68427],[-19.50853,63.68459],[-19.51238,63.6843],[-19.51286,63.68506]]}},{"type":"Feature","properties":{"id":"e0609995be18","name":"Þórólfsfell","length_mi":2.57,"country":"Iceland","state":null,"park":null,"park_type":null,"note":"","source":"OpenStreetMap","osm_id":"6129946","osm_ids":[],"created_at":"2025-12-22T16:12:31.869577"},"geometry":{"type":"LineString","coordinates":[[-19.73283,63.71481],[-19.731,63.71421],[-19.73014,63.71442],[-19.72845,63.71434],[-19.72746,63.71413],[-19.72655,63.71408],[-19.71736,63.71506],[-19.72057,63.71443],[-19.72389,63.71408],[-19.72655,63.71408],[-19.71736,63.71506],[-19.71696,63.71527],[-19.71527,63.71568],[-19.71466,63.71626],[-19.71384,63.71659],[-19.71369,63.71681],[-19.71321,63.717],[-19.71208,63.71702],[-19.71156,63.71725],[-19.71073,63.71737],[-19.70968,63.71735],[-19.70597,63.71841],[-19.70564,63.71866],[-19.70475,63.71885],[-19.7038,63.71881],[-19.7038,63.71893],[-19.70257,63.71933],[-19.70097,63.71929],[-19.69968,63.71962],[-19.6974,63.71995],[-19.69676,63.71995],[-19.69534,63.72052],[-19.69244,63.72094],[-19.68986,63.72159],[-19.68949,63.72154],[-19.68893,63.72167],[-19.68869,63.72187],[-19.68731,63.72179],[-19.68466,63.72113],[-19.68215,63.72088],[-19.68174,63.72094],[-19.68047,63.72048],[-19.67915,63.72023],[-19.67889,63.72001],[-19.67798,63.71982],[-19.67653,63.71932],[-19.67604,63.7191],[-19.67574,63.7188],[-19.67526,63.71869],[-19.67508,63.7185],[-19.66316,63.71659],[-19.66771,63.71701],[-19.67059,63.7174],[-19.66964,63.7178],[-19.67316,63.71824],[-19.67338,63.71862],[-19.67368,63.71837],[-19.67508,63.7185]]}},{"type":"Feature","properties":{"id":"007f8b9a40d9","name":"Auxier Branch Trail #203","length_mi":0.71,"country":"United States","state":"Kentucky","park":"Daniel Boone National Forest","park_type":"National park or forest","note":"","source":"OpenStreetMap","osm_id":"12118686","osm_ids":[],"created_at":"2025-12-22T16:12:31.889582"},"geometry":{"type":"LineString","coordinates":[[-83.67952,37.83921],[-83.67976,37.83881],[-83.67982,37.83805],[-83.68038,37.83771],[-83.68067,37.83732],[-83.68061,37.83709],[-83.6815,37.83603],[-83.68162,37.83548],[-83.68135,37.83464],[-83.68142,37.83405],[-83.68236,37.83379],[-83.68327,37.83294],[-83.68547,37.83285],[-83.68634,37.83256]]}},{"type":"Feature","properties":{"id":"8dddcf9e2b78","name":"Auxier Ridge Trail #204","length_mi":2.33,"country":"United States","state":"Kentucky","park":"Daniel Boone National Forest","park_type":"National park or forest","note":"","source":"OpenStreetMap","osm_id":"12118688","osm_ids":[],"created_at":"2025-12-22T16:12:31.889582"},"geometry":{"type":"LineString","coordinates":[[-83.68098,37.82009],[-83.68086,37.82043],[-83.68002,37.82099],[-83.67979,37.82126],[-83.68,37.82133],[-83.6803,37.82107],[-83.68108,37.82071],[-83.68146,37.82069],[-83.68185,37.8209],[-83.68204,37.82152],[-83.6824,37.82182],[-83.68242,37.82216],[-83.68197,37.82289],[-83.68204,37.8233],[-83.6815,37.82396],[-83.68147,37.82495],[-83.68094,37.82538],[-83.67929,37.82526],[-83.67838,37.82574],[-83.67833,37.82561],[-83.67811,37.82579],[-83.67815,37.82631],[-83.67841,37.82703],[-83.67835,37.82735],[-83.67826,37.82754],[-83.67752,37.82813],[-83.67818,37.82929],[-83.67775,37.82944],[-83.67733,37.83001],[-83.67639,37.83069],[-83.67584,37.83139],[-83.67596,37.83182],[-83.67579,37.83303],[-83.67623,37.83418],[-83.67585,37.83512],[-83.67629,37.83556],[-83.6771,37.83672],[-83.6769,37.83705],[-83.67708,37.83833],[-83.67655,37.83902],[-83.67657,37.8397],[-83.67747,37.84145],[-83.67778,37.84174],[-83.67787,37.84164],[-83.67826,37.84182],[-83.67864,37.84183],[-83.67863,37.84152],[-83.67829,37.84118],[-83.67853,37.83978],[-83.67914,37.83966],[-83.67952,37.83921],[-83.67759,37.84149],[-83.67776,37.8417]]}},{"type":"Feature","properties":{"id":"16445f31a670","name":"Boone Hut Trail #209","length_mi":0.74,"country":"United States","state":"Kentucky","park":"Daniel Boone National Forest","park_type":"National park or forest","note":"","source":"OpenStreetMap","osm_id":"12118684","osm_ids":[],"created_at":"2025-12-22T16:12:31.889582"},"geometry":{"type":"LineString","coordinates":[[-83.66282,37.81116],[-83.66287,37.81041],[-83.663,37.81001],[-83.66339,37.80952],[-83.66369,37.80827],[-83.66431,37.80787],[-83.66409,37.80764],[-83.66407,37.80741],[-83.66345,37.80774],[-83.66313,37.80774],[-83.66261,37.80732],[-83.66159,37.807],[-83.66111,37.80672],[-83.66013,37.80645],[-83.65976,37.80649],[-83.65941,37.80621],[-83.65917,37.80628],[-83.65915,37.80613],[-83.65842,37.80635],[-83.65789,37.80739]]}},{"type":"Feature","properties":{"id":"ee6b15be81b3","name":"Cliff Trail #206","length_mi":0.41,"country":"United States","state":"Kentucky","park":"Daniel Boone National Forest","park_type":"National park or forest","note":"","source":"OpenStreetMap","osm_id":"12118659","osm_ids":[],"created_at":"2025-12-22T16:12:31.889582"},"geometry":{"type":"LineString","coordinates":[[-83.62881,37.78575],[-83.62856,37.78578],[-83.62842,37.78602],[-83.62879,37.78656],[-83.62892,37.78535],[-83.62881,37.78575],[-83.63238,37.78349],[-83.63202,37.78354],[-83.63133,37.78393],[-83.63057,37.78376],[-83.63072,37.78396],[-83.63071,37.78426],[-83.63067,37.78452],[-83.63043,37.78481],[-83.63011,37.78465],[-83.62951,37.78471],[-83.62912,37.78493],[-83.62892,37.78535]]}},{"type":"Feature","properties":{"id":"8437da28f31c","name":"Courthouse Rock Trail #202","length_mi":1.69,"country":"United States","state":"Kentucky","park":"Daniel Boone National Forest","park_type":"National park or forest","note":"","source":"OpenStreetMap","osm_id":"12118687","osm_ids":[],"created_at":"2025-12-22T16:12:31.889582"},"geometry":{"type":"LineString","coordinates":[[-83.67952,37.83921],[-83.67952,37.83855],[-83.67935,37.83782],[-83.67909,37.83728],[-83.67943,37.83653],[-83.68011,37.83557],[-83.68009,37.83494],[-83.6797,37.83467],[-83.67822,37.83502],[-83.67809,37.83491],[-83.67816,37.83469],[-83.67853,37.83409],[-83.67896,37.8337],[-83.67886,37.83337],[-83.67822,37.8329],[-83.67757,37.83294],[-83.67702,37.83323],[-83.67683,37.83308],[-83.67685,37.83292],[-83.67777,37.83154],[-83.67795,37.83145],[-83.67812,37.83151],[-83.67862,37.83219],[-83.67895,37.83244],[-83.68027,37.83282],[-83.68056,37.83282],[-83.68069,37.83256],[-83.68046,37.83126],[-83.68127,37.83118],[-83.68134,37.83061],[-83.68177,37.83011],[-83.68147,37.8297],[-83.6815,37.82917],[-83.68125,37.8288],[-83.68082,37.82867],[-83.68035,37.8289],[-83.67959,37.82854],[-83.68009,37.82816],[-83.68014,37.82794],[-83.67923,37.82698],[-83.67902,37.82653],[-83.67882,37.82653],[-83.67866,37.82638],[-83.67831,37.82673]]}},{"type":"Feature","properties":{"id":"8aa4412acfe7","name":"Double Arch Trail","length_mi":4.5,"country":"United States","state":"Kentucky","park":"Daniel Boone National Forest","park_type":"National park or forest","note":"","source":"user","osm_id":null,"osm_ids":["12118685"],"created_at":"2025-11-07T10:24:06.742544"},"geometry":{"type":"LineString","coordinates":[[-83.68112,37.82018],[-83.6819,37.82044],[-83.68276,37.82009],[-83.68343,37.82073],[-83.68489,37.821],[-83.68587,37.82074],[-83.68651,37.81994],[-83.68782,37.81954],[-83.68815,37.81965],[-83.68846,37.81997],[-83.68896,37.82122],[-83.6894,37.82154],[-83.68972,37.82198],[-83.69032,37.82213],[-83.69055,37.82241],[-83.69036,37.824],[-83.69015,37.82436],[-83.68968,37.8246],[-83.68847,37.82481],[-83.6877,37.82547],[-83.68765,37.82604],[-83.68735,37.82681],[-83.68733,37.82734],[-83.68646,37.82885],[-83.68651,37.82916],[-83.68694,37.82958],[-83.68696,37.82979],[-83.68687,37.83022],[-83.68659,37.83036],[-83.68684,37.8307],[-83.6864,37.83101],[-83.68668,37.83171],[-83.68637,37.83259],[-83.68597,37.8332],[-83.68544,37.83353],[-83.68535,37.83378],[-83.6845,37.83407],[-83.68442,37.8348],[-83.68387,37.83528],[-83.68386,37.83602],[-83.68354,37.83706],[-83.68367,37.83746],[-83.68344,37.83801],[-83.68394,37.83832],[-83.68434,37.83874],[-83.68458,37.83872],[-83.68469,37.83866],[-83.6847,37.83834],[-83.68492,37.83805],[-83.68473,37.83783],[-83.68406,37.83748],[-83.68396,37.83753],[-83.68406,37.83802],[-83.68395,37.83764],[-83.68406,37.83748],[-83.68492,37.838],[-83.6847,37.83834],[-83.68469,37.83866],[-83.68458,37.83872],[-83.68434,37.83874],[-83.68394,37.83832],[-83.68344,37.83801],[-83.68367,37.83746],[-83.68354,37.83706],[-83.68386,37.83602],[-83.68387,37.83528],[-83.68442,37.8348],[-83.6845,37.83407],[-83.68535,37.83378],[-83.68544,37.83353],[-83.68597,37.8332],[-83.68637,37.83259],[-83.68668,37.83171],[-83.6864,37.83101],[-83.68684,37.8307],[-83.68659,37.83036],[-83.68687,37.83022],[-83.68696,37.82979],[-83.68694,37.82958],[-83.68651,37.82916],[-83.68646,37.82885],[-83.68733,37.82734],[-83.68735,37.82681],[-83.68765,37.82604],[-83.6877,37.82547],[-83.68847,37.82481],[-83.68968,37.8246],[-83.69015,37.82436],[-83.69036,37.824],[-83.69055,37.82241],[-83.69032,37.82213],[-83.68972,37.82198],[-83.6894,37.82154],[-83.68896,37.82122],[-83.68846,37.81997],[-83.68815,37.81965],[-83.68782,37.81954],[-83.68651,37.81994],[-83.68587,37.82074],[-83.68489,37.821],[-83.68343,37.82073],[-83.68276,37.82009],[-83.6819,37.82044],[-83.68112,37.82018]]}},{"type":"Feature","properties":{"id":"e62172fed8ec","name":"Gray's Arch Trail #205","length_mi":1.3,"country":"United States","state":"Kentucky","park":"Daniel Boone National Forest","park_type":"National park or forest","note":"","source":"OpenStreetMap","osm_id":"12118683","osm_ids":[],"created_at":"2025-12-22T16:12:31.889582"},"geometry":{"type":"LineString","coordinates":[[-83.66009,37.80914],[-83.65945,37.80924],[-83.65838,37.8097],[-83.65786,37.80974],[-83.65756,37.80959],[-83.65738,37.80931],[-83.65761,37.80868],[-83.65757,37.80809],[-83.66009,37.80914],[-83.66016,37.80926],[-83.66026,37.80963],[-83.65995,37.81049],[-83.65921,37.8117],[-83.65909,37.81213],[-83.65921,37.81231],[-83.66034,37.8131],[-83.66054,37.81371],[-83.66048,37.81448],[-83.66061,37.8151],[-83.66049,37.81536],[-83.66008,37.81571],[-83.6604,37.81606],[-83.66015,37.81676],[-83.65936,37.81732],[-83.65882,37.81737],[-83.65865,37.81756],[-83.65857,37.81792],[-83.65787,37.81826],[-83.65783,37.81789],[-83.65817,37.81752],[-83.6582,37.81699],[-83.65797,37.81714],[-83.65915,37.81657],[-83.65951,37.81586],[-83.66011,37.81565]]}},{"type":"Feature","properties":{"id":"793101817990","name":"Lost Branch Trail #239","length_mi":1.58,"country":"United States","state":"Kentucky","park":"Daniel Boone National Forest","park_type":"National park or forest","note":"","source":"OpenStreetMap","osm_id":"12118714","osm_ids":[],"created_at":"2025-12-22T16:12:31.889582"},"geometry":{"type":"LineString","coordinates":[[-83.59394,37.85662],[-83.59296,37.85668],[-83.59263,37.85644],[-83.59212,37.85639],[-83.5911,37.85591],[-83.59026,37.856],[-83.58903,37.85659],[-83.58882,37.85681],[-83.58894,37.85734],[-83.5889,37.8577],[-83.58806,37.85729],[-83.58782,37.85797],[-83.58722,37.85794],[-83.58715,37.85819],[-83.58645,37.85881],[-83.586,37.85879],[-83.58574,37.85866],[-83.58472,37.85751],[-83.5838,37.85752],[-83.58342,37.85771],[-83.58307,37.85747],[-83.58285,37.85715],[-83.58272,37.85625],[-83.58228,37.85594],[-83.58046,37.85533],[-83.57964,37.85523],[-83.57937,37.85506],[-83.57924,37.85477],[-83.57933,37.85449],[-83.57927,37.85418],[-83.57846,37.85328],[-83.57738,37.85221],[-83.57563,37.851],[-83.5754,37.84979]]}},{"type":"Feature","properties":{"id":"a1668e32f588","name":"Osborne Bend Trail #240","length_mi":6.66,"country":"United States","state":"Kentucky","park":"Daniel Boone National Forest","park_type":"National park or forest","note":"","source":"OpenStreetMap","osm_id":"12118713","osm_ids":[],"created_at":"2025-12-22T16:12:31.889582"},"geometry":{"type":"LineString","coordinates":[[-83.59736,37.82575],[-83.59683,37.82579],[-83.59551,37.82698],[-83.5946,37.82751],[-83.59459,37.82773],[-83.59484,37.82818],[-83.59487,37.82881],[-83.59461,37.82936],[-83.59404,37.82997],[-83.59356,37.8307],[-83.59305,37.83071],[-83.59225,37.83025],[-83.59193,37.83019],[-83.59054,37.83033],[-83.58933,37.83062],[-83.58688,37.8318],[-83.58557,37.83188],[-83.58542,37.83235],[-83.58545,37.83285],[-83.58579,37.83324],[-83.58644,37.8337],[-83.58654,37.83402],[-83.58621,37.83466],[-83.58631,37.83511],[-83.58615,37.83597],[-83.58626,37.83643],[-83.58605,37.83692],[-83.58669,37.83764],[-83.58677,37.83793],[-83.58652,37.8387],[-83.58606,37.83915],[-83.58597,37.83998],[-83.5862,37.84024],[-83.58666,37.84043],[-83.58673,37.84068],[-83.58648,37.84119],[-83.58596,37.84151],[-83.58586,37.84171],[-83.58627,37.84266],[-83.58623,37.84304],[-83.58561,37.8434],[-83.58479,37.84416],[-83.58469,37.84459],[-83.58493,37.84524],[-83.58486,37.84566],[-83.58467,37.8458],[-83.58279,37.84578],[-83.58259,37.84592],[-83.58239,37.84657],[-83.58217,37.84671],[-83.58188,37.8467],[-83.58119,37.84629],[-83.5806,37.84641],[-83.58049,37.84664],[-83.58054,37.84711],[-83.58042,37.8475],[-83.58015,37.84774],[-83.5795,37.84799],[-83.57929,37.84842],[-83.57896,37.84865],[-83.57837,37.84874],[-83.57772,37.84841],[-83.57733,37.84849],[-83.57715,37.84864],[-83.57707,37.84883],[-83.57719,37.84932],[-83.57676,37.84996],[-83.57629,37.85003],[-83.57526,37.84977],[-83.57457,37.84989],[-83.57417,37.85036],[-83.57376,37.85125],[-83.57334,37.85173],[-83.57245,37.85376],[-83.57212,37.85408],[-83.5716,37.8542],[-83.57118,37.85403],[-83.57086,37.85306],[-83.57035,37.85258],[-83.57052,37.85182],[-83.56959,37.85061],[-83.56959,37.84979],[-83.56892,37.84925],[-83.56887,37.84883],[-83.56846,37.8486],[-83.5674,37.84861],[-83.56712,37.84882],[-83.56684,37.84947],[-83.56666,37.84901],[-83.56635,37.8488],[-83.56605,37.84887],[-83.56558,37.84919],[-83.56525,37.8492],[-83.56508,37.84897],[-83.56511,37.84852],[-83.56477,37.84822],[-83.56501,37.84792],[-83.565,37.84774],[-83.56412,37.84776],[-83.56364,37.84745],[-83.56323,37.84734],[-83.56312,37.84669],[-83.56337,37.84601],[-83.56341,37.84555],[-83.56318,37.84534],[-83.56233,37.8453],[-83.56204,37.84497],[-83.56197,37.84467],[-83.5621,37.84418],[-83.56254,37.84369],[-83.56378,37.84342],[-83.56458,37.84342],[-83.56522,37.84272],[-83.56639,37.8427],[-83.56679,37.84237],[-83.56667,37.84097],[-83.56645,37.84057],[-83.56637,37.84011],[-83.56672,37.8394],[-83.56657,37.83916],[-83.56587,37.83872],[-83.56563,37.83831],[-83.56594,37.83742],[-83.56579,37.83662],[-83.5663,37.8357],[-83.56649,37.83559],[-83.56766,37.8355],[-83.56829,37.83533],[-83.56903,37.83487],[-83.56923,37.8345],[-83.56933,37.83385],[-83.57018,37.83246],[-83.57,37.83195],[-83.56933,37.83132],[-83.56938,37.83063],[-83.56991,37.83023],[-83.57037,37.8297],[-83.57124,37.82983],[-83.57156,37.82963],[-83.5716,37.82819],[-83.57173,37.82759],[-83.57166,37.82725],[-83.57185,37.82667],[-83.57219,37.82656],[-83.57195,37.82594],[-83.57227,37.82571],[-83.57238,37.82539],[-83.57235,37.82473],[-83.57218,37.82456],[-83.57228,37.82395],[-83.57219,37.8235],[-83.57267,37.82144],[-83.5737,37.82059],[-83.57442,37.82029],[-83.57503,37.82022]]}},{"type":"Feature","properties":{"id":"8cdc1eb7c82a","name":"Pinch-em Tight Trail #233","length_mi":1.5,"country":"United States","state":"Kentucky","park":"Daniel Boone National Forest","park_type":"National park or forest","note":"","source":"OpenStreetMap","osm_id":"12118681","osm_ids":[],"created_at":"2025-12-22T16:12:31.889582"},"geometry":{"type":"LineString","coordinates":[[-83.63613,37.81071],[-83.63659,37.81074],[-83.63737,37.8105],[-83.63917,37.81052],[-83.63965,37.81033],[-83.63999,37.80991],[-83.63973,37.80868],[-83.6399,37.80801],[-83.64017,37.80772],[-83.6404,37.80765],[-83.64114,37.8076],[-83.64177,37.80739],[-83.6422,37.8075],[-83.64265,37.8079],[-83.64357,37.80842],[-83.64366,37.80868],[-83.64354,37.80947],[-83.64367,37.80976],[-83.64422,37.81022],[-83.64476,37.81037],[-83.64533,37.81021],[-83.64679,37.80896],[-83.64795,37.8088],[-83.64872,37.80826],[-83.64946,37.80817],[-83.65015,37.80754],[-83.65044,37.80742],[-83.65126,37.80756],[-83.652,37.80753],[-83.6538,37.80793],[-83.65515,37.80775],[-83.65604,37.80726]]}},{"type":"Feature","properties":{"id":"99f867443f29","name":"Rock Bridge Trail #207","length_mi":1.32,"country":"United States","state":"Kentucky","park":"Daniel Boone National Forest","park_type":"National park or forest","note":"","source":"OpenStreetMap","osm_id":"12118718","osm_ids":[],"created_at":"2025-12-22T16:12:31.890582"},"geometry":{"type":"LineString","coordinates":[[-83.56628,37.77023],[-83.5651,37.77055],[-83.56408,37.7718],[-83.56344,37.77207],[-83.5625,37.77188],[-83.56143,37.77135],[-83.56113,37.77135],[-83.56049,37.77104],[-83.55945,37.77021],[-83.56146,37.77052],[-83.56153,37.77038],[-83.56119,37.76971],[-83.56123,37.76951],[-83.56257,37.76961],[-83.56288,37.76951],[-83.56377,37.76876],[-83.56437,37.76858],[-83.56491,37.76765],[-83.56553,37.76734],[-83.56642,37.76749],[-83.56685,37.76815],[-83.56763,37.76897],[-83.56762,37.76935],[-83.56731,37.76905],[-83.56693,37.76893],[-83.56669,37.76904],[-83.56663,37.76916],[-83.56682,37.7693],[-83.56695,37.76967],[-83.56683,37.76998]]}},{"type":"Feature","properties":{"id":"5c8757100994","name":"Rough Trail @221","length_mi":7.66,"country":"United States","state":"Kentucky","park":"Daniel Boone National Forest","park_type":"National park or forest","note":"","source":"OpenStreetMap","osm_id":"12041357","osm_ids":[],"created_at":"2025-12-22T16:12:31.888582"},"geometry":{"type":"LineString","coordinates":[[-83.63613,37.81071],[-83.63448,37.81045],[-83.63444,37.81006],[-83.6347,37.80905],[-83.63437,37.80873],[-83.63386,37.80859],[-83.63097,37.80842],[-83.6298,37.8081],[-83.62954,37.80826],[-83.62955,37.8085],[-83.6292,37.80881],[-83.62898,37.80927],[-83.62808,37.80947],[-83.62753,37.80944],[-83.62726,37.80932],[-83.62714,37.80861],[-83.62703,37.8085],[-83.62679,37.80864],[-83.62612,37.80841],[-83.62596,37.80821],[-83.62601,37.80794],[-83.62632,37.80773],[-83.62561,37.80737],[-83.62531,37.80739],[-83.62453,37.80836],[-83.6242,37.80847],[-83.62267,37.80847],[-83.62151,37.80806],[-83.64127,37.81551],[-83.6401,37.81465],[-83.63994,37.81407],[-83.63971,37.8137],[-83.63917,37.81332],[-83.63862,37.8132],[-83.63862,37.81294],[-83.6378,37.81211],[-83.63779,37.81171],[-83.63764,37.81155],[-83.63684,37.81117],[-83.63672,37.81127],[-83.63682,37.81159],[-83.63656,37.81165],[-83.63615,37.81093],[-83.63613,37.81071],[-83.64133,37.81557],[-83.64127,37.81551],[-83.65783,37.81789],[-83.65756,37.81783],[-83.65738,37.81882],[-83.65677,37.81956],[-83.65615,37.82001],[-83.6551,37.82108],[-83.65434,37.82155],[-83.654,37.82207],[-83.65368,37.82194],[-83.6536,37.82175],[-83.65326,37.82151],[-83.6526,37.82143],[-83.65236,37.8213],[-83.65209,37.82102],[-83.65192,37.82054],[-83.65126,37.8203],[-83.65086,37.8203],[-83.65037,37.82049],[-83.64929,37.82044],[-83.64806,37.82018],[-83.64789,37.82029],[-83.64725,37.82001],[-83.64706,37.82009],[-83.64728,37.82038],[-83.64715,37.82042],[-83.6463,37.81971],[-83.64615,37.8194],[-83.64626,37.81915],[-83.64566,37.81916],[-83.64594,37.81863],[-83.64618,37.81842],[-83.64615,37.81832],[-83.64562,37.81837],[-83.6453,37.81826],[-83.64515,37.818],[-83.6446,37.81765],[-83.64443,37.81718],[-83.64177,37.81602],[-83.64133,37.81557],[-83.65783,37.81789],[-83.65787,37.81819],[-83.65788,37.81801],[-83.66011,37.81565],[-83.6604,37.81606],[-83.66015,37.81676],[-83.65936,37.81732],[-83.65882,37.81737],[-83.65865,37.81756],[-83.65857,37.81792],[-83.65792,37.81827],[-83.66009,37.80914],[-83.66024,37.8097],[-83.65989,37.8106],[-83.65921,37.8117],[-83.65909,37.81213],[-83.65921,37.81231],[-83.66028,37.813],[-83.66051,37.81355],[-83.66048,37.81448],[-83.66061,37.8151],[-83.66049,37.81536],[-83.66011,37.81565],[-83.6676,37.81909],[-83.66685,37.81809],[-83.66672,37.81752],[-83.66633,37.81693],[-83.66641,37.81667],[-83.66726,37.81558],[-83.66704,37.81475],[-83.66356,37.81228],[-83.66302,37.81139],[-83.66233,37.8106],[-83.66222,37.81074],[-83.66124,37.81057],[-83.66107,37.81004],[-83.66115,37.80942],[-83.6615,37.80921],[-83.66187,37.80926],[-83.66207,37.809],[-83.66161,37.80874],[-83.66146,37.80829],[-83.66065,37.80887],[-83.66009,37.80914],[-83.66764,37.81916],[-83.6676,37.81909],[-83.66742,37.81948],[-83.66764,37.81917],[-83.59096,37.80186],[-83.59043,37.80099],[-83.59066,37.80086],[-83.59111,37.80114],[-83.59129,37.80097],[-83.59227,37.80066],[-83.59252,37.80069],[-83.59346,37.80142],[-83.59365,37.80186],[-83.59402,37.80219],[-83.59468,37.80245],[-83.59569,37.80316],[-83.59612,37.80361],[-83.59629,37.80355],[-83.59661,37.80309],[-83.59719,37.80271],[-83.59757,37.80196],[-83.5986,37.8012],[-83.59876,37.80135],[-83.59917,37.80136],[-83.59988,37.80161],[-83.60016,37.80177],[-83.60024,37.80198],[-83.60053,37.80186],[-83.60125,37.80214],[-83.60146,37.80236],[-83.60207,37.80249],[-83.60241,37.80302],[-83.60353,37.80426],[-83.60367,37.80429],[-83.60366,37.8041],[-83.60327,37.8034],[-83.60333,37.80325],[-83.60389,37.80334],[-83.60425,37.80318],[-83.60445,37.80325],[-83.60461,37.80345],[-83.60428,37.80392],[-83.60427,37.80431],[-83.60458,37.80456],[-83.60506,37.80471],[-83.60605,37.80473],[-83.60665,37.80459],[-83.60745,37.80357],[-83.60873,37.80296],[-83.60948,37.80314],[-83.60993,37.80298],[-83.61036,37.80298],[-83.61079,37.80318],[-83.61093,37.80342],[-83.61227,37.80377],[-83.61271,37.8037],[-83.61438,37.80399],[-83.61478,37.80397],[-83.61514,37.8041],[-83.61584,37.80385],[-83.61635,37.80391],[-83.61789,37.8045],[-83.61843,37.80509],[-83.61894,37.80517],[-83.61893,37.80538],[-83.61911,37.80562],[-83.61935,37.80633],[-83.6203,37.80664],[-83.62078,37.80767],[-83.62151,37.80806]]}},{"type":"Feature","properties":{"id":"626d1cc3bf7d","name":"Rush Ridge #227","length_mi":0.99,"country":"United States","state":"Kentucky","park":"Daniel Boone National Forest","park_type":"National park or forest","note":"","source":"OpenStreetMap","osm_id":"12118682","osm_ids":[],"created_at":"2025-12-22T16:12:31.889582"},"geometry":{"type":"LineString","coordinates":[[-83.65311,37.80784],[-83.65268,37.80813],[-83.65247,37.80844],[-83.6524,37.80872],[-83.65263,37.8091],[-83.65261,37.80939],[-83.65223,37.81007],[-83.65091,37.81114],[-83.6503,37.8122],[-83.6493,37.81268],[-83.64888,37.81307],[-83.64872,37.81341],[-83.64869,37.81388],[-83.64873,37.81407],[-83.64908,37.81439],[-83.64891,37.81481],[-83.64792,37.81533],[-83.64722,37.81604],[-83.64665,37.8163],[-83.6464,37.81661],[-83.64638,37.81722],[-83.64694,37.81779],[-83.64707,37.81816],[-83.64684,37.81868],[-83.64626,37.81915]]}},{"type":"Feature","properties":{"id":"86501ceb3221","name":"Sheltowee Trace NRT Section 12","length_mi":12.35,"country":"United States","state":"Kentucky","park":"Daniel Boone National Forest","park_type":"National park or forest","note":"","source":"OpenStreetMap","osm_id":"12041634","osm_ids":[],"created_at":"2025-12-22T16:12:31.889582"},"geometry":{"type":"LineString","coordinates":[[-83.60163,37.90499],[-83.60182,37.9066],[-83.60166,37.90708],[-83.60121,37.90742],[-83.59959,37.90826],[-83.59871,37.90901],[-83.59845,37.90936],[-83.59833,37.91],[-83.59803,37.91031],[-83.59716,37.9105],[-83.59577,37.91024],[-83.59521,37.91036],[-83.59343,37.91138],[-83.59317,37.91174],[-83.59314,37.91243],[-83.59288,37.91285],[-83.59109,37.91415],[-83.59056,37.91439],[-83.58991,37.91441],[-83.58855,37.91402],[-83.58736,37.91425],[-83.58624,37.91412],[-83.58584,37.91423],[-83.58548,37.91459],[-83.58529,37.91566],[-83.58511,37.916],[-83.58457,37.91644],[-83.58303,37.91738],[-83.60365,37.89498],[-83.60378,37.89534],[-83.60466,37.89607],[-83.60475,37.89647],[-83.60455,37.89684],[-83.60363,37.89762],[-83.60286,37.89879],[-83.60272,37.89988],[-83.60258,37.90013],[-83.60168,37.90066],[-83.60143,37.90099],[-83.60185,37.90245],[-83.60206,37.90367],[-83.60195,37.90433],[-83.60163,37.90499],[-83.59326,37.88653],[-83.59383,37.88745],[-83.59381,37.88789],[-83.59344,37.88843],[-83.59356,37.8887],[-83.59439,37.88887],[-83.59465,37.88906],[-83.59578,37.89047],[-83.59653,37.89122],[-83.59688,37.89135],[-83.59782,37.89116],[-83.59818,37.89126],[-83.60016,37.8926],[-83.60096,37.89351],[-83.60152,37.895],[-83.60169,37.89516],[-83.60202,37.89521],[-83.60365,37.89498],[-83.62504,37.82842],[-83.62519,37.82907],[-83.62517,37.82951],[-83.62477,37.83037],[-83.62473,37.83077],[-83.62486,37.83148],[-83.62508,37.83198],[-83.62507,37.83254],[-83.62526,37.83318],[-83.62458,37.833],[-83.62409,37.83215],[-83.62389,37.83213],[-83.62353,37.8326],[-83.62332,37.83361],[-83.62356,37.83396],[-83.62354,37.83423],[-83.62373,37.83458],[-83.62446,37.83503],[-83.62449,37.83535],[-83.62479,37.83568],[-83.62484,37.83591],[-83.62418,37.83606],[-83.62367,37.83578],[-83.62329,37.83588],[-83.62313,37.83618],[-83.62328,37.8369],[-83.62415,37.83781],[-83.62418,37.83898],[-83.62434,37.8396],[-83.62411,37.83957],[-83.62397,37.83935],[-83.62356,37.83823],[-83.62308,37.83783],[-83.62212,37.8374],[-83.62155,37.83663],[-83.62045,37.83622],[-83.61994,37.8362],[-83.61932,37.83633],[-83.61905,37.83669],[-83.61964,37.83788],[-83.61996,37.83812],[-83.62001,37.83832],[-83.62024,37.83854],[-83.62116,37.83867],[-83.62156,37.83895],[-83.62237,37.83922],[-83.62254,37.83946],[-83.62232,37.83996],[-83.62139,37.83998],[-83.62115,37.84017],[-83.62144,37.84051],[-83.62156,37.84102],[-83.62201,37.84115],[-83.62239,37.84147],[-83.62298,37.84145],[-83.62266,37.84211],[-83.622,37.8422],[-83.62186,37.84237],[-83.62193,37.84262],[-83.62252,37.84327],[-83.62243,37.84339],[-83.62169,37.84346],[-83.62155,37.84359],[-83.62126,37.84414],[-83.62116,37.845],[-83.62099,37.84507],[-83.61996,37.84459],[-83.62029,37.84422],[-83.62037,37.84383],[-83.62003,37.84341],[-83.6202,37.843],[-83.61967,37.84288],[-83.61955,37.84276],[-83.61979,37.84199],[-83.6189,37.84183],[-83.61883,37.84147],[-83.61844,37.84138],[-83.61827,37.84029],[-83.61785,37.84007],[-83.61757,37.84035],[-83.61738,37.84193],[-83.6174,37.84209],[-83.61768,37.84223],[-83.61766,37.84234],[-83.61704,37.84268],[-83.6165,37.84265],[-83.61598,37.84245],[-83.61616,37.84274],[-83.61602,37.843],[-83.61712,37.84304],[-83.61756,37.84372],[-83.61742,37.8439],[-83.61685,37.8442],[-83.61672,37.84443],[-83.61746,37.84514],[-83.61783,37.84603],[-83.61773,37.84612],[-83.61736,37.84609],[-83.617,37.84653],[-83.61676,37.84584],[-83.61552,37.8447],[-83.61449,37.8442],[-83.61419,37.84423],[-83.6141,37.84456],[-83.61399,37.84456],[-83.61339,37.84408],[-83.61322,37.8437],[-83.61245,37.84333],[-83.61187,37.84284],[-83.61142,37.84277],[-83.6112,37.8423],[-83.60919,37.84153],[-83.60897,37.84154],[-83.60809,37.84241],[-83.60743,37.84334],[-83.60745,37.84372],[-83.60789,37.84411],[-83.6079,37.84467],[-83.60847,37.84515],[-83.60844,37.8453],[-83.60796,37.84535],[-83.60757,37.84524],[-83.60613,37.84453],[-83.60572,37.84451],[-83.60493,37.8459],[-83.60435,37.84642],[-83.60292,37.84699],[-83.6023,37.84684],[-83.60181,37.84693],[-83.60156,37.84717],[-83.60158,37.84738],[-83.60248,37.84838],[-83.60239,37.8491],[-83.60278,37.85002],[-83.60213,37.85064],[-83.60187,37.85072],[-83.60119,37.85059],[-83.60078,37.85065],[-83.59959,37.85144],[-83.59974,37.85216],[-83.59994,37.85236],[-83.60076,37.85265],[-83.60117,37.853],[-83.60171,37.85314],[-83.60195,37.85339],[-83.60239,37.85356],[-83.6035,37.85374],[-83.60379,37.85405],[-83.60253,37.8543],[-83.60178,37.85457],[-83.60133,37.85413],[-83.60096,37.85403],[-83.59947,37.85406],[-83.59927,37.85435],[-83.59851,37.85476],[-83.59654,37.8555],[-83.59624,37.85587],[-83.59549,37.85627],[-83.59394,37.85662],[-83.59503,37.85758],[-83.59645,37.85947],[-83.59633,37.86124],[-83.59643,37.86181],[-83.59679,37.86223],[-83.59749,37.86276],[-83.59775,37.86287],[-83.59873,37.86294],[-83.59916,37.86313],[-83.59979,37.86391],[-83.59983,37.86425],[-83.59958,37.86559],[-83.59977,37.86711],[-83.59946,37.86826],[-83.59907,37.86907],[-83.5986,37.86977],[-83.59802,37.87026],[-83.59803,37.8707],[-83.59869,37.87107],[-83.59836,37.87178],[-83.59645,37.87319],[-83.59567,37.87392],[-83.59578,37.87408],[-83.5968,37.87418],[-83.59688,37.87436],[-83.59486,37.87568],[-83.59453,37.87606],[-83.59449,37.87627],[-83.59476,37.87691],[-83.59475,37.87737],[-83.594,37.8783],[-83.5939,37.87887],[-83.59317,37.88086],[-83.59316,37.88125],[-83.59324,37.8832],[-83.5945,37.88488],[-83.59453,37.88571],[-83.59437,37.88597],[-83.59326,37.88653]]}},{"type":"Feature","properties":{"id":"6b51fcc68451","name":"Sheltowee Trace NRT Section 13","length_mi":5.19,"country":"United States","state":"Kentucky","park":"Daniel Boone National Forest","park_type":"National park or forest","note":"","source":"OpenStreetMap","osm_id":"12041542","osm_ids":[],"created_at":"2025-12-22T16:12:31.888582"},"geometry":{"type":"LineString","coordinates":[[-83.62442,37.82788],[-83.62478,37.82796],[-83.62504,37.82842],[-83.62393,37.82776],[-83.62442,37.82788],[-83.62151,37.80806],[-83.62171,37.80892],[-83.62123,37.80931],[-83.62055,37.80958],[-83.62029,37.8106],[-83.62061,37.8111],[-83.621,37.81135],[-83.62145,37.81203],[-83.62155,37.81248],[-83.62193,37.81294],[-83.62259,37.81427],[-83.62258,37.81512],[-83.6227,37.81532],[-83.62232,37.81645],[-83.62242,37.81675],[-83.62236,37.81701],[-83.62252,37.81723],[-83.62252,37.81774],[-83.62451,37.81932],[-83.6255,37.81992],[-83.62561,37.8201],[-83.62558,37.82028],[-83.62509,37.82054],[-83.62509,37.82062],[-83.626,37.82056],[-83.62584,37.82079],[-83.62597,37.82191],[-83.62574,37.82266],[-83.62567,37.82337],[-83.62531,37.82374],[-83.62446,37.8242],[-83.624,37.82486],[-83.62406,37.8266],[-83.62393,37.82776],[-83.63613,37.81071],[-83.63448,37.81045],[-83.63444,37.81006],[-83.6347,37.80905],[-83.63437,37.80873],[-83.63386,37.80859],[-83.63097,37.80842],[-83.6298,37.8081],[-83.62954,37.80826],[-83.62955,37.8085],[-83.6292,37.80881],[-83.62898,37.80927],[-83.62808,37.80947],[-83.62753,37.80944],[-83.62726,37.80932],[-83.62714,37.80861],[-83.62703,37.8085],[-83.62679,37.80864],[-83.62612,37.80841],[-83.62596,37.80821],[-83.62601,37.80794],[-83.62632,37.80773],[-83.62561,37.80737],[-83.62531,37.80739],[-83.62453,37.80836],[-83.6242,37.80847],[-83.62267,37.80847],[-83.62151,37.80806],[-83.63652,37.81075],[-83.63737,37.8105],[-83.63898,37.81053],[-83.63965,37.81033],[-83.63999,37.80991],[-83.63973,37.80868],[-83.6399,37.80801],[-83.64017,37.80772],[-83.6404,37.80765],[-83.64114,37.8076],[-83.64177,37.80739],[-83.6422,37.8075],[-83.64265,37.8079],[-83.64357,37.80842],[-83.64366,37.80868],[-83.64354,37.80947],[-83.64367,37.80976],[-83.64399,37.81009],[-83.64456,37.81037],[-83.64533,37.81021],[-83.64679,37.80896],[-83.64795,37.8088],[-83.64872,37.80826],[-83.64946,37.80817],[-83.65015,37.80754],[-83.65044,37.80742],[-83.65126,37.80756],[-83.652,37.80753],[-83.65354,37.80793],[-83.65515,37.80775],[-83.65604,37.80726],[-83.65601,37.80635],[-83.65579,37.8059],[-83.65535,37.80543],[-83.65462,37.80512],[-83.65452,37.80422],[-83.65387,37.80377],[-83.65404,37.80333],[-83.65398,37.80296],[-83.65322,37.80227],[-83.65302,37.80105],[-83.65403,37.7999],[-83.65392,37.79807],[-83.65386,37.79855],[-83.65422,37.79958],[-83.65403,37.7999],[-83.65409,37.79742],[-83.65392,37.79807],[-83.65422,37.79713],[-83.65409,37.79742]]}},{"type":"Feature","properties":{"id":"350c11dc4971","name":"Sheltowee Trace NRT Section 14","length_mi":2.11,"country":"United States","state":"Kentucky","park":"Daniel Boone National Forest","park_type":"National park or forest","note":"","source":"OpenStreetMap","osm_id":"12041561","osm_ids":[],"created_at":"2025-12-22T16:12:31.888582"},"geometry":{"type":"LineString","coordinates":[[-83.67584,37.77971],[-83.67435,37.78021],[-83.67367,37.781],[-83.67357,37.7817],[-83.67321,37.78256],[-83.67123,37.78358],[-83.67067,37.78352],[-83.67051,37.78361],[-83.67046,37.78387],[-83.67026,37.78411],[-83.66941,37.78419],[-83.669,37.78457],[-83.66879,37.78462],[-83.66792,37.78436],[-83.66728,37.78463],[-83.66654,37.78447],[-83.66632,37.78489],[-83.66599,37.7852],[-83.66478,37.7856],[-83.66407,37.78601],[-83.66313,37.78579],[-83.66175,37.7859],[-83.66177,37.78607],[-83.6615,37.78594],[-83.6604,37.78594],[-83.66015,37.78612],[-83.66012,37.7864],[-83.65987,37.7869],[-83.6576,37.78757],[-83.6571,37.7886],[-83.65691,37.78993],[-83.65628,37.79085],[-83.65615,37.79138],[-83.65558,37.79221],[-83.65512,37.79263],[-83.65492,37.79325],[-83.65488,37.79367],[-83.65519,37.79411],[-83.65553,37.79523],[-83.65542,37.79584],[-83.65497,37.7966],[-83.65513,37.79695],[-83.65488,37.79696],[-83.65506,37.79726],[-83.65422,37.79713]]}},{"type":"Feature","properties":{"id":"c367749cc661","name":"Sheltowee Trace NRT Section 15","length_mi":7.08,"country":"United States","state":"Kentucky","park":"Daniel Boone National Forest","park_type":"National park or forest","note":"","source":"OpenStreetMap","osm_id":"12041589","osm_ids":[],"created_at":"2025-12-22T16:12:31.888582"},"geometry":{"type":"LineString","coordinates":[[-83.67588,37.77816],[-83.67577,37.77935],[-83.67584,37.77971],[-83.67588,37.77816],[-83.67606,37.77816],[-83.67701,37.77737],[-83.67711,37.77753],[-83.67611,37.7782],[-83.67723,37.77726],[-83.67832,37.77708],[-83.67885,37.7768],[-83.67876,37.77652],[-83.67774,37.7759],[-83.67817,37.77551],[-83.67935,37.7755],[-83.67994,37.77565],[-83.68026,37.77595],[-83.68061,37.77602],[-83.68043,37.77575],[-83.68061,37.77602],[-83.68045,37.77569],[-83.68089,37.77558],[-83.68085,37.77535],[-83.68059,37.77518],[-83.68048,37.77494],[-83.68056,37.7748],[-83.67998,37.77432],[-83.67976,37.7739],[-83.67993,37.77387],[-83.68037,37.77409],[-83.68103,37.77415],[-83.6814,37.77338],[-83.6814,37.77258],[-83.68216,37.77224],[-83.6827,37.77228],[-83.68302,37.77219],[-83.68311,37.77146],[-83.68323,37.77127],[-83.68371,37.77133],[-83.68454,37.77182],[-83.6854,37.77126],[-83.68565,37.77078],[-83.68587,37.76934],[-83.68696,37.76794],[-83.68735,37.76719],[-83.68724,37.76677],[-83.68738,37.76647],[-83.68758,37.76629],[-83.68804,37.76614],[-83.68855,37.76565],[-83.68883,37.76482],[-83.68889,37.76426],[-83.68901,37.76415],[-83.69003,37.76364],[-83.69163,37.76394],[-83.69253,37.7636],[-83.69368,37.76345],[-83.69409,37.76301],[-83.69425,37.76218],[-83.69474,37.76143],[-83.69636,37.76107],[-83.69814,37.76138],[-83.69917,37.76083],[-83.69967,37.76079],[-83.70063,37.76095],[-83.7013,37.76063],[-83.70171,37.76027],[-83.70162,37.75975],[-83.70117,37.75897],[-83.70099,37.75837],[-83.70103,37.75814],[-83.7014,37.75784],[-83.70135,37.75664],[-83.70194,37.75595],[-83.70121,37.75502],[-83.70101,37.75352],[-83.70071,37.75306],[-83.70072,37.75239],[-83.70097,37.75143],[-83.70081,37.75045],[-83.70013,37.75028],[-83.69821,37.75079],[-83.69728,37.75045],[-83.69683,37.74988],[-83.69657,37.74871],[-83.69626,37.74833],[-83.69519,37.74802],[-83.69329,37.74785],[-83.69297,37.74768],[-83.69262,37.74717],[-83.69324,37.7462],[-83.69325,37.74599],[-83.69266,37.74546],[-83.69228,37.74477],[-83.6913,37.74453],[-83.6909,37.74429],[-83.69024,37.74375],[-83.68965,37.74302],[-83.68861,37.74313],[-83.68777,37.74299],[-83.7017,37.72409],[-83.70151,37.72459],[-83.70147,37.72538],[-83.70005,37.72672],[-83.69966,37.7277],[-83.69973,37.72794],[-83.70029,37.72848],[-83.70034,37.72887],[-83.7001,37.72931],[-83.70004,37.72978],[-83.70073,37.73078],[-83.70078,37.73095],[-83.70061,37.73143],[-83.70009,37.73159],[-83.69889,37.73141],[-83.69729,37.73149],[-83.69678,37.73167],[-83.69652,37.73202],[-83.69605,37.73342],[-83.69434,37.73469],[-83.69403,37.73562],[-83.69354,37.73622],[-83.69332,37.73636],[-83.69223,37.73666],[-83.69163,37.73734],[-83.6907,37.73726],[-83.69026,37.73741],[-83.68992,37.73768],[-83.68901,37.73922],[-83.68895,37.74006],[-83.68865,37.7406],[-83.68796,37.74132],[-83.68768,37.74225],[-83.68777,37.74299],[-83.7064,37.71664],[-83.7052,37.71719],[-83.70355,37.71723],[-83.70315,37.71734],[-83.70194,37.7187],[-83.70194,37.71889],[-83.70221,37.71923],[-83.7025,37.71999],[-83.70251,37.72087],[-83.70222,37.7212],[-83.7009,37.72195],[-83.70065,37.72235],[-83.7008,37.72302],[-83.7017,37.72409]]}},{"type":"Feature","properties":{"id":"6bd65c892d1c","name":"Silvermine Arch Trail #225","length_mi":1.22,"country":"United States","state":"Kentucky","park":"Daniel Boone National Forest","park_type":"National park or forest","note":"","source":"OpenStreetMap","osm_id":"12118658","osm_ids":[],"created_at":"2025-12-22T16:12:31.889582"},"geometry":{"type":"LineString","coordinates":[[-83.6363,37.78439],[-83.63596,37.78438],[-83.63544,37.78414],[-83.6348,37.78442],[-83.63403,37.785],[-83.63306,37.78508],[-83.6324,37.78536],[-83.63205,37.78536],[-83.63193,37.78542],[-83.63136,37.78652],[-83.63092,37.78673],[-83.62987,37.78702],[-83.62945,37.78703],[-83.6287,37.78656],[-83.62859,37.78674],[-83.62877,37.78751],[-83.6284,37.7881],[-83.62827,37.78854],[-83.62732,37.78929],[-83.62637,37.7893],[-83.6261,37.78906],[-83.6257,37.78849],[-83.62562,37.78797],[-83.62541,37.7878],[-83.62521,37.78783],[-83.62534,37.78761],[-83.6252,37.78742],[-83.62548,37.78733],[-83.62557,37.78718],[-83.62548,37.78709],[-83.62516,37.78716],[-83.62488,37.78659],[-83.62458,37.78663],[-83.62442,37.78716],[-83.62423,37.78734],[-83.62349,37.78728],[-83.62351,37.78717],[-83.62411,37.78691]]}},{"type":"Feature","properties":{"id":"e9443acb0c8c","name":"Star Gap and Skyview Arch Trail","length_mi":5.6,"country":"United States","state":"Kentucky","park":"Daniel Boone National Forest","park_type":"National park or forest","note":"","source":"user","osm_id":null,"osm_ids":[],"created_at":"2025-11-07T10:24:06.956593"},"geometry":{"type":"LineString","coordinates":[[-83.68263,37.81977],[-83.68322,37.82066],[-83.68438,37.82103],[-83.68431,37.82189],[-83.68444,37.82262],[-83.68466,37.82308],[-83.68439,37.82242],[-83.68429,37.82163],[-83.68442,37.8212],[-83.68433,37.82095],[-83.68473,37.821],[-83.68557,37.82087],[-83.68598,37.8206],[-83.68646,37.81997],[-83.68754,37.81959],[-83.68788,37.81958],[-83.68826,37.81973],[-83.68857,37.82006],[-83.68869,37.82086],[-83.68884,37.82116],[-83.68939,37.82154],[-83.68971,37.82201],[-83.69015,37.8221],[-83.69055,37.82201],[-83.69099,37.82112],[-83.69129,37.82095],[-83.69271,37.82105],[-83.69365,37.82155],[-83.69402,37.82159],[-83.69453,37.8214],[-83.69501,37.82084],[-83.69557,37.82059],[-83.69581,37.82085],[-83.69592,37.82178],[-83.69626,37.822],[-83.69618,37.82274],[-83.69626,37.822],[-83.69592,37.82178],[-83.69581,37.82085],[-83.69557,37.82059],[-83.69609,37.82029],[-83.69681,37.82023],[-83.69836,37.82113],[-83.69845,37.82162],[-83.69859,37.82181],[-83.69955,37.8222],[-83.70052,37.82193],[-83.70171,37.82229],[-83.70258,37.82209],[-83.70351,37.82261],[-83.70371,37.82312],[-83.70355,37.82374],[-83.70367,37.82434],[-83.70336,37.8245],[-83.70304,37.82505],[-83.70336,37.8245],[-83.70367,37.82434],[-83.70485,37.82445],[-83.70535,37.82411],[-83.70542,37.82441],[-83.70518,37.82489],[-83.70538,37.82455],[-83.70537,37.8241],[-83.7057,37.82389],[-83.70592,37.82351],[-83.70688,37.82315],[-83.70866,37.82401],[-83.70954,37.82403],[-83.71,37.82422],[-83.71079,37.82431],[-83.71147,37.82512],[-83.71153,37.82574],[-83.71133,37.82609],[-83.71004,37.82636],[-83.70954,37.82663],[-83.71004,37.82636],[-83.71109,37.82617],[-83.71141,37.82599],[-83.71155,37.82557],[-83.71147,37.82512],[-83.71079,37.82431],[-83.71,37.82422],[-83.70954,37.82403],[-83.70866,37.82401],[-83.70827,37.82375],[-83.7068,37.82315],[-83.70592,37.82351],[-83.7057,37.82389],[-83.70485,37.82445],[-83.70387,37.8244],[-83.70367,37.82434],[-83.70356,37.82396],[-83.70371,37.82312],[-83.70351,37.82261],[-83.70258,37.82209],[-83.70171,37.82229],[-83.70052,37.82193],[-83.69955,37.8222],[-83.69859,37.82181],[-83.69845,37.82162],[-83.69836,37.82113],[-83.69681,37.82023],[-83.69591,37.82036],[-83.69501,37.82084],[-83.69453,37.8214],[-83.69402,37.82159],[-83.69365,37.82155],[-83.69271,37.82105],[-83.69129,37.82095],[-83.69099,37.82112],[-83.69055,37.82201],[-83.69015,37.8221],[-83.68971,37.82201],[-83.68939,37.82154],[-83.68884,37.82116],[-83.68869,37.82086],[-83.68857,37.82006],[-83.68805,37.81962],[-83.68763,37.81957],[-83.6866,37.8199],[-83.68635,37.82006],[-83.68582,37.82075],[-83.68473,37.821],[-83.68328,37.8207],[-83.68297,37.8204],[-83.68263,37.81977]]}},{"type":"Feature","properties":{"id":"7303ea0a2314","name":"Swift Camp Creek Trail #219","length_mi":6.51,"country":"United States","state":"Kentucky","park":"Daniel Boone National Forest","park_type":"National park or forest","note":"","source":"OpenStreetMap","osm_id":"12118716","osm_ids":[],"created_at":"2025-12-22T16:12:31.889582"},"geometry":{"type":"LineString","coordinates":[[-83.55945,37.77021],[-83.55935,37.77027],[-83.5595,37.7707],[-83.5608,37.77219],[-83.56094,37.77269],[-83.56139,37.77271],[-83.56183,37.77256],[-83.56237,37.77288],[-83.5624,37.77339],[-83.56215,37.77363],[-83.56106,37.77403],[-83.56051,37.77412],[-83.56013,37.77435],[-83.56021,37.77467],[-83.56068,37.77493],[-83.56138,37.77496],[-83.56238,37.77463],[-83.56319,37.77407],[-83.56409,37.77315],[-83.56477,37.77276],[-83.56554,37.77254],[-83.566,37.77204],[-83.5665,37.772],[-83.56595,37.77259],[-83.566,37.77349],[-83.56522,37.77451],[-83.5652,37.77525],[-83.56531,37.77553],[-83.56558,37.77572],[-83.56558,37.776],[-83.56494,37.7765],[-83.56456,37.77651],[-83.56416,37.77602],[-83.56379,37.77583],[-83.56353,37.77583],[-83.56331,37.77601],[-83.56325,37.77648],[-83.56343,37.77689],[-83.56418,37.77702],[-83.56495,37.77689],[-83.56642,37.77743],[-83.56719,37.77805],[-83.56726,37.77861],[-83.56718,37.77875],[-83.5668,37.77888],[-83.56405,37.77892],[-83.56346,37.77904],[-83.56333,37.77922],[-83.56346,37.77947],[-83.564,37.77968],[-83.56371,37.77978],[-83.56355,37.78001],[-83.56337,37.78092],[-83.56404,37.78094],[-83.56481,37.78117],[-83.56556,37.78236],[-83.56548,37.78327],[-83.56501,37.78414],[-83.56502,37.78442],[-83.5659,37.7844],[-83.56649,37.78389],[-83.56712,37.78383],[-83.56722,37.78393],[-83.56721,37.78452],[-83.5682,37.78488],[-83.56847,37.78565],[-83.56873,37.78602],[-83.56864,37.78641],[-83.56841,37.78662],[-83.56727,37.78666],[-83.56682,37.78683],[-83.56701,37.78764],[-83.56674,37.78844],[-83.56629,37.78878],[-83.56518,37.78903],[-83.56516,37.78912],[-83.56651,37.78921],[-83.56735,37.78909],[-83.56875,37.78838],[-83.56943,37.78836],[-83.56979,37.78822],[-83.57044,37.78846],[-83.57075,37.78898],[-83.57136,37.78922],[-83.57159,37.78948],[-83.57234,37.78963],[-83.57216,37.78973],[-83.57089,37.78971],[-83.57054,37.78996],[-83.57034,37.7903],[-83.56978,37.79062],[-83.56812,37.79303],[-83.56812,37.79323],[-83.56873,37.79445],[-83.56917,37.79469],[-83.56955,37.79429],[-83.57011,37.79411],[-83.57036,37.7935],[-83.5713,37.79351],[-83.57199,37.79337],[-83.57275,37.79355],[-83.5737,37.79348],[-83.57378,37.79356],[-83.57366,37.79411],[-83.57401,37.79463],[-83.57569,37.7944],[-83.57503,37.79505],[-83.57449,37.79515],[-83.57249,37.79619],[-83.57192,37.79698],[-83.57152,37.79724],[-83.57159,37.79759],[-83.5723,37.79803],[-83.57252,37.7984],[-83.5734,37.79811],[-83.57418,37.79803],[-83.5753,37.79813],[-83.57634,37.79789],[-83.57669,37.79792],[-83.57715,37.79768],[-83.57812,37.7978],[-83.57873,37.79801],[-83.57954,37.79774],[-83.58031,37.79733],[-83.58078,37.79727],[-83.58142,37.79782],[-83.5815,37.79852],[-83.58171,37.79868],[-83.58191,37.79922],[-83.58234,37.79971],[-83.58544,37.80005],[-83.58572,37.80001],[-83.58666,37.79945],[-83.58754,37.79907],[-83.58784,37.79859],[-83.58844,37.79826],[-83.58883,37.79824],[-83.58965,37.79846],[-83.59047,37.79831],[-83.59071,37.79856],[-83.5906,37.79966],[-83.58987,37.80032],[-83.58974,37.80065],[-83.59013,37.80151],[-83.59096,37.80186]]}},{"type":"Feature","properties":{"id":"3f4b30e1fe31","name":"Whittleton Arch Trail #217","length_mi":0.25,"country":"United States","state":"Kentucky","park":"Daniel Boone National Forest","park_type":"National park or forest","note":"","source":"OpenStreetMap","osm_id":"12115286","osm_ids":[],"created_at":"2025-12-22T16:12:31.889582"},"geometry":{"type":"LineString","coordinates":[[-83.66159,37.78363],[-83.66153,37.78357],[-83.66168,37.78315],[-83.66197,37.78263],[-83.66144,37.7853],[-83.66137,37.78484],[-83.66159,37.78363],[-83.6614,37.78539],[-83.66144,37.7853],[-83.66076,37.78592],[-83.66118,37.78545],[-83.6614,37.78539]]}},{"type":"Feature","properties":{"id":"dd117d905a1e","name":"Whittleton Branch Trail #216","length_mi":1.84,"country":"United States","state":"Kentucky","park":"Daniel Boone National Forest","park_type":"National park or forest","note":"","source":"OpenStreetMap","osm_id":"12115288","osm_ids":[],"created_at":"2025-12-22T16:12:31.889582"},"geometry":{"type":"LineString","coordinates":[[-83.66849,37.78456],[-83.66792,37.78436],[-83.66728,37.78463],[-83.66654,37.78447],[-83.66632,37.78489],[-83.66599,37.7852],[-83.66478,37.7856],[-83.66407,37.78601],[-83.66313,37.78579],[-83.66175,37.7859],[-83.66177,37.78607],[-83.6615,37.78594],[-83.6604,37.78594],[-83.66015,37.78612],[-83.66012,37.7864],[-83.65987,37.7869],[-83.6576,37.78757],[-83.6571,37.7886],[-83.65691,37.78993],[-83.65628,37.79085],[-83.65615,37.79138],[-83.65558,37.79221],[-83.65512,37.79263],[-83.65492,37.79325],[-83.65488,37.79367],[-83.65519,37.79411],[-83.65553,37.79523],[-83.65542,37.79584],[-83.65497,37.7966],[-83.65513,37.79695],[-83.65488,37.79696],[-83.65506,37.79726],[-83.65422,37.79713],[-83.6686,37.7846],[-83.66849,37.78456],[-83.67026,37.78411],[-83.66941,37.78419],[-83.669,37.78457],[-83.6686,37.7846],[-83.67037,37.78405],[-83.67026,37.78411],[-83.6716,37.78339],[-83.67123,37.78358],[-83.67067,37.78352],[-83.67051,37.78361],[-83.67037,37.78405],[-83.67309,37.78264],[-83.673,37.78271]]}},{"type":"Feature","properties":{"id":"39fc59bba831","name":"Whittleton Ridge","length_mi":1.12,"country":"United States","state":"Kentucky","park":"Daniel Boone National Forest","park_type":"National park or forest","note":"","source":"OpenStreetMap","osm_id":"12041345","osm_ids":[],"created_at":"2025-12-22T16:12:31.888582"},"geometry":{"type":"LineString","coordinates":[[-83.64861,37.78204],[-83.64932,37.78199],[-83.65007,37.78171],[-83.65121,37.78173],[-83.65176,37.78161],[-83.65224,37.78141],[-83.65346,37.78059],[-83.65411,37.78044],[-83.65439,37.78005],[-83.65476,37.7798],[-83.65531,37.77968],[-83.65562,37.7793],[-83.65601,37.77818],[-83.65595,37.77704],[-83.65612,37.77681],[-83.65641,37.77558],[-83.65624,37.77526],[-83.65651,37.77327],[-83.64851,37.78205],[-83.65651,37.77327],[-83.65594,37.77255],[-83.65587,37.77226],[-83.65616,37.77168],[-83.65611,37.77058],[-83.65628,37.77037],[-83.65627,37.77013]]}},{"type":"Feature","properties":{"id":"5e93a6af8e84","name":"Wildcat Trail #228","length_mi":1.68,"country":"United States","state":"Kentucky","park":"Daniel Boone National Forest","park_type":"National park or forest","note":"","source":"OpenStreetMap","osm_id":"12118717","osm_ids":[],"created_at":"2025-12-22T16:12:31.889582"},"geometry":{"type":"LineString","coordinates":[[-83.57136,37.78922],[-83.57277,37.78927],[-83.57333,37.78918],[-83.57387,37.78929],[-83.57444,37.7891],[-83.57528,37.78917],[-83.5764,37.78899],[-83.57748,37.78869],[-83.57794,37.7882],[-83.57874,37.78785],[-83.57922,37.78783],[-83.5813,37.78817],[-83.58198,37.7879],[-83.58305,37.7884],[-83.58387,37.7891],[-83.58497,37.78886],[-83.58578,37.78911],[-83.58671,37.78963],[-83.5873,37.78981],[-83.58822,37.78941],[-83.58995,37.79025],[-83.59055,37.7902],[-83.59164,37.78966],[-83.59228,37.78991],[-83.59306,37.78999],[-83.59322,37.78992],[-83.59327,37.78967],[-83.59375,37.78966],[-83.59437,37.79001],[-83.59515,37.79024],[-83.59548,37.79078],[-83.59571,37.7909],[-83.5959,37.7905],[-83.59652,37.7901],[-83.59663,37.79039],[-83.59642,37.79079],[-83.59647,37.79102]]}},{"type":"Feature","properties":{"id":"a3da4ad3e842","name":"Appalachian Trail","length_mi":380.2,"country":"United States","state":"North Carolina","park":"Pisgah National Forest","park_type":"National park or forest","note":"","source":"OpenStreetMap","osm_id":"18319351","osm_ids":[],"created_at":"2025-12-22T16:12:31.921589"},"geometry":{"type":"LineString","coordinates":[[-83.59984,34.99218],[-83.60031,34.99259],[-83.6002,34.99314],[-83.59976,34.99374],[-83.6,34.99416],[-83.59965,34.99435],[-83.59787,34.99404],[-83.59724,34.99445],[-83.5962,34.99485],[-83.59614,34.99497],[-83.59578,34.99493],[-83.59575,34.99516],[-83.59546,34.99523],[-83.59536,34.9954],[-83.59486,34.99541],[-83.59447,34.9957],[-83.59433,34.99562],[-83.59366,34.99613],[-83.59314,34.9963],[-83.59257,34.99727],[-83.59199,34.99768],[-83.59171,34.99807],[-83.59099,34.99842],[-83.59041,34.99927],[-83.58886,35.00032],[-83.58767,35.0003],[-83.58774,35.00043],[-83.58767,35.0005],[-83.58746,35.00053],[-83.58722,35.00072],[-83.58699,35.00133],[-83.58658,35.00149],[-83.58682,35.00167],[-83.58601,35.00188],[-83.58628,35.00201],[-83.58566,35.00223],[-83.5854,35.00251],[-83.58455,35.00262],[-83.58429,35.00276],[-83.58414,35.0034],[-83.58456,35.00399],[-83.58466,35.00458],[-83.5844,35.00537],[-83.58446,35.00621],[-83.58423,35.00695],[-83.58398,35.00674],[-83.58384,35.00746],[-83.58262,35.0081],[-83.58267,35.00854],[-83.58248,35.00923],[-83.58277,35.01018],[-83.5826,35.01044],[-83.58254,35.01089],[-83.5826,35.01115],[-83.58311,35.01185],[-83.5829,35.01277],[-83.58277,35.01289],[-83.58112,35.01302],[-83.58074,35.01318],[-83.58041,35.0136],[-83.58056,35.01438],[-83.5808,35.01497],[-83.58132,35.01524],[-83.58158,35.01613],[-83.58153,35.01653],[-83.58115,35.01696],[-83.58073,35.01716],[-83.58163,35.01781],[-83.58173,35.01842],[-83.58181,35.02029],[-83.58161,35.0212],[-83.58132,35.0217],[-83.58069,35.02225],[-83.57917,35.02313],[-83.57832,35.02468],[-83.57709,35.02512],[-83.57652,35.02572],[-83.57441,35.02622],[-83.57314,35.02626],[-83.57175,35.02672],[-83.57131,35.0273],[-83.57122,35.02789],[-83.57139,35.02872],[-83.57184,35.02927],[-83.57196,35.02961],[-83.5719,35.02973],[-83.56978,35.03025],[-83.5691,35.03078],[-83.56777,35.03103],[-83.56658,35.03163],[-83.56578,35.03253],[-83.56496,35.03304],[-83.56413,35.03395],[-83.56277,35.03621],[-83.56208,35.03681],[-83.56156,35.03702],[-83.56155,35.03784],[-83.56144,35.0383],[-83.56158,35.03951],[-83.56136,35.03996],[-83.56216,35.04079],[-83.56239,35.04161],[-83.56279,35.04219],[-83.56267,35.04243],[-83.56264,35.04391],[-83.56294,35.04436],[-83.5636,35.04497],[-83.56382,35.04549],[-83.56452,35.046],[-83.56525,35.04614],[-83.56519,35.0463],[-83.56506,35.04622],[-83.565,35.04637],[-83.56482,35.04632],[-83.56458,35.04714],[-83.56462,35.04755],[-83.56448,35.0481],[-83.56433,35.04847],[-83.56388,35.049],[-83.56294,35.04901],[-83.5614,35.04852],[-83.56114,35.04724],[-83.56079,35.04694],[-83.55957,35.04692],[-83.55964,35.04604],[-83.55939,35.04534],[-83.55869,35.04495],[-83.55903,35.04418],[-83.55797,35.04249],[-83.55762,35.0421],[-83.5571,35.04184],[-83.55666,35.04107],[-83.55495,35.04053],[-83.55456,35.04024],[-83.55442,35.03995],[-83.55389,35.03982],[-83.55319,35.03945],[-83.55103,35.03989],[-83.55056,35.04052],[-83.5504,35.04156],[-83.55079,35.04285],[-83.55075,35.04324],[-83.55059,35.04342],[-83.54997,35.04299],[-83.54962,35.04302],[-83.54941,35.04318],[-83.54892,35.04377],[-83.54859,35.04495],[-83.54825,35.04525],[-83.54806,35.04461],[-83.5481,35.04431],[-83.5478,35.04274],[-83.54746,35.04215],[-83.54755,35.04184],[-83.54793,35.04144],[-83.54818,35.04081],[-83.54821,35.0404],[-83.54772,35.03966],[-83.54752,35.03912],[-83.54626,35.03938],[-83.54608,35.0397],[-83.546,35.04018],[-83.5458,35.0404],[-83.54402,35.04056],[-83.54306,35.04085],[-83.54304,35.04076],[-83.5434,35.04047],[-83.54403,35.0401],[-83.54466,35.03944],[-83.54476,35.0392],[-83.54479,35.03889],[-83.54458,35.03811],[-83.54408,35.03727],[-83.54408,35.038],[-83.54396,35.03843],[-83.54355,35.03888],[-83.543,35.03917],[-83.54291,35.03915],[-83.54295,35.03904],[-83.54328,35.03845],[-83.54278,35.03864],[-83.54296,35.0381],[-83.54288,35.0378],[-83.54256,35.03805],[-83.54235,35.03764],[-83.54211,35.0377],[-83.5419,35.03752],[-83.54186,35.03732],[-83.5409,35.03672],[-83.539,35.03632],[-83.53717,35.03639],[-83.53699,35.03612],[-83.53683,35.03499],[-83.53648,35.03413],[-83.53637,35.03325],[-83.53644,35.03236],[-83.53632,35.03184],[-83.53544,35.03104],[-83.53437,35.02969],[-83.53371,35.02932],[-83.53286,35.02845],[-83.53151,35.02649],[-83.53043,35.02553],[-83.52867,35.0244],[-83.52743,35.02325],[-83.52641,35.02207],[-83.52566,35.02146],[-83.52467,35.02087],[-83.52421,35.0203],[-83.52385,35.02005],[-83.52311,35.01967],[-83.52228,35.01953],[-83.52082,35.01898],[-83.51963,35.01841],[-83.51944,35.01816],[-83.51943,35.01766],[-83.51988,35.01727],[-83.52045,35.0164],[-83.52149,35.0159],[-83.52186,35.01598],[-83.52166,35.01535],[-83.52177,35.01532],[-83.52219,35.0156],[-83.52243,35.0149],[-83.52242,35.01385],[-83.52288,35.01321],[-83.52235,35.01268],[-83.52185,35.01254],[-83.52163,35.01262],[-83.52137,35.01309],[-83.52134,35.01254],[-83.52096,35.01186],[-83.52101,35.01154],[-83.52136,35.0114],[-83.52222,35.01169],[-83.52254,35.01125],[-83.5227,35.01069],[-83.52292,35.01047],[-83.52351,35.01038],[-83.52412,35.01075],[-83.52438,35.01072],[-83.52453,35.01066],[-83.52461,35.01039],[-83.5248,35.01025],[-83.52571,35.01008],[-83.5258,35.00998],[-83.52584,35.00916],[-83.52572,35.00851],[-83.52549,35.00811],[-83.52545,35.00778],[-83.52524,35.00757],[-83.5241,35.00712],[-83.52316,35.00647],[-83.52275,35.00678],[-83.52224,35.00657],[-83.52209,35.00692],[-83.52194,35.00701],[-83.5216,35.00698],[-83.52136,35.00716],[-83.52093,35.00705],[-83.52037,35.00717],[-83.51989,35.00709],[-83.51969,35.00693],[-83.51956,35.00578],[-83.51927,35.00567],[-83.51902,35.00531],[-83.51883,35.00561],[-83.51876,35.00626],[-83.51831,35.00681],[-83.51779,35.00723],[-83.51694,35.00747],[-83.51684,35.00735],[-83.51691,35.00704],[-83.51664,35.00688],[-83.51652,35.00664],[-83.51651,35.00625],[-83.51604,35.00585],[-83.51594,35.00523],[-83.51523,35.00568],[-83.51501,35.00633],[-83.51478,35.00663],[-83.51452,35.00671],[-83.51405,35.00649],[-83.51341,35.0076],[-83.51271,35.00726],[-83.51241,35.00696],[-83.51195,35.0074],[-83.51134,35.00676],[-83.51105,35.0067],[-83.51091,35.00612],[-83.51106,35.00577],[-83.5107,35.00564],[-83.51038,35.0053],[-83.50923,35.00534],[-83.50881,35.00525],[-83.50886,35.00498],[-83.50917,35.00491],[-83.50918,35.0045],[-83.50817,35.00311],[-83.50741,35.00228],[-83.50581,35.00143],[-83.50518,35.00088],[-83.50442,35.00073],[-83.50431,35.0008],[-83.50427,35.00122],[-83.50402,35.00145],[-83.50298,35.00179],[-83.50213,35.00346],[-83.50135,35.00383],[-83.50084,35.00366],[-83.50041,35.00313],[-83.49939,35.00311],[-83.4991,35.00279],[-83.49852,35.00258],[-83.49829,35.00232],[-83.49823,35.00175],[-83.49799,35.00131],[-83.49771,35.00112],[-83.4971,35.0009],[-83.49593,35.00008],[-83.49545,35.0],[-83.49381,34.99925],[-83.49291,34.99963],[-83.49262,35.00002],[-83.49229,35.00013],[-83.492,35.00049],[-83.49137,35.00067],[-83.49073,35.00127],[-83.49047,35.0017],[-83.48919,35.00192],[-83.48849,35.00129],[-83.48839,35.0013],[-83.48742,35.00226],[-83.48736,35.00239],[-83.4875,35.00267],[-83.48795,35.00288],[-83.48802,35.00302],[-83.48802,35.00353],[-83.48746,35.00407],[-83.4874,35.00434],[-83.48736,35.00462],[-83.48764,35.0051],[-83.48761,35.00543],[-83.48747,35.00589],[-83.48708,35.00638],[-83.4867,35.00717],[-83.48622,35.00755],[-83.48591,35.00743],[-83.48518,35.00661],[-83.48452,35.00559],[-83.48413,35.00444],[-83.48371,35.00392],[-83.48301,35.0035],[-83.48235,35.00328],[-83.48191,35.00361],[-83.48122,35.00631],[-83.48125,35.00768],[-83.48115,35.00782],[-83.48108,35.00861],[-83.48034,35.01051],[-83.4802,35.01148],[-83.4798,35.01226],[-83.48009,35.01284],[-83.48023,35.0138],[-83.47934,35.01598],[-83.47837,35.01741],[-83.47787,35.01785],[-83.4778,35.01867],[-83.47766,35.01899],[-83.47772,35.01988],[-83.47731,35.02049],[-83.478,35.02174],[-83.47847,35.02194],[-83.47896,35.02256],[-83.47898,35.02291],[-83.47864,35.02383],[-83.4788,35.02408],[-83.4808,35.02465],[-83.48202,35.02418],[-83.48223,35.02414],[-83.48228,35.02426],[-83.48172,35.02476],[-83.48146,35.02552],[-83.48127,35.02574],[-83.48013,35.02563],[-83.47927,35.02582],[-83.47907,35.02614],[-83.47909,35.02652],[-83.47851,35.02703],[-83.47843,35.02726],[-83.47853,35.02748],[-83.4795,35.02807],[-83.47867,35.02833],[-83.47754,35.02832],[-83.47705,35.02849],[-83.47693,35.02869],[-83.47719,35.02916],[-83.47659,35.02954],[-83.47654,35.02994],[-83.47637,35.03023],[-83.47566,35.0304],[-83.47545,35.0316],[-83.47495,35.03221],[-83.47421,35.0328],[-83.47385,35.03291],[-83.47248,35.03256],[-83.47228,35.03265],[-83.47092,35.03388],[-83.47048,35.03466],[-83.47016,35.03501],[-83.47009,35.03546],[-83.47033,35.03563],[-83.47057,35.03602],[-83.47084,35.03614],[-83.47124,35.03656],[-83.47121,35.03817],[-83.47166,35.03897],[-83.4718,35.04024],[-83.47189,35.04033],[-83.47177,35.04053],[-83.47186,35.04103],[-83.4716,35.04163],[-83.47066,35.04264],[-83.47018,35.04353],[-83.47017,35.04389],[-83.47079,35.04468],[-83.47112,35.04537],[-83.47116,35.04571],[-83.47101,35.04644],[-83.47136,35.04681],[-83.47153,35.04685],[-83.47196,35.04738],[-83.47196,35.0478],[-83.47234,35.0475],[-83.47271,35.04746],[-83.47262,35.0478],[-83.47271,35.04841],[-83.47253,35.0487],[-83.47253,35.04899],[-83.47265,35.04928],[-83.47352,35.05032],[-83.47441,35.05061],[-83.47532,35.05054],[-83.47615,35.0508],[-83.47656,35.05113],[-83.47657,35.05127],[-83.47736,35.05218],[-83.47762,35.05276],[-83.47747,35.05319],[-83.4775,35.05421],[-83.47711,35.05495],[-83.47727,35.05547],[-83.47805,35.05584],[-83.47843,35.05584],[-83.47908,35.05617],[-83.47953,35.05668],[-83.47962,35.05713],[-83.47966,35.05751],[-83.47949,35.05783],[-83.47923,35.05808],[-83.47817,35.05862],[-83.47803,35.05882],[-83.4784,35.05965],[-83.47879,35.06004],[-83.47972,35.06032],[-83.47983,35.06052],[-83.48042,35.06091],[-83.4812,35.06121],[-83.48146,35.06189],[-83.48167,35.06205],[-83.48221,35.06194],[-83.4826,35.06134],[-83.48311,35.06112],[-83.48386,35.06099],[-83.48421,35.0611],[-83.4845,35.06151],[-83.48506,35.06162],[-83.4855,35.06149],[-83.48588,35.06156],[-83.48604,35.06172],[-83.48586,35.06264],[-83.48636,35.06308],[-83.487,35.06315],[-83.48758,35.06364],[-83.48764,35.06457],[-83.48787,35.06545],[-83.4877,35.0661],[-83.48803,35.06654],[-83.49009,35.06617],[-83.49071,35.06665],[-83.49125,35.06681],[-83.49166,35.06708],[-83.49227,35.06689],[-83.49291,35.06683],[-83.49308,35.06694],[-83.49396,35.06697],[-83.49506,35.06635],[-83.49566,35.06644],[-83.49674,35.06768],[-83.49704,35.06792],[-83.49758,35.06798],[-83.49737,35.06822],[-83.49608,35.06818],[-83.49674,35.06868],[-83.49682,35.06896],[-83.49714,35.06939],[-83.49681,35.0694],[-83.49679,35.06964],[-83.49702,35.06991],[-83.49687,35.06996],[-83.49679,35.07032],[-83.49648,35.0706],[-83.49671,35.07065],[-83.49703,35.07098],[-83.497,35.07115],[-83.49666,35.07143],[-83.49649,35.07178],[-83.49752,35.07221],[-83.49803,35.07259],[-83.49808,35.07276],[-83.49765,35.07341],[-83.49797,35.07396],[-83.49823,35.07397],[-83.49877,35.07443],[-83.49938,35.07437],[-83.49967,35.07452],[-83.50011,35.0744],[-83.50034,35.07456],[-83.50064,35.07488],[-83.50086,35.07542],[-83.50164,35.0759],[-83.50159,35.07628],[-83.50193,35.07685],[-83.50297,35.07774],[-83.50387,35.07827],[-83.50518,35.07845],[-83.50556,35.07788],[-83.50583,35.07781],[-83.506,35.07796],[-83.50593,35.07818],[-83.506,35.07833],[-83.50664,35.0787],[-83.50707,35.07942],[-83.50819,35.07947],[-83.50752,35.07979],[-83.50845,35.07971],[-83.50867,35.07945],[-83.51022,35.07943],[-83.51061,35.08018],[-83.51072,35.08024],[-83.51115,35.0801],[-83.51156,35.08024],[-83.51192,35.08059],[-83.51197,35.08092],[-83.51155,35.08132],[-83.51088,35.08147],[-83.51113,35.08172],[-83.51129,35.08245],[-83.51211,35.08254],[-83.51271,35.08223],[-83.5132,35.08255],[-83.51405,35.08266],[-83.51441,35.08286],[-83.51566,35.08281],[-83.51584,35.08291],[-83.51595,35.08344],[-83.51628,35.08364],[-83.51641,35.08396],[-83.51572,35.08473],[-83.5164,35.08498],[-83.51628,35.08526],[-83.51603,35.08541],[-83.51602,35.08576],[-83.51625,35.08607],[-83.51675,35.08616],[-83.5169,35.0863],[-83.51698,35.08654],[-83.5172,35.08671],[-83.51729,35.0872],[-83.51801,35.08715],[-83.5185,35.08727],[-83.51856,35.08748],[-83.51882,35.08758],[-83.51973,35.08755],[-83.5201,35.0874],[-83.52021,35.08743],[-83.51999,35.08782],[-83.52038,35.08802],[-83.52082,35.08804],[-83.52121,35.0882],[-83.52074,35.08773],[-83.52075,35.08761],[-83.52104,35.08736],[-83.52144,35.08713],[-83.52123,35.08756],[-83.52144,35.08765],[-83.52216,35.08759],[-83.52204,35.0883],[-83.52324,35.08926],[-83.52359,35.09003],[-83.52334,35.09061],[-83.52286,35.09074],[-83.52262,35.09144],[-83.52256,35.092],[-83.52298,35.09299],[-83.52252,35.09378],[-83.52249,35.09409],[-83.52233,35.09419],[-83.52144,35.09567],[-83.52137,35.09606],[-83.52154,35.09633],[-83.5216,35.09672],[-83.5221,35.09712],[-83.52247,35.09719],[-83.52287,35.09751],[-83.52308,35.09743],[-83.52333,35.09754],[-83.52373,35.09746],[-83.52408,35.09753],[-83.52419,35.09738],[-83.52536,35.09707],[-83.52576,35.09729],[-83.52624,35.09727],[-83.52674,35.09807],[-83.52721,35.0983],[-83.52779,35.09917],[-83.52788,35.09947],[-83.52795,35.09941],[-83.528,35.09967],[-83.52851,35.09985],[-83.53046,35.10135],[-83.52888,35.10101],[-83.52857,35.10112],[-83.52984,35.10209],[-83.53081,35.10264],[-83.53089,35.10298],[-83.53124,35.10339],[-83.53137,35.10377],[-83.53246,35.1041],[-83.53402,35.10392],[-83.53411,35.10415],[-83.53398,35.1048],[-83.53416,35.10518],[-83.53408,35.10571],[-83.5344,35.10648],[-83.5344,35.10704],[-83.53484,35.10724],[-83.53549,35.10729],[-83.53616,35.10796],[-83.53616,35.10848],[-83.53581,35.10892],[-83.53565,35.10939],[-83.53636,35.11043],[-83.53683,35.11084],[-83.53751,35.1112],[-83.53905,35.11172],[-83.53953,35.11227],[-83.5409,35.11225],[-83.54133,35.11237],[-83.5423,35.11215],[-83.54343,35.11246],[-83.54339,35.11258],[-83.54366,35.1125],[-83.54374,35.11298],[-83.5441,35.11386],[-83.54464,35.11417],[-83.54509,35.11413],[-83.54593,35.11491],[-83.54696,35.11527],[-83.54709,35.11547],[-83.54629,35.11592],[-83.54615,35.11635],[-83.54543,35.11651],[-83.54488,35.11649],[-83.54482,35.1166],[-83.54534,35.11671],[-83.54578,35.11697],[-83.54608,35.11698],[-83.54636,35.11722],[-83.54633,35.11738],[-83.5459,35.11763],[-83.54569,35.11794],[-83.54607,35.11871],[-83.54602,35.11902],[-83.54576,35.11938],[-83.54627,35.11922],[-83.54705,35.11853],[-83.54712,35.11839],[-83.54696,35.11823],[-83.54704,35.11812],[-83.54763,35.11835],[-83.54771,35.11853],[-83.54757,35.11937],[-83.54833,35.1196],[-83.54826,35.11942],[-83.54792,35.11917],[-83.54757,35.11937],[-83.54833,35.1196],[-83.54716,35.1204],[-83.54745,35.12123],[-83.5477,35.12153],[-83.54706,35.12161],[-83.54721,35.12162],[-83.5478,35.12212],[-83.54791,35.12256],[-83.54822,35.12291],[-83.54845,35.12282],[-83.54852,35.12245],[-83.54842,35.12222],[-83.54905,35.12171],[-83.54975,35.12172],[-83.55096,35.12126],[-83.55195,35.12128],[-83.55242,35.12096],[-83.55265,35.12094],[-83.55313,35.12138],[-83.55344,35.1214],[-83.5541,35.12132],[-83.55479,35.12098],[-83.55524,35.12131],[-83.55495,35.12209],[-83.55542,35.12209],[-83.55661,35.12256],[-83.55687,35.12255],[-83.55702,35.12227],[-83.55757,35.12213],[-83.55757,35.12144],[-83.5578,35.12125],[-83.5579,35.1209],[-83.55809,35.12086],[-83.55822,35.12253],[-83.5581,35.12298],[-83.55828,35.12318],[-83.55854,35.12324],[-83.55851,35.12332],[-83.55943,35.12412],[-83.55957,35.12436],[-83.55903,35.12417],[-83.55865,35.12417],[-83.55811,35.12424],[-83.55769,35.1245],[-83.55753,35.12482],[-83.55776,35.12556],[-83.55757,35.12679],[-83.55747,35.12693],[-83.55661,35.12718],[-83.55587,35.12767],[-83.55559,35.12908],[-83.55522,35.12949],[-83.55477,35.12975],[-83.55436,35.13031],[-83.55415,35.13168],[-83.55385,35.13213],[-83.5542,35.13263],[-83.55429,35.13334],[-83.55452,35.13367],[-83.55495,35.13399],[-83.55498,35.13529],[-83.55517,35.13549],[-83.55697,35.13505],[-83.55812,35.13517],[-83.5583,35.13543],[-83.55849,35.13627],[-83.55868,35.1364],[-83.55923,35.13647],[-83.55921,35.13694],[-83.55886,35.13743],[-83.55888,35.13772],[-83.55941,35.13807],[-83.55962,35.13853],[-83.56041,35.13944],[-83.56061,35.13939],[-83.5609,35.13908],[-83.56278,35.13845],[-83.56318,35.13855],[-83.56357,35.13882],[-83.56412,35.13856],[-83.56466,35.13878],[-83.56507,35.13879],[-83.56574,35.13938],[-83.56606,35.13988],[-83.56722,35.14015],[-83.56786,35.14068],[-83.56838,35.14087],[-83.56962,35.14072],[-83.57111,35.14012],[-83.57096,35.14045],[-83.57012,35.14128],[-83.57025,35.14149],[-83.57063,35.14173],[-83.57111,35.1418],[-83.57324,35.14136],[-83.57455,35.14131],[-83.57498,35.14139],[-83.57584,35.14214],[-83.57623,35.14211],[-83.57638,35.14219],[-83.57751,35.1433],[-83.5781,35.14403],[-83.57925,35.14462],[-83.57985,35.14516],[-83.58066,35.14555],[-83.58138,35.14575],[-83.58192,35.14615],[-83.58411,35.14641],[-83.58488,35.14662],[-83.58561,35.14659],[-83.58669,35.14684],[-83.58705,35.14677],[-83.58721,35.14693],[-83.58717,35.14707],[-83.58695,35.14717],[-83.58626,35.14717],[-83.58559,35.14751],[-83.58484,35.14752],[-83.58251,35.14813],[-83.58231,35.14842],[-83.58257,35.14858],[-83.58264,35.14884],[-83.58165,35.14957],[-83.58161,35.14975],[-83.58185,35.15006],[-83.58178,35.15022],[-83.58102,35.15089],[-83.5804,35.15074],[-83.5802,35.15083],[-83.58045,35.15203],[-83.58038,35.15244],[-83.58003,35.15315],[-83.58036,35.15353],[-83.58017,35.15377],[-83.58034,35.1542],[-83.58087,35.15441],[-83.58075,35.15457],[-83.57977,35.15505],[-83.57964,35.15538],[-83.57979,35.15553],[-83.57977,35.15571],[-83.57894,35.15581],[-83.57874,35.156],[-83.57839,35.15608],[-83.57801,35.15643],[-83.57784,35.15719],[-83.5777,35.15733],[-83.57726,35.15857],[-83.577,35.15985],[-83.57703,35.16056],[-83.57717,35.16067],[-83.57725,35.161],[-83.57798,35.1616],[-83.57832,35.16218],[-83.57871,35.16343],[-83.57849,35.1638],[-83.57871,35.16413],[-83.57885,35.16496],[-83.57924,35.16505],[-83.58012,35.165],[-83.58064,35.16518],[-83.58137,35.16513],[-83.58173,35.16526],[-83.58195,35.16509],[-83.58235,35.165],[-83.58374,35.16483],[-83.58411,35.16462],[-83.5845,35.16471],[-83.58474,35.16519],[-83.58453,35.16622],[-83.5846,35.16691],[-83.58421,35.16772],[-83.58336,35.16831],[-83.58243,35.16865],[-83.58261,35.1693],[-83.58245,35.17015],[-83.58265,35.17045],[-83.58314,35.1706],[-83.58318,35.17075],[-83.58496,35.17056],[-83.58568,35.17072],[-83.58463,35.17155],[-83.58428,35.17247],[-83.58448,35.17299],[-83.58452,35.17349],[-83.58412,35.17386],[-83.58337,35.17385],[-83.58326,35.17412],[-83.58321,35.17493],[-83.58296,35.17529],[-83.58288,35.17586],[-83.58267,35.1763],[-83.58223,35.1767],[-83.5816,35.17683],[-83.58065,35.17665],[-83.58055,35.17651],[-83.58064,35.17553],[-83.58053,35.1748],[-83.58029,35.1745],[-83.5799,35.17432],[-83.5789,35.17427],[-83.57735,35.17468],[-83.57676,35.17473],[-83.57624,35.17452],[-83.57601,35.17416],[-83.57499,35.1741],[-83.57376,35.17469],[-83.57334,35.17569],[-83.57284,35.17617],[-83.57191,35.17671],[-83.57131,35.17678],[-83.57096,35.1763],[-83.57068,35.17614],[-83.57036,35.17621],[-83.57014,35.1761],[-83.56944,35.17615],[-83.56858,35.17652],[-83.5679,35.17661],[-83.56673,35.17747],[-83.5656,35.1776],[-83.56512,35.17777],[-83.564,35.17857],[-83.56233,35.179],[-83.56211,35.17895],[-83.56109,35.17983],[-83.56095,35.18016],[-83.56063,35.18026],[-83.56061,35.18056],[-83.56118,35.18076],[-83.56116,35.18123],[-83.5613,35.18153],[-83.56192,35.18165],[-83.56253,35.18128],[-83.5628,35.18134],[-83.56318,35.182],[-83.56349,35.18283],[-83.56338,35.18313],[-83.56215,35.18352],[-83.561,35.18452],[-83.56121,35.18466],[-83.56207,35.18457],[-83.5622,35.18466],[-83.56213,35.1849],[-83.56218,35.186],[-83.56206,35.18673],[-83.56166,35.18749],[-83.563,35.18749],[-83.56368,35.18801],[-83.5642,35.18813],[-83.56412,35.18912],[-83.56438,35.19108],[-83.56428,35.19144],[-83.5636,35.19253],[-83.56355,35.19278],[-83.56376,35.19339],[-83.56349,35.19376],[-83.56212,35.19447],[-83.56206,35.19487],[-83.5623,35.19587],[-83.56214,35.19697],[-83.56222,35.19726],[-83.56293,35.19829],[-83.56366,35.19883],[-83.56661,35.19878],[-83.56739,35.1992],[-83.56744,35.19996],[-83.56778,35.20083],[-83.56711,35.20189],[-83.5673,35.20227],[-83.56785,35.20279],[-83.56789,35.20303],[-83.56755,35.20367],[-83.56707,35.20405],[-83.56761,35.20396],[-83.56841,35.20403],[-83.56791,35.20431],[-83.56768,35.20466],[-83.56757,35.20518],[-83.56831,35.20633],[-83.56825,35.20693],[-83.56789,35.20649],[-83.56778,35.20668],[-83.56786,35.2073],[-83.56813,35.20806],[-83.56838,35.20843],[-83.56821,35.20934],[-83.56822,35.21016],[-83.56802,35.21033],[-83.56674,35.2103],[-83.56627,35.21044],[-83.56618,35.2106],[-83.56633,35.21127],[-83.5662,35.21165],[-83.56526,35.21216],[-83.5646,35.21308],[-83.56411,35.21307],[-83.56396,35.21318],[-83.5637,35.21357],[-83.56364,35.21423],[-83.56318,35.21471],[-83.56327,35.21528],[-83.56313,35.21573],[-83.56359,35.21626],[-83.56406,35.21642],[-83.56474,35.21695],[-83.56485,35.21716],[-83.56472,35.21747],[-83.56477,35.21783],[-83.56663,35.21863],[-83.56716,35.21894],[-83.56738,35.2192],[-83.56659,35.21885],[-83.5654,35.21896],[-83.56518,35.21866],[-83.5646,35.21872],[-83.56394,35.21834],[-83.56276,35.21838],[-83.56256,35.21885],[-83.56254,35.21941],[-83.5628,35.21981],[-83.56276,35.21993],[-83.56191,35.2202],[-83.56239,35.22115],[-83.56232,35.22204],[-83.5622,35.22218],[-83.56241,35.22273],[-83.56303,35.22327],[-83.56406,35.22371],[-83.56514,35.22435],[-83.56572,35.22553],[-83.56569,35.22596],[-83.56553,35.22628],[-83.56566,35.22656],[-83.56635,35.22703],[-83.56691,35.2276],[-83.56749,35.22831],[-83.56749,35.22859],[-83.56759,35.22871],[-83.56869,35.22895],[-83.56869,35.22904],[-83.56758,35.22985],[-83.56713,35.23001],[-83.5651,35.23024],[-83.56319,35.23027],[-83.56215,35.23053],[-83.5612,35.23093],[-83.55991,35.23115],[-83.55943,35.23144],[-83.55883,35.23212],[-83.55794,35.23328],[-83.55786,35.23367],[-83.55843,35.23414],[-83.55985,35.23458],[-83.56016,35.23502],[-83.55999,35.23546],[-83.56014,35.23567],[-83.56111,35.2362],[-83.56158,35.23627],[-83.56147,35.23644],[-83.56049,35.23687],[-83.56011,35.23753],[-83.55945,35.23792],[-83.55965,35.23983],[-83.55901,35.24038],[-83.55914,35.24126],[-83.55903,35.24162],[-83.5592,35.24208],[-83.55962,35.24246],[-83.56075,35.24268],[-83.56024,35.2434],[-83.56044,35.24367],[-83.56043,35.24431],[-83.56108,35.24484],[-83.56127,35.24529],[-83.56177,35.24593],[-83.56227,35.24616],[-83.56336,35.24634],[-83.56381,35.24624],[-83.5639,35.24633],[-83.5642,35.2468],[-83.56409,35.24752],[-83.5643,35.24888],[-83.56473,35.24961],[-83.56537,35.25015],[-83.56619,35.25052],[-83.56796,35.25057],[-83.56858,35.25087],[-83.56869,35.25146],[-83.56891,35.25193],[-83.56879,35.25212],[-83.56907,35.25219],[-83.56827,35.25262],[-83.56814,35.25282],[-83.56819,35.25318],[-83.56858,35.25366],[-83.56811,35.25449],[-83.56832,35.25538],[-83.56825,35.25572],[-83.56833,35.25637],[-83.5689,35.25743],[-83.56788,35.25913],[-83.56815,35.25913],[-83.56823,35.25958],[-83.56921,35.2603],[-83.56966,35.26054],[-83.57041,35.26076],[-83.57048,35.26087],[-83.57052,35.26122],[-83.57003,35.26163],[-83.56969,35.2616],[-83.56944,35.26175],[-83.56927,35.262],[-83.56945,35.26274],[-83.56984,35.26321],[-83.57089,35.26366],[-83.57053,35.264],[-83.5704,35.26426],[-83.57053,35.26473],[-83.57118,35.26569],[-83.57123,35.26713],[-83.57214,35.26644],[-83.572,35.26673],[-83.57238,35.26716],[-83.57225,35.26804],[-83.57235,35.26821],[-83.57332,35.26828],[-83.57363,35.2685],[-83.57374,35.26879],[-83.57355,35.26939],[-83.57359,35.26957],[-83.57456,35.26945],[-83.57466,35.26965],[-83.57445,35.27048],[-83.57449,35.27067],[-83.57523,35.27092],[-83.57533,35.27115],[-83.57529,35.27164],[-83.57549,35.27182],[-83.57639,35.27174],[-83.57708,35.27096],[-83.57734,35.27048],[-83.57759,35.27041],[-83.57818,35.27061],[-83.5781,35.27088],[-83.57772,35.27122],[-83.57713,35.27146],[-83.57691,35.27235],[-83.57722,35.27278],[-83.57706,35.27363],[-83.57737,35.2742],[-83.57749,35.27426],[-83.57844,35.27401],[-83.57853,35.27408],[-83.5775,35.27467],[-83.57711,35.27545],[-83.57709,35.276],[-83.57781,35.27634],[-83.57787,35.2767],[-83.57763,35.27648],[-83.57692,35.27651],[-83.57748,35.27677],[-83.57765,35.27739],[-83.57808,35.27766],[-83.57893,35.27856],[-83.57957,35.27888],[-83.57908,35.27899],[-83.57903,35.27939],[-83.57937,35.27928],[-83.58023,35.27932],[-83.5798,35.2796],[-83.58013,35.28002],[-83.58029,35.27977],[-83.58056,35.27972],[-83.58125,35.28015],[-83.58138,35.28091],[-83.58191,35.2814],[-83.58097,35.281],[-83.58112,35.28128],[-83.58184,35.28178],[-83.58143,35.28191],[-83.58149,35.28229],[-83.58215,35.28303],[-83.58275,35.28334],[-83.58346,35.28338],[-83.58483,35.28315],[-83.58522,35.28285],[-83.58621,35.28271],[-83.58822,35.28316],[-83.58981,35.28301],[-83.59021,35.28284],[-83.59063,35.28239],[-83.59071,35.28208],[-83.59102,35.28195],[-83.59119,35.28208],[-83.59122,35.28237],[-83.59157,35.28251],[-83.59179,35.28296],[-83.5926,35.28367],[-83.59382,35.28406],[-83.5945,35.28375],[-83.59527,35.28369],[-83.59537,35.28413],[-83.59568,35.28458],[-83.59572,35.28497],[-83.59651,35.28588],[-83.59682,35.28692],[-83.59699,35.2871],[-83.59699,35.28777],[-83.59679,35.28807],[-83.59641,35.28841],[-83.5963,35.28846],[-83.59631,35.28828],[-83.59538,35.28893],[-83.59422,35.29065],[-83.59419,35.29078],[-83.59446,35.29128],[-83.59444,35.29147],[-83.59424,35.29141],[-83.59451,35.29163],[-83.5944,35.2917],[-83.59407,35.29273],[-83.59393,35.29386],[-83.59379,35.29411],[-83.59395,35.29446],[-83.59354,35.29436],[-83.59328,35.29454],[-83.59356,35.29453],[-83.59407,35.29495],[-83.59408,35.29637],[-83.59439,35.29686],[-83.59425,35.29762],[-83.59466,35.29849],[-83.59468,35.29898],[-83.59452,35.29932],[-83.59424,35.29965],[-83.59324,35.30038],[-83.59282,35.30101],[-83.5923,35.30093],[-83.59219,35.30105],[-83.59212,35.30149],[-83.59116,35.3016],[-83.59121,35.30195],[-83.59064,35.30263],[-83.59091,35.30293],[-83.59094,35.30331],[-83.59115,35.30362],[-83.59055,35.30413],[-83.58997,35.30421],[-83.58947,35.30457],[-83.58926,35.30487],[-83.58895,35.30581],[-83.58821,35.30677],[-83.58733,35.30733],[-83.587,35.3077],[-83.58692,35.30745],[-83.58678,35.30743],[-83.58655,35.30853],[-83.58625,35.30896],[-83.58561,35.30937],[-83.58619,35.30949],[-83.5866,35.30944],[-83.58728,35.30892],[-83.58752,35.30949],[-83.58751,35.30989],[-83.58733,35.31012],[-83.58726,35.31049],[-83.58758,35.31078],[-83.58753,35.31111],[-83.58768,35.31126],[-83.58748,35.3117],[-83.58784,35.31258],[-83.58839,35.31316],[-83.58812,35.31417],[-83.58842,35.31473],[-83.58838,35.3149],[-83.58789,35.31545],[-83.58796,35.31562],[-83.5875,35.31662],[-83.58755,35.31704],[-83.58772,35.31733],[-83.58764,35.31788],[-83.58777,35.3184],[-83.58723,35.3198],[-83.58686,35.3203],[-83.58686,35.32078],[-83.58677,35.32095],[-83.58638,35.32116],[-83.58614,35.3215],[-83.58616,35.32176],[-83.58636,35.32193],[-83.58665,35.32169],[-83.58731,35.32159],[-83.58737,35.3217],[-83.58694,35.32203],[-83.58688,35.32247],[-83.58777,35.32308],[-83.58801,35.32373],[-83.58816,35.32377],[-83.58857,35.32341],[-83.58896,35.32331],[-83.58928,35.32339],[-83.59062,35.32395],[-83.59174,35.32463],[-83.59197,35.32489],[-83.59195,35.32525],[-83.59237,35.32537],[-83.59256,35.32562],[-83.59251,35.32605],[-83.59182,35.32644],[-83.59196,35.32681],[-83.59193,35.32726],[-83.59166,35.32744],[-83.59134,35.32829],[-83.59105,35.3284],[-83.59152,35.32863],[-83.59222,35.32855],[-83.59239,35.32872],[-83.59237,35.32959],[-83.59205,35.32955],[-83.59138,35.33001],[-83.5911,35.33036],[-83.59214,35.33001],[-83.59133,35.33083],[-83.59181,35.33078],[-83.59164,35.33093],[-83.59176,35.33117],[-83.59206,35.33127],[-83.59218,35.33175],[-83.59256,35.33217],[-83.59243,35.33226],[-83.59254,35.33246],[-83.59364,35.333],[-83.5942,35.3331],[-83.59487,35.33297],[-83.5951,35.33307],[-83.59585,35.33391],[-83.59639,35.33485],[-83.59683,35.33454],[-83.5979,35.33457],[-83.59849,35.33428],[-83.59976,35.33391],[-83.6002,35.33323],[-83.60068,35.33414],[-83.60078,35.33486],[-83.60131,35.33468],[-83.60155,35.3349],[-83.60124,35.336],[-83.60122,35.3367],[-83.60129,35.33676],[-83.6018,35.33657],[-83.60203,35.33661],[-83.60145,35.33763],[-83.60148,35.33778],[-83.60197,35.33801],[-83.60131,35.33825],[-83.60137,35.33908],[-83.60199,35.33938],[-83.60187,35.33967],[-83.60201,35.33985],[-83.602,35.34018],[-83.60222,35.34024],[-83.60267,35.34004],[-83.60317,35.34028],[-83.60365,35.34015],[-83.6038,35.34053],[-83.60435,35.34076],[-83.60509,35.34049],[-83.60545,35.34073],[-83.60625,35.34056],[-83.606,35.34078],[-83.60605,35.34092],[-83.60636,35.34078],[-83.60669,35.34082],[-83.60727,35.34065],[-83.60704,35.3412],[-83.60705,35.34148],[-83.60717,35.3416],[-83.60719,35.34148],[-83.6076,35.34122],[-83.60752,35.34143],[-83.60761,35.34159],[-83.60808,35.34111],[-83.60868,35.34083],[-83.60973,35.34061],[-83.61034,35.34069],[-83.6107,35.3409],[-83.61101,35.34133],[-83.61151,35.34172],[-83.61182,35.34288],[-83.61212,35.34355],[-83.61298,35.34396],[-83.61311,35.34446],[-83.61305,35.34462],[-83.61352,35.34509],[-83.61518,35.34574],[-83.61676,35.34595],[-83.61756,35.34577],[-83.61833,35.34584],[-83.61907,35.34549],[-83.62113,35.34506],[-83.62193,35.345],[-83.62241,35.34513],[-83.62301,35.34511],[-83.62393,35.34488],[-83.62545,35.34485],[-83.6262,35.34455],[-83.62636,35.3446],[-83.62696,35.34431],[-83.62771,35.34362],[-83.62799,35.34366],[-83.62995,35.34259],[-83.63043,35.34267],[-83.63077,35.3426],[-83.63154,35.34214],[-83.63202,35.3421],[-83.63359,35.34159],[-83.63451,35.34091],[-83.63506,35.34132],[-83.63505,35.34148],[-83.63536,35.34193],[-83.63563,35.34187],[-83.63593,35.34162],[-83.636,35.34137],[-83.6367,35.34136],[-83.63715,35.34061],[-83.63747,35.34055],[-83.63772,35.34077],[-83.63758,35.34082],[-83.63812,35.34099],[-83.63867,35.34082],[-83.63909,35.34095],[-83.63925,35.34109],[-83.6393,35.34149],[-83.63948,35.34141],[-83.63976,35.34182],[-83.64119,35.34208],[-83.64149,35.34227],[-83.64155,35.3421],[-83.64021,35.34161],[-83.63978,35.34075],[-83.63869,35.34022],[-83.63846,35.34027],[-83.63826,35.34014],[-83.63813,35.33977],[-83.63718,35.33957],[-83.63662,35.33971],[-83.63686,35.33937],[-83.63742,35.33905],[-83.63926,35.33878],[-83.64038,35.33899],[-83.64353,35.34004],[-83.6446,35.34015],[-83.64617,35.33965],[-83.64762,35.3387],[-83.64929,35.33798],[-83.65044,35.33731],[-83.6521,35.33691],[-83.65294,35.33687],[-83.6538,35.33641],[-83.6536,35.33689],[-83.6539,35.33726],[-83.65454,35.33757],[-83.65414,35.33684],[-83.65561,35.33671],[-83.65604,35.33647],[-83.65641,35.33603],[-83.65742,35.33563],[-83.6576,35.33542],[-83.65829,35.33527],[-83.65863,35.33494],[-83.65972,35.33486],[-83.66078,35.33503],[-83.66109,35.33492],[-83.66207,35.3341],[-83.66278,35.33393],[-83.66337,35.33357],[-83.66402,35.33288],[-83.66499,35.3324],[-83.66536,35.33207],[-83.66633,35.33158],[-83.66729,35.33133],[-83.66765,35.33113],[-83.66798,35.32833],[-83.66783,35.32787],[-83.66869,35.32743],[-83.66948,35.32748],[-83.67042,35.32792],[-83.67238,35.32809],[-83.67368,35.32801],[-83.67435,35.3283],[-83.67528,35.32815],[-83.67574,35.32825],[-83.67691,35.32789],[-83.67759,35.32805],[-83.67823,35.32795],[-83.6788,35.32775],[-83.67967,35.32714],[-83.68085,35.32562],[-83.6816,35.32518],[-83.6818,35.32489],[-83.68244,35.32451],[-83.68317,35.3243],[-83.68432,35.32431],[-83.68505,35.32411],[-83.68547,35.3243],[-83.68645,35.32507],[-83.68654,35.325],[-83.68622,35.32453],[-83.68653,35.32469],[-83.68706,35.3247],[-83.68759,35.32543],[-83.68768,35.32622],[-83.68834,35.32684],[-83.68863,35.32748],[-83.68906,35.3278],[-83.68984,35.3288],[-83.69037,35.32887],[-83.69173,35.32849],[-83.69236,35.3288],[-83.69273,35.32879],[-83.69245,35.3284],[-83.69283,35.32852],[-83.69318,35.3288],[-83.69337,35.32911],[-83.69316,35.32912],[-83.69306,35.32929],[-83.69364,35.32913],[-83.69355,35.32871],[-83.69373,35.32904],[-83.69402,35.32918],[-83.69501,35.32932],[-83.69699,35.32926],[-83.69775,35.32946],[-83.69815,35.32971],[-83.69939,35.32966],[-83.70018,35.3298],[-83.70121,35.32979],[-83.70268,35.33061],[-83.70307,35.33117],[-83.70393,35.3311],[-83.70413,35.33081],[-83.70434,35.33078],[-83.70504,35.33083],[-83.7055,35.3311],[-83.70607,35.3309],[-83.70667,35.33107],[-83.70672,35.33084],[-83.70692,35.33089],[-83.70701,35.33117],[-83.70732,35.3314],[-83.70686,35.33154],[-83.70628,35.33152],[-83.70597,35.33201],[-83.70486,35.33199],[-83.70487,35.33265],[-83.70466,35.33271],[-83.70438,35.33315],[-83.70394,35.33321],[-83.70403,35.33346],[-83.70384,35.33399],[-83.70434,35.33414],[-83.70422,35.33423],[-83.70408,35.33471],[-83.70437,35.33512],[-83.70431,35.33549],[-83.70474,35.33577],[-83.70418,35.33567],[-83.70382,35.33537],[-83.7036,35.33535],[-83.70359,35.33555],[-83.70375,35.33585],[-83.70407,35.33602],[-83.70471,35.33728],[-83.70631,35.33805],[-83.70697,35.33859],[-83.70713,35.33892],[-83.70785,35.33915],[-83.70811,35.33913],[-83.70905,35.33859],[-83.70921,35.33872],[-83.70899,35.33901],[-83.70954,35.33923],[-83.70977,35.33994],[-83.71002,35.34027],[-83.70951,35.34098],[-83.70964,35.34159],[-83.70912,35.34186],[-83.70895,35.34237],[-83.70928,35.34279],[-83.70939,35.34366],[-83.70955,35.34394],[-83.71086,35.34555],[-83.71145,35.34589],[-83.71236,35.34741],[-83.7129,35.34857],[-83.71341,35.35066],[-83.71345,35.35152],[-83.71324,35.3524],[-83.71333,35.35266],[-83.71366,35.35281],[-83.71492,35.35304],[-83.7163,35.35296],[-83.71749,35.35305],[-83.71864,35.35245],[-83.71887,35.35253],[-83.71944,35.35246],[-83.71882,35.35287],[-83.71852,35.35354],[-83.71855,35.35393],[-83.71811,35.3542],[-83.718,35.35461],[-83.7179,35.35479],[-83.71779,35.35477],[-83.71787,35.35488],[-83.71826,35.35474],[-83.71881,35.35422],[-83.71921,35.35409],[-83.71957,35.35349],[-83.71982,35.3534],[-83.72046,35.3535],[-83.71978,35.35378],[-83.71964,35.35428],[-83.71909,35.35474],[-83.71907,35.35504],[-83.71868,35.35525],[-83.71834,35.35571],[-83.71752,35.3563],[-83.71748,35.35665],[-83.71736,35.35663],[-83.71761,35.35775],[-83.71749,35.35775],[-83.71713,35.35731],[-83.71713,35.35758],[-83.71734,35.35788],[-83.71783,35.35811],[-83.71813,35.35854],[-83.71745,35.36035],[-83.71698,35.36098],[-83.71689,35.36129],[-83.7166,35.36136],[-83.7163,35.3616],[-83.71603,35.36211],[-83.71615,35.3623],[-83.71623,35.36348],[-83.71589,35.36522],[-83.7156,35.36564],[-83.71564,35.3658],[-83.71511,35.36623],[-83.71501,35.36671],[-83.71512,35.36688],[-83.71476,35.36736],[-83.71527,35.36773],[-83.71486,35.36858],[-83.71539,35.36883],[-83.71536,35.36913],[-83.71561,35.36927],[-83.7155,35.36978],[-83.71582,35.36998],[-83.71578,35.37036],[-83.71628,35.37045],[-83.71597,35.37139],[-83.71643,35.37161],[-83.7167,35.37162],[-83.717,35.37199],[-83.71808,35.37241],[-83.71966,35.37256],[-83.72098,35.37359],[-83.72136,35.37363],[-83.72128,35.37373],[-83.72138,35.37391],[-83.72169,35.37418],[-83.72157,35.37388],[-83.72165,35.37379],[-83.72215,35.37428],[-83.72318,35.37383],[-83.72613,35.37402],[-83.72664,35.37384],[-83.72839,35.37364],[-83.72953,35.37385],[-83.73046,35.37352],[-83.73154,35.3734],[-83.73267,35.37309],[-83.73392,35.37308],[-83.73433,35.37262],[-83.73474,35.37244],[-83.73546,35.37157],[-83.73624,35.37146],[-83.73677,35.371],[-83.73695,35.37135],[-83.73722,35.3705],[-83.73803,35.37064],[-83.73846,35.37045],[-83.73929,35.37065],[-83.7396,35.37057],[-83.74027,35.37094],[-83.74103,35.37104],[-83.74125,35.37125],[-83.74233,35.37126],[-83.74337,35.37198],[-83.7436,35.3719],[-83.74397,35.37198],[-83.74512,35.37268],[-83.74551,35.37275],[-83.74569,35.37298],[-83.74575,35.37344],[-83.74621,35.37392],[-83.74827,35.375],[-83.7488,35.37552],[-83.74902,35.37555],[-83.74944,35.3754],[-83.7502,35.37558],[-83.75055,35.3755],[-83.75113,35.3757],[-83.75292,35.37568],[-83.75356,35.37606],[-83.75387,35.37612],[-83.75417,35.3763],[-83.75451,35.37694],[-83.75432,35.37925],[-83.75371,35.38042],[-83.75388,35.38088],[-83.75387,35.38121],[-83.75429,35.38149],[-83.75407,35.38217],[-83.75429,35.38239],[-83.75425,35.38271],[-83.75449,35.38319],[-83.75478,35.38339],[-83.7555,35.38345],[-83.75589,35.38431],[-83.75735,35.38492],[-83.75759,35.38521],[-83.75782,35.38524],[-83.75839,35.38595],[-83.75875,35.38602],[-83.75895,35.38619],[-83.75903,35.3866],[-83.75958,35.38672],[-83.76067,35.38673],[-83.76098,35.38692],[-83.7611,35.38721],[-83.76058,35.38789],[-83.76054,35.38808],[-83.76073,35.38854],[-83.76033,35.38875],[-83.76025,35.38901],[-83.75973,35.38914],[-83.75969,35.38936],[-83.76044,35.38988],[-83.76086,35.38997],[-83.76118,35.39029],[-83.76126,35.39076],[-83.76176,35.39111],[-83.76185,35.39131],[-83.76179,35.39169],[-83.76297,35.39292],[-83.76355,35.39325],[-83.76372,35.39361],[-83.7638,35.39421],[-83.76445,35.3949],[-83.76513,35.39529],[-83.76587,35.39554],[-83.76566,35.39636],[-83.76503,35.3971],[-83.76499,35.39729],[-83.76454,35.39738],[-83.76374,35.39734],[-83.76272,35.39833],[-83.76262,35.39865],[-83.76276,35.39913],[-83.76164,35.40077],[-83.76147,35.40122],[-83.76152,35.40156],[-83.76203,35.40179],[-83.76207,35.4021],[-83.76274,35.40223],[-83.76263,35.40258],[-83.76235,35.40265],[-83.76206,35.40296],[-83.76203,35.40317],[-83.76235,35.40369],[-83.76314,35.40401],[-83.76287,35.40478],[-83.76317,35.40494],[-83.76325,35.40534],[-83.76406,35.40564],[-83.7654,35.40553],[-83.76579,35.40542],[-83.76596,35.40517],[-83.7666,35.40522],[-83.76681,35.40511],[-83.76681,35.4049],[-83.76694,35.40477],[-83.76727,35.40466],[-83.76752,35.40487],[-83.76818,35.40491],[-83.76816,35.40517],[-83.76799,35.40542],[-83.76845,35.40557],[-83.76859,35.40605],[-83.76899,35.40622],[-83.76848,35.4065],[-83.76808,35.40645],[-83.76762,35.40693],[-83.76717,35.40682],[-83.767,35.40729],[-83.76639,35.40731],[-83.76647,35.40763],[-83.76625,35.40792],[-83.76644,35.40836],[-83.76614,35.40871],[-83.76615,35.40918],[-83.76604,35.40927],[-83.76504,35.40924],[-83.76475,35.40991],[-83.76534,35.41034],[-83.76556,35.41022],[-83.76582,35.41077],[-83.76559,35.41088],[-83.76584,35.41126],[-83.76634,35.41165],[-83.76681,35.4116],[-83.76733,35.41178],[-83.76772,35.41208],[-83.76885,35.41226],[-83.7692,35.41211],[-83.76968,35.41237],[-83.7705,35.41249],[-83.77071,35.41293],[-83.77104,35.4131],[-83.771,35.41369],[-83.77153,35.41417],[-83.77139,35.41437],[-83.771,35.4144],[-83.77122,35.41471],[-83.77183,35.41477],[-83.77279,35.41424],[-83.77377,35.41402],[-83.77398,35.41407],[-83.77325,35.41507],[-83.77337,35.41538],[-83.7732,35.41562],[-83.7713,35.41598],[-83.77114,35.41634],[-83.77156,35.41633],[-83.77204,35.41658],[-83.77257,35.41658],[-83.77286,35.41689],[-83.77282,35.41725],[-83.77315,35.41741],[-83.77332,35.41764],[-83.7738,35.41727],[-83.77402,35.41728],[-83.77417,35.41753],[-83.77447,35.41752],[-83.77469,35.41781],[-83.7747,35.41797],[-83.77493,35.41814],[-83.7753,35.41807],[-83.77588,35.41823],[-83.7764,35.4181],[-83.77685,35.41818],[-83.77725,35.41795],[-83.77765,35.41804],[-83.77872,35.4177],[-83.7791,35.41742],[-83.77992,35.41735],[-83.77931,35.41784],[-83.7789,35.41859],[-83.77781,35.42007],[-83.7782,35.42065],[-83.77899,35.42085],[-83.77962,35.4207],[-83.78055,35.42071],[-83.78134,35.42045],[-83.78253,35.42034],[-83.78303,35.4204],[-83.7834,35.42084],[-83.78456,35.42101],[-83.78519,35.42164],[-83.78549,35.42175],[-83.78585,35.42173],[-83.78754,35.42263],[-83.78786,35.4227],[-83.78871,35.42261],[-83.78939,35.42295],[-83.78999,35.42306],[-83.79036,35.42331],[-83.79045,35.42351],[-83.79135,35.42368],[-83.79285,35.42356],[-83.79358,35.42364],[-83.79388,35.42356],[-83.79478,35.42372],[-83.7957,35.42362],[-83.79633,35.4237],[-83.79731,35.42315],[-83.79881,35.42286],[-83.79926,35.42263],[-83.80128,35.42205],[-83.80244,35.42196],[-83.803,35.42213],[-83.80327,35.42259],[-83.80409,35.42325],[-83.80387,35.42338],[-83.80356,35.42382],[-83.8035,35.42435],[-83.80296,35.42461],[-83.80281,35.42509],[-83.80263,35.4252],[-83.80143,35.42494],[-83.80138,35.42529],[-83.801,35.42591],[-83.80118,35.42622],[-83.80075,35.42666],[-83.80021,35.42798],[-83.79777,35.43116],[-83.79725,35.43133],[-83.79659,35.43179],[-83.79728,35.43185],[-83.79791,35.43209],[-83.79831,35.43191],[-83.79884,35.43186],[-83.799,35.43171],[-83.79908,35.43211],[-83.79857,35.43219],[-83.79834,35.43246],[-83.79825,35.43284],[-83.79795,35.43311],[-83.79777,35.43312],[-83.79736,35.43288],[-83.79712,35.43289],[-83.79605,35.43331],[-83.79513,35.4341],[-83.79518,35.43426],[-83.79627,35.43409],[-83.79757,35.43428],[-83.79875,35.43531],[-83.79931,35.4354],[-83.79973,35.43533],[-83.79988,35.43543],[-83.79997,35.43571],[-83.79955,35.43606],[-83.79927,35.43589],[-83.79881,35.4359],[-83.79827,35.4361],[-83.79805,35.4363],[-83.79736,35.43609],[-83.79701,35.43641],[-83.79678,35.4368],[-83.79648,35.43692],[-83.7964,35.43727],[-83.79605,35.43726],[-83.79579,35.43742],[-83.79569,35.4379],[-83.79588,35.43847],[-83.7963,35.4387],[-83.7962,35.43896],[-83.796,35.43901],[-83.79569,35.43886],[-83.79537,35.43897],[-83.79516,35.43878],[-83.79474,35.43863],[-83.79462,35.43839],[-83.79343,35.43914],[-83.79342,35.43938],[-83.79385,35.43937],[-83.79362,35.43992],[-83.7937,35.4403],[-83.79395,35.44066],[-83.79483,35.44098],[-83.7954,35.44105],[-83.7955,35.44123],[-83.79537,35.44141],[-83.79588,35.44167],[-83.79563,35.44162],[-83.79588,35.44167],[-83.7959,35.4419],[-83.7956,35.44197],[-83.79532,35.44185],[-83.79475,35.44209],[-83.79461,35.44239],[-83.79465,35.44272],[-83.79431,35.44314],[-83.79357,35.44324],[-83.79292,35.44305],[-83.79254,35.44306],[-83.79217,35.44324],[-83.79189,35.4438],[-83.79128,35.44401],[-83.79076,35.4444],[-83.79071,35.44464],[-83.79061,35.44423],[-83.7904,35.4442],[-83.79004,35.44479],[-83.7895,35.44479],[-83.78929,35.44504],[-83.78879,35.44493],[-83.78864,35.44545],[-83.78876,35.44584],[-83.78807,35.44592],[-83.78817,35.4461],[-83.78866,35.44634],[-83.78954,35.44646],[-83.78982,35.44638],[-83.79004,35.44592],[-83.7902,35.44594],[-83.79088,35.44673],[-83.79066,35.44703],[-83.79067,35.44726],[-83.7913,35.44747],[-83.79156,35.4478],[-83.79219,35.44815],[-83.79251,35.44814],[-83.79276,35.44799],[-83.7929,35.44773],[-83.79289,35.44744],[-83.79354,35.44766],[-83.79417,35.44768],[-83.79554,35.44815],[-83.79558,35.44825],[-83.79524,35.44841],[-83.79441,35.44833],[-83.79428,35.44839],[-83.79538,35.44884],[-83.79527,35.44883],[-83.7949,35.44854],[-83.7944,35.44843],[-83.79635,35.44902],[-83.79567,35.44871],[-83.79538,35.44884],[-83.79635,35.44902],[-83.79678,35.44951],[-83.79741,35.44979],[-83.79829,35.45044],[-83.79955,35.45064],[-83.80015,35.45155],[-83.8025,35.45271],[-83.80805,35.45251],[-83.80456,35.45266],[-83.80805,35.45251],[-83.80861,35.45296],[-83.80946,35.45394],[-83.81046,35.45453],[-83.81056,35.45484],[-83.81043,35.4551],[-83.80919,35.45603],[-83.80885,35.45643],[-83.80873,35.45687],[-83.80881,35.4574],[-83.80932,35.45843],[-83.8109,35.45985],[-83.81118,35.46056],[-83.81209,35.46096],[-83.81232,35.46128],[-83.81221,35.46194],[-83.81183,35.46155],[-83.81168,35.46163],[-83.81182,35.46221],[-83.81151,35.46289],[-83.81218,35.46297],[-83.81252,35.46333],[-83.81288,35.46327],[-83.81302,35.46385],[-83.81333,35.46379],[-83.81345,35.46387],[-83.8137,35.46442],[-83.81324,35.46428],[-83.81198,35.46431],[-83.81254,35.46472],[-83.81299,35.4649],[-83.81252,35.46492],[-83.81215,35.46508],[-83.81212,35.46522],[-83.81301,35.4654],[-83.81361,35.46582],[-83.81362,35.46624],[-83.81354,35.46641],[-83.81322,35.46632],[-83.8132,35.46689],[-83.81243,35.46783],[-83.81196,35.46813],[-83.81185,35.46863],[-83.81114,35.46899],[-83.81037,35.46909],[-83.81009,35.46939],[-83.81036,35.46996],[-83.81031,35.47062],[-83.81083,35.47155],[-83.81076,35.47169],[-83.81043,35.47182],[-83.81026,35.47213],[-83.80973,35.47241],[-83.80992,35.47274],[-83.81054,35.47282],[-83.81058,35.47291],[-83.81008,35.47353],[-83.80992,35.47356],[-83.80998,35.47374],[-83.80987,35.47383],[-83.81054,35.47414],[-83.81054,35.47474],[-83.81047,35.47489],[-83.81028,35.47473],[-83.81017,35.47561],[-83.80944,35.47643],[-83.80931,35.47794],[-83.80872,35.47857],[-83.8088,35.47877],[-83.80937,35.47883],[-83.80947,35.47895],[-83.80859,35.47941],[-83.80738,35.4806],[-83.80821,35.48071],[-83.80791,35.48105],[-83.80792,35.48122],[-83.80847,35.48133],[-83.80833,35.48164],[-83.80856,35.48205],[-83.80868,35.48216],[-83.80903,35.48216],[-83.80919,35.48231],[-83.80927,35.48275],[-83.80904,35.48299],[-83.80899,35.48327],[-83.80933,35.48366],[-83.80954,35.48429],[-83.80975,35.48445],[-83.81047,35.48432],[-83.81089,35.48463],[-83.8118,35.4847],[-83.81277,35.48441],[-83.81328,35.484],[-83.81366,35.48399],[-83.81401,35.48383],[-83.81451,35.48342],[-83.8157,35.48397],[-83.81667,35.4836],[-83.81732,35.484],[-83.81809,35.4842],[-83.81862,35.48415],[-83.81824,35.48455],[-83.81641,35.48495],[-83.81621,35.48541],[-83.81589,35.48566],[-83.81582,35.48616],[-83.81542,35.48633],[-83.81528,35.48677],[-83.81544,35.48723],[-83.81519,35.48745],[-83.81512,35.4878],[-83.8153,35.4883],[-83.81524,35.48864],[-83.8154,35.48885],[-83.8156,35.48984],[-83.81595,35.49039],[-83.81595,35.49058],[-83.81566,35.49144],[-83.81499,35.49261],[-83.81439,35.49315],[-83.81393,35.49382],[-83.81401,35.49455],[-83.81371,35.49514],[-83.81335,35.49547],[-83.81306,35.49613],[-83.81316,35.49678],[-83.81354,35.49788],[-83.81375,35.49812],[-83.81393,35.49886],[-83.81409,35.49904],[-83.81419,35.4997],[-83.81413,35.50011],[-83.81371,35.5004],[-83.8136,35.5007],[-83.81334,35.50096],[-83.813,35.50214],[-83.81258,35.50267],[-83.81246,35.50323],[-83.812,35.50393],[-83.81202,35.50427],[-83.81174,35.50465],[-83.81166,35.50509],[-83.81141,35.50553],[-83.81088,35.50585],[-83.81068,35.50645],[-83.81084,35.50807],[-83.81045,35.50989],[-83.81054,35.51045],[-83.81047,35.51096],[-83.81018,35.51136],[-83.80998,35.51299],[-83.81037,35.51424],[-83.81065,35.5144],[-83.81137,35.51449],[-83.81171,35.51438],[-83.81226,35.5144],[-83.81268,35.51457],[-83.81332,35.51554],[-83.81359,35.51567],[-83.81374,35.51612],[-83.81398,35.51624],[-83.81432,35.51682],[-83.81443,35.51748],[-83.8142,35.51815],[-83.8143,35.51847],[-83.81414,35.51868],[-83.81419,35.51913],[-83.8144,35.51948],[-83.81478,35.51972],[-83.81492,35.52045],[-83.81512,35.52054],[-83.81525,35.52087],[-83.81604,35.52117],[-83.81633,35.52157],[-83.81693,35.52177],[-83.817,35.52228],[-83.81768,35.52298],[-83.81779,35.52323],[-83.81815,35.52348],[-83.81849,35.52428],[-83.819,35.52454],[-83.82068,35.52452],[-83.8212,35.52505],[-83.82151,35.52556],[-83.82074,35.52603],[-83.82024,35.52661],[-83.81964,35.52677],[-83.81913,35.52735],[-83.81808,35.52797],[-83.81779,35.52834],[-83.81745,35.52852],[-83.81712,35.52849],[-83.8162,35.5289],[-83.81577,35.52962],[-83.81407,35.52993],[-83.81258,35.53043],[-83.81217,35.53075],[-83.81187,35.5316],[-83.81155,35.53184],[-83.81118,35.53246],[-83.81061,35.5327],[-83.80978,35.53328],[-83.80905,35.53423],[-83.8086,35.53459],[-83.80849,35.53509],[-83.80869,35.53571],[-83.80837,35.53657],[-83.80849,35.53737],[-83.80837,35.53771],[-83.80813,35.53792],[-83.80772,35.53787],[-83.8073,35.53809],[-83.80688,35.53813],[-83.8064,35.53844],[-83.80531,35.53887],[-83.80489,35.53876],[-83.80471,35.53895],[-83.8043,35.53908],[-83.80401,35.53944],[-83.80336,35.5395],[-83.80302,35.53917],[-83.80272,35.53958],[-83.80266,35.54001],[-83.80232,35.53989],[-83.80185,35.54008],[-83.80167,35.53984],[-83.80108,35.53985],[-83.80082,35.53939],[-83.80029,35.53932],[-83.80028,35.53904],[-83.79994,35.53868],[-83.79991,35.5383],[-83.79954,35.53799],[-83.79965,35.53762],[-83.80011,35.5373],[-83.80015,35.53691],[-83.80039,35.53654],[-83.80024,35.53633],[-83.79991,35.53634],[-83.79914,35.53692],[-83.79868,35.53769],[-83.79852,35.53819],[-83.79861,35.53861],[-83.79902,35.53884],[-83.79928,35.53919],[-83.79923,35.53958],[-83.79943,35.5402],[-83.79921,35.54073],[-83.79938,35.54117],[-83.79964,35.54133],[-83.80037,35.54145],[-83.8004,35.54164],[-83.80022,35.54182],[-83.80001,35.54188],[-83.79898,35.54171],[-83.79839,35.54187],[-83.79665,35.54333],[-83.7962,35.54384],[-83.79602,35.54424],[-83.79571,35.54447],[-83.79525,35.54516],[-83.79482,35.54556],[-83.7934,35.54588],[-83.79302,35.54578],[-83.79242,35.5459],[-83.79175,35.54612],[-83.79028,35.54699],[-83.78951,35.54703],[-83.78817,35.54761],[-83.78775,35.54753],[-83.78621,35.54794],[-83.78552,35.54852],[-83.785,35.54935],[-83.78387,35.55009],[-83.782,35.55056],[-83.78067,35.55058],[-83.78058,35.55077],[-83.78081,35.5511],[-83.78159,35.55147],[-83.78084,35.55156],[-83.77969,35.55143],[-83.7791,35.5516],[-83.77885,35.55188],[-83.7788,35.55236],[-83.77839,35.55297],[-83.77848,35.55325],[-83.77863,35.55326],[-83.77935,35.55288],[-83.77912,35.55365],[-83.77891,35.55393],[-83.77856,35.55405],[-83.778,35.55396],[-83.7765,35.5542],[-83.77603,35.55395],[-83.77588,35.55365],[-83.77553,35.55343],[-83.77576,35.55393],[-83.77574,35.55423],[-83.77601,35.55455],[-83.77613,35.55494],[-83.77529,35.55532],[-83.77481,35.5559],[-83.77442,35.55615],[-83.77371,35.55631],[-83.77256,35.55723],[-83.77196,35.55738],[-83.77195,35.55747],[-83.77221,35.55779],[-83.77246,35.5579],[-83.77254,35.55854],[-83.77312,35.55895],[-83.77349,35.5594],[-83.77361,35.56014],[-83.77417,35.56015],[-83.77437,35.56032],[-83.77454,35.56107],[-83.77481,35.56114],[-83.77517,35.56101],[-83.77562,35.56137],[-83.776,35.56134],[-83.77636,35.5615],[-83.77651,35.56183],[-83.77642,35.56203],[-83.77554,35.56223],[-83.77515,35.56227],[-83.77453,35.56187],[-83.77407,35.56176],[-83.77367,35.56135],[-83.77314,35.56137],[-83.7726,35.56061],[-83.77235,35.56049],[-83.77156,35.56065],[-83.77093,35.56119],[-83.76998,35.56142],[-83.76901,35.56131],[-83.76792,35.56152],[-83.7673,35.56139],[-83.76668,35.56157],[-83.76647,35.56176],[-83.76632,35.56161],[-83.76512,35.5612],[-83.76408,35.56143],[-83.76301,35.56206],[-83.76175,35.56245],[-83.76127,35.56237],[-83.75947,35.56159],[-83.75867,35.5617],[-83.75836,35.56219],[-83.75751,35.56273],[-83.75726,35.56301],[-83.7582,35.56283],[-83.75836,35.56289],[-83.75829,35.56306],[-83.75629,35.56415],[-83.75564,35.56417],[-83.75447,35.56389],[-83.75355,35.56393],[-83.75269,35.56365],[-83.75252,35.56338],[-83.75224,35.56321],[-83.75199,35.56278],[-83.75201,35.56248],[-83.7518,35.56205],[-83.75044,35.5604],[-83.74962,35.55971],[-83.74981,35.55881],[-83.74969,35.55853],[-83.74861,35.55793],[-83.74813,35.55785],[-83.74759,35.55813],[-83.74628,35.55832],[-83.74622,35.55897],[-83.7458,35.55964],[-83.74509,35.55992],[-83.74465,35.56064],[-83.74418,35.56085],[-83.74388,35.56114],[-83.74364,35.56165],[-83.74359,35.56239],[-83.74277,35.56326],[-83.74109,35.56383],[-83.73994,35.56402],[-83.73919,35.56455],[-83.73737,35.56502],[-83.7365,35.56495],[-83.73588,35.5651],[-83.73453,35.56489],[-83.73403,35.56474],[-83.73248,35.56366],[-83.73129,35.56385],[-83.73055,35.56412],[-83.72848,35.56398],[-83.7277,35.56319],[-83.72749,35.5631],[-83.72736,35.56284],[-83.72694,35.56259],[-83.72557,35.56275],[-83.72469,35.56248],[-83.72264,35.56214],[-83.72238,35.56226],[-83.72193,35.56293],[-83.72151,35.5632],[-83.72072,35.56327],[-83.71934,35.56372],[-83.71882,35.56364],[-83.71858,35.56387],[-83.71788,35.56415],[-83.71551,35.56383],[-83.71398,35.56403],[-83.71356,35.56454],[-83.71346,35.56491],[-83.71286,35.56591],[-83.71233,35.56645],[-83.71176,35.56662],[-83.71101,35.5665],[-83.70974,35.5666],[-83.70933,35.56679],[-83.7084,35.56777],[-83.70768,35.56806],[-83.70711,35.5685],[-83.70633,35.56859],[-83.7055,35.56926],[-83.70512,35.56925],[-83.70472,35.56902],[-83.70461,35.56907],[-83.70452,35.56887],[-83.70407,35.56869],[-83.70369,35.56877],[-83.70297,35.56832],[-83.70243,35.56817],[-83.7014,35.56837],[-83.70134,35.56851],[-83.70084,35.56875],[-83.70055,35.56875],[-83.70009,35.56853],[-83.69976,35.56812],[-83.69967,35.56818],[-83.69992,35.56917],[-83.69926,35.56876],[-83.69866,35.56876],[-83.69749,35.56915],[-83.69629,35.57017],[-83.69577,35.57028],[-83.69481,35.57019],[-83.69438,35.57043],[-83.69423,35.57036],[-83.69418,35.56971],[-83.69394,35.56933],[-83.69236,35.56916],[-83.69103,35.5688],[-83.69081,35.56883],[-83.69047,35.56912],[-83.68947,35.56896],[-83.68866,35.56833],[-83.68837,35.56828],[-83.68767,35.56836],[-83.687,35.56887],[-83.68608,35.56845],[-83.68547,35.56849],[-83.68515,35.56886],[-83.68508,35.56871],[-83.68439,35.56892],[-83.68341,35.56883],[-83.68297,35.56893],[-83.68232,35.56883],[-83.68005,35.56958],[-83.67926,35.56969],[-83.6788,35.56959],[-83.67818,35.56964],[-83.6781,35.56979],[-83.67733,35.56986],[-83.67702,35.57011],[-83.67666,35.57014],[-83.67649,35.57029],[-83.67565,35.57023],[-83.67416,35.56993],[-83.67411,35.56979],[-83.67318,35.56928],[-83.6716,35.56953],[-83.67089,35.56937],[-83.67053,35.56946],[-83.66919,35.56937],[-83.66821,35.56957],[-83.66784,35.56942],[-83.66691,35.56954],[-83.66619,35.56979],[-83.66505,35.56976],[-83.66401,35.5696],[-83.66356,35.5692],[-83.66251,35.56877],[-83.66198,35.56858],[-83.66136,35.56858],[-83.66111,35.56841],[-83.66067,35.56833],[-83.6595,35.56886],[-83.65933,35.56904],[-83.65803,35.56934],[-83.65738,35.5693],[-83.65638,35.56977],[-83.6549,35.56976],[-83.6542,35.56964],[-83.65209,35.56825],[-83.65125,35.56828],[-83.65029,35.5679],[-83.64887,35.56766],[-83.64831,35.56746],[-83.64734,35.56675],[-83.64694,35.56667],[-83.64621,35.56674],[-83.64592,35.56658],[-83.64588,35.56638],[-83.64548,35.56595],[-83.64526,35.56586],[-83.64391,35.56596],[-83.64313,35.56609],[-83.64259,35.56631],[-83.64223,35.56627],[-83.64192,35.56649],[-83.64149,35.56639],[-83.63981,35.56677],[-83.63943,35.56675],[-83.6376,35.56753],[-83.6365,35.56771],[-83.63574,35.568],[-83.63469,35.56877],[-83.63391,35.56905],[-83.63369,35.56922],[-83.63339,35.56976],[-83.63285,35.56998],[-83.63217,35.56986],[-83.63189,35.56964],[-83.63126,35.56946],[-83.63039,35.56897],[-83.6295,35.56876],[-83.62917,35.56876],[-83.6285,35.56905],[-83.62795,35.56885],[-83.62716,35.56904],[-83.62637,35.5695],[-83.62496,35.57074],[-83.62392,35.571],[-83.62351,35.57121],[-83.62318,35.57145],[-83.62288,35.57194],[-83.62217,35.5722],[-83.62136,35.57272],[-83.62089,35.57286],[-83.61972,35.57245],[-83.61918,35.57242],[-83.61763,35.5732],[-83.61697,35.57326],[-83.61593,35.57365],[-83.61511,35.5746],[-83.61378,35.5751],[-83.61305,35.57557],[-83.61288,35.57589],[-83.61238,35.57615],[-83.61194,35.57686],[-83.61161,35.57719],[-83.61067,35.57765],[-83.61009,35.57808],[-83.60981,35.57839],[-83.60962,35.57885],[-83.60907,35.57923],[-83.6087,35.5798],[-83.60842,35.57998],[-83.60812,35.57996],[-83.60703,35.57933],[-83.6064,35.57953],[-83.60486,35.57941],[-83.60415,35.57923],[-83.60343,35.57932],[-83.60212,35.5791],[-83.6014,35.57863],[-83.60125,35.57849],[-83.60132,35.57818],[-83.60111,35.57791],[-83.60027,35.57763],[-83.59979,35.57725],[-83.59984,35.57611],[-83.59919,35.57524],[-83.59921,35.57463],[-83.59944,35.57394],[-83.59929,35.57375],[-83.59825,35.5743],[-83.59773,35.57485],[-83.59748,35.57497],[-83.59673,35.57516],[-83.59583,35.57489],[-83.59498,35.57365],[-83.59463,35.5734],[-83.59396,35.57323],[-83.59292,35.57265],[-83.59205,35.57204],[-83.5916,35.57153],[-83.59151,35.571],[-83.59135,35.57079],[-83.5914,35.57054],[-83.5912,35.5693],[-83.59084,35.56898],[-83.58998,35.56869],[-83.58929,35.56829],[-83.58804,35.56748],[-83.58739,35.56687],[-83.58683,35.5657],[-83.58669,35.56478],[-83.58704,35.56382],[-83.58689,35.56361],[-83.58647,35.56333],[-83.58584,35.56324],[-83.58586,35.56343],[-83.58573,35.56344],[-83.58414,35.56278],[-83.58157,35.56282],[-83.58118,35.56293],[-83.58002,35.56361],[-83.57912,35.56382],[-83.57492,35.56394],[-83.57452,35.56405],[-83.57382,35.56477],[-83.57278,35.56548],[-83.57174,35.56551],[-83.57132,35.56539],[-83.57067,35.56501],[-83.57008,35.56488],[-83.56877,35.56418],[-83.56702,35.56416],[-83.56663,35.56432],[-83.56602,35.56493],[-83.56583,35.56551],[-83.56551,35.56601],[-83.56538,35.56598],[-83.56514,35.5662],[-83.56505,35.56589],[-83.56473,35.56619],[-83.56447,35.56581],[-83.5628,35.56542],[-83.56243,35.56521],[-83.56185,35.56528],[-83.56127,35.56501],[-83.56066,35.565],[-83.55968,35.56459],[-83.5592,35.56454],[-83.55736,35.56507],[-83.55723,35.56497],[-83.55647,35.5651],[-83.55614,35.56492],[-83.55505,35.56484],[-83.55372,35.56447],[-83.55241,35.56427],[-83.55157,35.56395],[-83.55124,35.56357],[-83.55087,35.56343],[-83.54914,35.56422],[-83.548,35.56413],[-83.54666,35.56449],[-83.54601,35.56478],[-83.54498,35.56477],[-83.54385,35.56513],[-83.54272,35.56514],[-83.54235,35.56527],[-83.5422,35.56519],[-83.54106,35.56581],[-83.53962,35.56556],[-83.53893,35.56529],[-83.53839,35.56485],[-83.53803,35.56491],[-83.53596,35.56461],[-83.53523,35.56491],[-83.53458,35.56477],[-83.53435,35.56484],[-83.53383,35.56461],[-83.533,35.56454],[-83.53266,35.5644],[-83.53183,35.56455],[-83.53151,35.56442],[-83.52994,35.5645],[-83.52913,35.56511],[-83.52861,35.56489],[-83.52775,35.5649],[-83.52749,35.565],[-83.52674,35.56478],[-83.52576,35.56475],[-83.52454,35.56528],[-83.5233,35.56525],[-83.52308,35.5654],[-83.52133,35.56571],[-83.52069,35.5655],[-83.52013,35.56493],[-83.51925,35.5644],[-83.51896,35.56396],[-83.51864,35.56389],[-83.51836,35.56335],[-83.51806,35.56322],[-83.5177,35.56287],[-83.51659,35.56236],[-83.51591,35.56247],[-83.51566,35.5624],[-83.51331,35.56306],[-83.51288,35.56306],[-83.51165,35.56273],[-83.50982,35.56259],[-83.50861,35.56212],[-83.50717,35.56182],[-83.50681,35.56187],[-83.50593,35.56228],[-83.50422,35.56208],[-83.50325,35.56211],[-83.50258,35.56231],[-83.50011,35.56263],[-83.49972,35.56298],[-83.49859,35.56342],[-83.49833,35.56338],[-83.49771,35.56292],[-83.49754,35.56398],[-83.4974,35.56404],[-83.49688,35.56392],[-83.49635,35.56478],[-83.49631,35.56506],[-83.4958,35.56532],[-83.49532,35.56578],[-83.49369,35.56671],[-83.49179,35.56704],[-83.4902,35.56707],[-83.48805,35.56764],[-83.48601,35.56795],[-83.48513,35.56858],[-83.48518,35.56882],[-83.4858,35.5693],[-83.48413,35.57051],[-83.48259,35.57229],[-83.48279,35.57238],[-83.48344,35.57219],[-83.48292,35.57349],[-83.48253,35.57384],[-83.4818,35.57424],[-83.48162,35.57473],[-83.48115,35.57526],[-83.48101,35.57664],[-83.48049,35.57804],[-83.48019,35.5784],[-83.47965,35.57871],[-83.47907,35.57929],[-83.47837,35.57959],[-83.47841,35.57987],[-83.47827,35.58002],[-83.47856,35.58042],[-83.47859,35.58083],[-83.47905,35.58171],[-83.4793,35.58252],[-83.47903,35.58275],[-83.47881,35.58331],[-83.47833,35.58365],[-83.47645,35.58424],[-83.47549,35.58443],[-83.47537,35.58484],[-83.47423,35.58511],[-83.47388,35.5853],[-83.47305,35.58615],[-83.47239,35.58664],[-83.47235,35.58737],[-83.47267,35.58763],[-83.47277,35.58797],[-83.47252,35.58854],[-83.47307,35.58922],[-83.47359,35.58918],[-83.47388,35.58947],[-83.47431,35.59023],[-83.47422,35.59068],[-83.47388,35.59074],[-83.47245,35.59041],[-83.4715,35.59055],[-83.47065,35.5905],[-83.46966,35.59073],[-83.46885,35.59075],[-83.46823,35.59096],[-83.46798,35.59126],[-83.46759,35.59149],[-83.46681,35.59173],[-83.46533,35.59177],[-83.46325,35.59221],[-83.46294,35.59258],[-83.46264,35.59329],[-83.46274,35.59357],[-83.46339,35.59384],[-83.46342,35.59397],[-83.46305,35.59449],[-83.463,35.59481],[-83.46256,35.59554],[-83.46218,35.59578],[-83.46185,35.59623],[-83.46156,35.59636],[-83.46067,35.59623],[-83.4602,35.5963],[-83.46015,35.59655],[-83.46035,35.59682],[-83.46032,35.5973],[-83.45984,35.59788],[-83.45917,35.59797],[-83.45865,35.59783],[-83.45802,35.59787],[-83.4574,35.59814],[-83.45651,35.59807],[-83.45597,35.59823],[-83.45594,35.59839],[-83.45646,35.59918],[-83.45639,35.59969],[-83.45653,35.60015],[-83.4563,35.6005],[-83.45579,35.60077],[-83.4554,35.60127],[-83.45519,35.60212],[-83.45497,35.6022],[-83.45446,35.60211],[-83.45308,35.60265],[-83.45291,35.6029],[-83.45308,35.60306],[-83.45338,35.60307],[-83.45319,35.60329],[-83.45216,35.60355],[-83.45102,35.6042],[-83.45121,35.60505],[-83.45048,35.60583],[-83.45041,35.60632],[-83.44993,35.60669],[-83.44997,35.60685],[-83.44981,35.60716],[-83.44941,35.60746],[-83.44809,35.60795],[-83.44781,35.60822],[-83.44733,35.60838],[-83.44737,35.6085],[-83.44787,35.60863],[-83.44674,35.60936],[-83.44654,35.60936],[-83.44752,35.61091],[-83.44619,35.61033],[-83.4455,35.61073],[-83.44478,35.61061],[-83.44431,35.61066],[-83.44381,35.61141],[-83.44325,35.61181],[-83.44198,35.61159],[-83.441,35.61189],[-83.4395,35.61105],[-83.43839,35.61108],[-83.43713,35.61084],[-83.436,35.61118],[-83.43544,35.6116],[-83.43495,35.61161],[-83.43427,35.61186],[-83.43334,35.6115],[-83.43323,35.61133],[-83.43324,35.611],[-83.43288,35.61065],[-83.43224,35.61048],[-83.43102,35.61045],[-83.43014,35.61063],[-83.42901,35.61166],[-83.42825,35.61133],[-83.42743,35.61155],[-83.42689,35.61185],[-83.4267,35.61226],[-83.42593,35.61155],[-83.42482,35.61096],[-83.42078,35.61077],[-83.42057,35.61147],[-83.42016,35.61162],[-83.42038,35.61219],[-83.42012,35.61259],[-83.42013,35.61309],[-83.41983,35.61356],[-83.41925,35.6138],[-83.41897,35.61404],[-83.41865,35.61401],[-83.41761,35.61429],[-83.4171,35.61487],[-83.41645,35.61465],[-83.41599,35.61499],[-83.41543,35.61506],[-83.41534,35.61523],[-83.4152,35.6152],[-83.41518,35.61535],[-83.415,35.61544],[-83.41506,35.61589],[-83.41425,35.6161],[-83.41385,35.61643],[-83.41336,35.61627],[-83.41275,35.61647],[-83.41246,35.61669],[-83.41248,35.61699],[-83.41223,35.61724],[-83.41239,35.61771],[-83.41226,35.61806],[-83.41148,35.61791],[-83.41095,35.61816],[-83.41001,35.61819],[-83.40967,35.61844],[-83.40927,35.61907],[-83.40839,35.61924],[-83.40775,35.62013],[-83.40645,35.62018],[-83.40522,35.62064],[-83.40445,35.62111],[-83.40232,35.62133],[-83.40116,35.62131],[-83.40063,35.62156],[-83.39921,35.62171],[-83.39873,35.62189],[-83.398,35.6219],[-83.39754,35.62201],[-83.3972,35.6227],[-83.39685,35.62286],[-83.39617,35.62274],[-83.39565,35.62294],[-83.39478,35.62359],[-83.39426,35.62445],[-83.3928,35.62498],[-83.39265,35.62552],[-83.39205,35.62614],[-83.39192,35.6265],[-83.39111,35.6271],[-83.39066,35.62839],[-83.39013,35.62833],[-83.38977,35.62843],[-83.38955,35.6286],[-83.38894,35.62958],[-83.38841,35.62987],[-83.38736,35.63011],[-83.38669,35.62999],[-83.38628,35.63004],[-83.38623,35.63019],[-83.3867,35.63048],[-83.38691,35.63098],[-83.38709,35.63113],[-83.38696,35.63156],[-83.38604,35.63266],[-83.38613,35.63311],[-83.38606,35.63359],[-83.38455,35.63407],[-83.38293,35.63433],[-83.38217,35.63465],[-83.38061,35.6346],[-83.37976,35.63494],[-83.37937,35.63485],[-83.37853,35.63503],[-83.37785,35.63566],[-83.37726,35.63586],[-83.37674,35.63677],[-83.37575,35.63704],[-83.37527,35.63752],[-83.37437,35.63786],[-83.37416,35.63794],[-83.3735,35.63783],[-83.37239,35.63842],[-83.37174,35.63835],[-83.37088,35.63798],[-83.37005,35.63825],[-83.36908,35.63814],[-83.36865,35.63832],[-83.36806,35.63833],[-83.36738,35.63889],[-83.36692,35.63965],[-83.36628,35.64027],[-83.36592,35.64072],[-83.36589,35.64102],[-83.36567,35.64139],[-83.36501,35.64169],[-83.36452,35.64224],[-83.36429,35.6427],[-83.3634,35.64307],[-83.36213,35.64301],[-83.36177,35.64315],[-83.36218,35.64363],[-83.36205,35.64409],[-83.36156,35.64446],[-83.36149,35.64477],[-83.36086,35.64546],[-83.3608,35.64569],[-83.36033,35.64601],[-83.35976,35.6462],[-83.35971,35.6465],[-83.35897,35.64685],[-83.35833,35.6477],[-83.35839,35.64808],[-83.35864,35.64845],[-83.35861,35.64862],[-83.35878,35.649],[-83.35858,35.64909],[-83.35804,35.64903],[-83.35771,35.64912],[-83.35667,35.64981],[-83.35584,35.65169],[-83.35591,35.65199],[-83.35576,35.65218],[-83.35578,35.65252],[-83.35597,35.65267],[-83.35603,35.65325],[-83.35736,35.65421],[-83.35744,35.655],[-83.35801,35.65557],[-83.35805,35.65588],[-83.35794,35.65612],[-83.35769,35.65615],[-83.35691,35.65567],[-83.35628,35.65562],[-83.35546,35.65579],[-83.35447,35.65635],[-83.35391,35.65697],[-83.35387,35.65747],[-83.35338,35.65837],[-83.35333,35.65937],[-83.35186,35.66016],[-83.35146,35.66078],[-83.3513,35.66139],[-83.35073,35.66087],[-83.3502,35.66069],[-83.34941,35.66078],[-83.34879,35.66116],[-83.34816,35.66104],[-83.34729,35.66145],[-83.34674,35.66127],[-83.34619,35.66139],[-83.34568,35.6612],[-83.3449,35.66137],[-83.34322,35.66252],[-83.3431,35.66301],[-83.34336,35.66409],[-83.34304,35.66456],[-83.34256,35.66474],[-83.34195,35.66523],[-83.34133,35.66637],[-83.34059,35.66556],[-83.34024,35.66452],[-83.33951,35.66384],[-83.339,35.66353],[-83.33752,35.66406],[-83.33627,35.66486],[-83.33507,35.66507],[-83.33382,35.66509],[-83.33291,35.66494],[-83.3323,35.66456],[-83.33076,35.66449],[-83.3302,35.66429],[-83.3295,35.66376],[-83.32865,35.66364],[-83.32748,35.66368],[-83.32644,35.66328],[-83.32555,35.6634],[-83.32493,35.66305],[-83.32367,35.66307],[-83.32235,35.66265],[-83.32173,35.66262],[-83.32107,35.66243],[-83.32041,35.66201],[-83.32028,35.66135],[-83.3199,35.66099],[-83.31981,35.66074],[-83.31861,35.6601],[-83.31844,35.65977],[-83.31771,35.65918],[-83.31756,35.65875],[-83.3173,35.65843],[-83.31661,35.65818],[-83.31632,35.65764],[-83.31647,35.6571],[-83.31571,35.65704],[-83.31522,35.65678],[-83.3147,35.65667],[-83.31388,35.6562],[-83.31329,35.65511],[-83.31294,35.65429],[-83.31288,35.65386],[-83.31203,35.6541],[-83.31103,35.65409],[-83.3104,35.65377],[-83.31014,35.65338],[-83.31008,35.65309],[-83.30962,35.65282],[-83.30901,35.65297],[-83.30929,35.6541],[-83.30877,35.65492],[-83.30817,35.65534],[-83.30712,35.6557],[-83.30646,35.65549],[-83.30501,35.65554],[-83.30369,35.65588],[-83.3032,35.65629],[-83.30295,35.65637],[-83.30272,35.65666],[-83.30236,35.6568],[-83.30131,35.65675],[-83.3006,35.65705],[-83.29937,35.65717],[-83.29897,35.65713],[-83.29834,35.65677],[-83.29773,35.65686],[-83.29746,35.65703],[-83.29755,35.6575],[-83.29717,35.65809],[-83.29614,35.65844],[-83.29613,35.6591],[-83.29577,35.65954],[-83.29467,35.66018],[-83.29449,35.66051],[-83.29452,35.66088],[-83.29434,35.66149],[-83.294,35.66169],[-83.2934,35.6618],[-83.29329,35.66195],[-83.29343,35.66272],[-83.29335,35.66323],[-83.29363,35.66358],[-83.29364,35.66417],[-83.29383,35.66454],[-83.29388,35.665],[-83.29334,35.66545],[-83.29325,35.66567],[-83.2928,35.66574],[-83.2924,35.66608],[-83.29222,35.66646],[-83.29224,35.66711],[-83.292,35.66744],[-83.2919,35.66786],[-83.29111,35.66889],[-83.29109,35.6693],[-83.29151,35.67026],[-83.29226,35.67147],[-83.29295,35.67222],[-83.29321,35.67358],[-83.29222,35.67358],[-83.2904,35.67458],[-83.28933,35.67478],[-83.28865,35.67508],[-83.28736,35.67456],[-83.28649,35.67445],[-83.28557,35.67438],[-83.28376,35.67452],[-83.28244,35.67558],[-83.28223,35.67627],[-83.2817,35.67734],[-83.28123,35.67779],[-83.28057,35.67802],[-83.27901,35.67812],[-83.27823,35.67846],[-83.27748,35.67862],[-83.27649,35.67867],[-83.27472,35.67902],[-83.27417,35.67935],[-83.27328,35.68021],[-83.27222,35.68065],[-83.27186,35.6812],[-83.27149,35.68147],[-83.26935,35.68222],[-83.26991,35.68354],[-83.26964,35.68435],[-83.26964,35.68532],[-83.26947,35.68574],[-83.26904,35.6862],[-83.26914,35.68694],[-83.26908,35.68737],[-83.26854,35.68785],[-83.26847,35.68817],[-83.26824,35.68843],[-83.2661,35.68879],[-83.26559,35.68863],[-83.26524,35.68816],[-83.26418,35.68771],[-83.26329,35.68773],[-83.26247,35.68806],[-83.26236,35.68859],[-83.26203,35.68889],[-83.26201,35.68955],[-83.26173,35.68983],[-83.26001,35.69021],[-83.25912,35.69012],[-83.25903,35.69051],[-83.25864,35.69088],[-83.25826,35.69175],[-83.25841,35.69245],[-83.25831,35.69285],[-83.25712,35.6937],[-83.25691,35.69415],[-83.25657,35.69448],[-83.25663,35.69479],[-83.25647,35.69507],[-83.25599,35.69533],[-83.2554,35.696],[-83.25506,35.69792],[-83.25549,35.69827],[-83.25564,35.69854],[-83.25568,35.69946],[-83.25549,35.70007],[-83.25548,35.70143],[-83.25631,35.70219],[-83.25736,35.70268],[-83.25864,35.7027],[-83.26016,35.70298],[-83.26185,35.70282],[-83.26371,35.70513],[-83.26367,35.70536],[-83.26309,35.70586],[-83.26255,35.70626],[-83.26162,35.70669],[-83.26009,35.70702],[-83.25916,35.70754],[-83.25707,35.70808],[-83.25592,35.70853],[-83.25438,35.70951],[-83.254,35.71003],[-83.25308,35.71092],[-83.253,35.71124],[-83.25322,35.71166],[-83.25445,35.71305],[-83.25488,35.71338],[-83.25617,35.7139],[-83.257,35.71474],[-83.25719,35.71507],[-83.25653,35.71564],[-83.25626,35.71643],[-83.25486,35.71728],[-83.25408,35.7181],[-83.25291,35.7185],[-83.25126,35.71973],[-83.24943,35.72052],[-83.24892,35.72061],[-83.24845,35.72104],[-83.24725,35.72141],[-83.24673,35.7217],[-83.24607,35.72166],[-83.24509,35.72197],[-83.24467,35.72229],[-83.24419,35.72287],[-83.24345,35.72315],[-83.24294,35.72349],[-83.24193,35.72472],[-83.24138,35.72586],[-83.24061,35.7264],[-83.24018,35.72654],[-83.23861,35.72676],[-83.23815,35.72676],[-83.23758,35.7265],[-83.23574,35.72642],[-83.23449,35.72596],[-83.23385,35.7256],[-83.229,35.72526],[-83.22789,35.72534],[-83.22731,35.7257],[-83.22691,35.72579],[-83.22465,35.72597],[-83.22367,35.72586],[-83.22231,35.72549],[-83.22115,35.7261],[-83.2199,35.72583],[-83.21952,35.72596],[-83.21875,35.72598],[-83.21842,35.7262],[-83.21793,35.72625],[-83.21738,35.72649],[-83.21718,35.72664],[-83.21697,35.72716],[-83.21663,35.72728],[-83.21612,35.72699],[-83.21625,35.72629],[-83.21516,35.72423],[-83.21434,35.72359],[-83.21416,35.72326],[-83.21395,35.72363],[-83.21337,35.7242],[-83.2122,35.72445],[-83.21082,35.72446],[-83.20925,35.72539],[-83.20815,35.7256],[-83.20766,35.72554],[-83.20636,35.72596],[-83.20533,35.72585],[-83.20397,35.72622],[-83.20323,35.7259],[-83.20253,35.72599],[-83.20217,35.7255],[-83.20154,35.72525],[-83.20079,35.72514],[-83.19997,35.72536],[-83.19961,35.72563],[-83.19891,35.72571],[-83.19852,35.72591],[-83.19839,35.7262],[-83.19769,35.72588],[-83.19745,35.72592],[-83.19627,35.72639],[-83.19548,35.72697],[-83.19457,35.72732],[-83.19414,35.72818],[-83.19358,35.72837],[-83.19246,35.72828],[-83.19151,35.72852],[-83.19098,35.72905],[-83.19043,35.72904],[-83.18997,35.72916],[-83.18893,35.72969],[-83.18836,35.72965],[-83.18754,35.72942],[-83.1873,35.72898],[-83.18533,35.72793],[-83.185,35.72737],[-83.18473,35.72718],[-83.18427,35.72718],[-83.18321,35.72749],[-83.18269,35.72783],[-83.18255,35.72839],[-83.18223,35.7287],[-83.18239,35.72924],[-83.18217,35.7302],[-83.18231,35.73095],[-83.1816,35.73153],[-83.18197,35.73173],[-83.18204,35.7319],[-83.18205,35.73202],[-83.18175,35.73236],[-83.18222,35.7325],[-83.18258,35.73276],[-83.18259,35.73305],[-83.18212,35.73384],[-83.18089,35.73479],[-83.18096,35.73493],[-83.1815,35.73523],[-83.18158,35.73543],[-83.1811,35.73656],[-83.18108,35.73696],[-83.18128,35.73776],[-83.1818,35.73872],[-83.18177,35.73891],[-83.1816,35.73926],[-83.18157,35.73962],[-83.18094,35.74003],[-83.18077,35.74106],[-83.18017,35.7413],[-83.17916,35.74224],[-83.17896,35.74256],[-83.179,35.74302],[-83.17934,35.74359],[-83.17934,35.74374],[-83.17905,35.74413],[-83.17902,35.74453],[-83.17938,35.74507],[-83.17931,35.74556],[-83.17917,35.74564],[-83.17878,35.74529],[-83.17826,35.74504],[-83.17761,35.74501],[-83.17674,35.7447],[-83.17653,35.74473],[-83.17558,35.74507],[-83.17531,35.74537],[-83.17395,35.74545],[-83.1729,35.74589],[-83.17228,35.74668],[-83.17177,35.74658],[-83.17113,35.74668],[-83.1701,35.74734],[-83.16948,35.74814],[-83.16944,35.74874],[-83.16879,35.74958],[-83.16868,35.7501],[-83.1683,35.75027],[-83.16725,35.75153],[-83.16669,35.75192],[-83.16604,35.75262],[-83.1655,35.75325],[-83.16523,35.75393],[-83.16472,35.7545],[-83.16524,35.75536],[-83.16528,35.75572],[-83.16555,35.75604],[-83.16539,35.75706],[-83.16507,35.75748],[-83.1646,35.75879],[-83.16385,35.75914],[-83.16279,35.75926],[-83.16227,35.75937],[-83.162,35.75955],[-83.16199,35.76027],[-83.1618,35.7605],[-83.161,35.76085],[-83.16115,35.76141],[-83.16104,35.76163],[-83.16053,35.76199],[-83.15999,35.76207],[-83.15919,35.76192],[-83.15761,35.7621],[-83.15771,35.7623],[-83.15823,35.76261],[-83.15851,35.76296],[-83.15839,35.76317],[-83.15881,35.76388],[-83.15882,35.76452],[-83.15815,35.76473],[-83.15735,35.76482],[-83.15693,35.76507],[-83.15716,35.7647],[-83.15779,35.76443],[-83.15802,35.76414],[-83.15727,35.76323],[-83.15736,35.76388],[-83.15722,35.76404],[-83.15491,35.76416],[-83.15333,35.76408],[-83.15257,35.76431],[-83.15174,35.76426],[-83.14835,35.76313],[-83.14741,35.76311],[-83.14734,35.763],[-83.14505,35.76218],[-83.14456,35.76244],[-83.14443,35.76263],[-83.14449,35.76281],[-83.14492,35.76309],[-83.14495,35.76338],[-83.14482,35.76393],[-83.14494,35.76432],[-83.14454,35.76486],[-83.14449,35.76517],[-83.14419,35.76532],[-83.14317,35.76532],[-83.14269,35.76558],[-83.14207,35.7657],[-83.14122,35.76567],[-83.14065,35.76555],[-83.13964,35.76477],[-83.1392,35.76473],[-83.13864,35.76489],[-83.13775,35.76486],[-83.13727,35.76511],[-83.13673,35.76488],[-83.13596,35.76423],[-83.13546,35.76396],[-83.13495,35.76334],[-83.13484,35.76365],[-83.13498,35.7642],[-83.13542,35.76479],[-83.1353,35.76499],[-83.1353,35.76547],[-83.13486,35.76575],[-83.13473,35.7664],[-83.1345,35.76661],[-83.1337,35.76697],[-83.13315,35.76771],[-83.13262,35.7676],[-83.13188,35.76812],[-83.13128,35.7679],[-83.13051,35.76809],[-83.13017,35.76863],[-83.12979,35.76884],[-83.12901,35.76888],[-83.12722,35.76957],[-83.12708,35.76978],[-83.12724,35.77009],[-83.12708,35.77042],[-83.12792,35.7711],[-83.1271,35.77121],[-83.12654,35.77099],[-83.12621,35.77098],[-83.12623,35.77049],[-83.12588,35.77006],[-83.12605,35.7696],[-83.12516,35.76941],[-83.1247,35.76945],[-83.12425,35.7689],[-83.1238,35.76894],[-83.12339,35.76872],[-83.12289,35.76909],[-83.12216,35.76927],[-83.12199,35.7692],[-83.12177,35.76846],[-83.12004,35.76919],[-83.12001,35.7688],[-83.11981,35.76842],[-83.11942,35.76847],[-83.1184,35.76954],[-83.11827,35.76957],[-83.11729,35.76913],[-83.11679,35.76934],[-83.11678,35.76954],[-83.11697,35.76977],[-83.11647,35.77004],[-83.11583,35.7696],[-83.11543,35.76956],[-83.11477,35.76973],[-83.11411,35.77022],[-83.11256,35.77047],[-83.11222,35.77044],[-83.11182,35.77058],[-83.11129,35.77048],[-83.11049,35.77088],[-83.1098,35.77085],[-83.10951,35.77131],[-83.10949,35.77155],[-83.11,35.77288],[-83.10964,35.77314],[-83.10935,35.7738],[-83.10934,35.7742],[-83.10949,35.77447],[-83.10928,35.77489],[-83.10954,35.77526],[-83.10942,35.77553],[-83.11031,35.776],[-83.11035,35.77642],[-83.11074,35.77693],[-83.11067,35.77725],[-83.11107,35.77813],[-83.11123,35.77958],[-83.11143,35.77913],[-83.11173,35.77903],[-83.11168,35.77935],[-83.11177,35.77952],[-83.1123,35.78008],[-83.11278,35.78038],[-83.11376,35.78064],[-83.11429,35.78056],[-83.1147,35.78065],[-83.11492,35.78103],[-83.11485,35.78122],[-83.11523,35.78148],[-83.11532,35.78167],[-83.11522,35.7827],[-83.11507,35.78258],[-83.11493,35.78261],[-83.1146,35.78307],[-83.11401,35.78355],[-83.11364,35.78457],[-83.11229,35.78544],[-83.11109,35.7838],[-83.10965,35.78361],[-83.10928,35.78331],[-83.10916,35.78334],[-83.10919,35.78371],[-83.10843,35.78377],[-83.10853,35.78345],[-83.10848,35.78249],[-83.10783,35.7822],[-83.10748,35.7823],[-83.10666,35.78206],[-83.1065,35.78173],[-83.10599,35.78159],[-83.10577,35.78129],[-83.10532,35.78108],[-83.10504,35.78107],[-83.1046,35.78153],[-83.10422,35.7813],[-83.10376,35.78134],[-83.10341,35.782],[-83.1027,35.78188],[-83.10219,35.78204],[-83.10202,35.78222],[-83.10199,35.78245],[-83.10232,35.78304],[-83.10217,35.7831],[-83.10169,35.78215],[-83.10171,35.78239],[-83.10217,35.7831],[-83.10161,35.78204],[-83.10159,35.78147],[-83.10109,35.78132],[-83.10108,35.78101],[-83.10065,35.78077],[-83.1003,35.78087],[-83.09936,35.78005],[-83.09919,35.78001],[-83.09977,35.78123],[-83.09978,35.78148],[-83.09961,35.78175],[-83.09976,35.78195],[-83.09958,35.78228],[-83.09956,35.7821],[-83.09895,35.78151],[-83.09881,35.78143],[-83.09901,35.78215],[-83.09844,35.78164],[-83.09811,35.7816],[-83.098,35.78108],[-83.09717,35.78078],[-83.09726,35.78061],[-83.09694,35.78028],[-83.09632,35.77999],[-83.09574,35.77953],[-83.09522,35.77947],[-83.09524,35.77904],[-83.0951,35.77892],[-83.0943,35.77928],[-83.09329,35.77849],[-83.09305,35.77845],[-83.09352,35.77933],[-83.09292,35.77909],[-83.09243,35.77923],[-83.09212,35.77962],[-83.09129,35.77987],[-83.09089,35.7799],[-83.09061,35.77976],[-83.09008,35.77973],[-83.08966,35.78012],[-83.0892,35.78012],[-83.08893,35.78027],[-83.08885,35.78064],[-83.08842,35.78089],[-83.08862,35.78187],[-83.08845,35.78238],[-83.08744,35.78322],[-83.08707,35.78315],[-83.08657,35.78335],[-83.08609,35.78322],[-83.08517,35.78347],[-83.08456,35.78377],[-83.08343,35.7833],[-83.08308,35.78331],[-83.08272,35.78338],[-83.08156,35.78404],[-83.08014,35.78401],[-83.07961,35.78421],[-83.07913,35.78476],[-83.07871,35.78505],[-83.07846,35.78568],[-83.07829,35.78548],[-83.07783,35.78532],[-83.07687,35.7855],[-83.07619,35.78546],[-83.07573,35.78518],[-83.07541,35.78447],[-83.07487,35.78424],[-83.07457,35.78458],[-83.07464,35.78492],[-83.07457,35.78519],[-83.07408,35.78591],[-83.07393,35.78638],[-83.07344,35.78701],[-83.07405,35.78703],[-83.07428,35.78754],[-83.07414,35.78797],[-83.0742,35.78827],[-83.07559,35.78937],[-83.07513,35.78944],[-83.07455,35.78932],[-83.07345,35.78894],[-83.07315,35.78869],[-83.07209,35.78836],[-83.07002,35.78807],[-83.0695,35.78815],[-83.06904,35.78806],[-83.06812,35.78674],[-83.06809,35.78621],[-83.06791,35.78616],[-83.0669,35.78645],[-83.06622,35.78647],[-83.06306,35.78713],[-83.06165,35.78708],[-83.06014,35.7879],[-83.05993,35.78782],[-83.05921,35.78798],[-83.05749,35.78875],[-83.05388,35.78936],[-83.05263,35.78946],[-83.05174,35.78928],[-83.05031,35.78861],[-83.04861,35.78809],[-83.04816,35.78772],[-83.04794,35.78732],[-83.04666,35.78654],[-83.04639,35.78619],[-83.04603,35.78599],[-83.0451,35.78579],[-83.04422,35.78523],[-83.04391,35.78483],[-83.04385,35.78368],[-83.04364,35.78324],[-83.04286,35.78374],[-83.04286,35.78396],[-83.04261,35.78408],[-83.04121,35.78411],[-83.04077,35.78389],[-83.04028,35.78401],[-83.04012,35.78457],[-83.03964,35.78485],[-83.03941,35.78619],[-83.03859,35.78693],[-83.03804,35.78705],[-83.03739,35.78695],[-83.03676,35.78729],[-83.03582,35.7871],[-83.03522,35.78727],[-83.0342,35.78702],[-83.03372,35.78706],[-83.03249,35.78637],[-83.0317,35.78553],[-83.03131,35.7846],[-83.03099,35.78467],[-83.0304,35.78505],[-83.03017,35.7856],[-83.03008,35.78554],[-83.02988,35.78468],[-83.03024,35.78429],[-83.03038,35.78377],[-83.03088,35.78334],[-83.03075,35.7828],[-83.0305,35.78255],[-83.03035,35.7831],[-83.0295,35.78344],[-83.02887,35.78342],[-83.02829,35.78369],[-83.02786,35.78349],[-83.02776,35.78353],[-83.02742,35.78375],[-83.02745,35.78426],[-83.02644,35.78396],[-83.02621,35.78353],[-83.02605,35.78349],[-83.02514,35.78383],[-83.0251,35.78338],[-83.02485,35.78275],[-83.02446,35.78243],[-83.02462,35.78208],[-83.02414,35.78104],[-83.02399,35.78098],[-83.02335,35.7811],[-83.02308,35.78166],[-83.02315,35.78232],[-83.02285,35.78248],[-83.02202,35.78199],[-83.02129,35.78123],[-83.02131,35.78081],[-83.02108,35.78048],[-83.02128,35.78007],[-83.02113,35.77987],[-83.02083,35.78009],[-83.01944,35.78036],[-83.01916,35.78068],[-83.01879,35.78087],[-83.01756,35.78095],[-83.01633,35.78171],[-83.01573,35.78182],[-83.01541,35.78145],[-83.014,35.78121],[-83.01346,35.78096],[-83.01183,35.77972],[-83.01149,35.77904],[-83.01077,35.77868],[-83.01008,35.77878],[-83.00941,35.77864],[-83.00844,35.77873],[-83.00782,35.77847],[-83.00673,35.7787],[-83.00604,35.77857],[-83.0049,35.77747],[-83.00471,35.77703],[-83.00464,35.77663],[-83.00476,35.77654],[-83.0053,35.77655],[-83.00516,35.77605],[-83.00558,35.77563],[-83.00501,35.7753],[-83.00492,35.77503],[-83.00503,35.77464],[-83.00447,35.77451],[-83.00358,35.77456],[-83.00305,35.77472],[-83.00274,35.77463],[-83.00257,35.77431],[-83.0023,35.77413],[-83.00112,35.77382],[-83.00067,35.77358],[-83.0005,35.77379],[-83.00005,35.77376],[-82.99999,35.77393],[-82.99973,35.77399],[-82.99945,35.77392],[-82.99936,35.77364],[-82.99854,35.77334],[-82.99838,35.77314],[-82.99849,35.77285],[-82.99893,35.77282],[-82.99925,35.7726],[-82.99936,35.77223],[-82.99885,35.77237],[-82.99792,35.77204],[-82.99769,35.77243],[-82.9969,35.77256],[-82.99658,35.7729],[-82.99604,35.77266],[-82.99589,35.77292],[-82.99544,35.77311],[-82.9953,35.77336],[-82.99501,35.77317],[-82.99434,35.77334],[-82.99351,35.77313],[-82.99302,35.77336],[-82.99312,35.77305],[-82.99285,35.77286],[-82.99234,35.77321],[-82.99202,35.77399],[-82.9913,35.77455],[-82.99095,35.77508],[-82.99064,35.77525],[-82.99017,35.77523],[-82.98994,35.77551],[-82.98885,35.7759],[-82.98733,35.77595],[-82.98673,35.77678],[-82.98619,35.7771],[-82.98525,35.77745],[-82.98456,35.7779],[-82.98425,35.77793],[-82.984,35.7778],[-82.98319,35.77796],[-82.98165,35.77879],[-82.9811,35.77926],[-82.98083,35.781],[-82.98064,35.7814],[-82.9796,35.7821],[-82.97934,35.78215],[-82.9791,35.78206],[-82.97904,35.78231],[-82.97867,35.78224],[-82.97838,35.78237],[-82.97706,35.78385],[-82.97691,35.78423],[-82.97541,35.78531],[-82.97471,35.78611],[-82.97441,35.78672],[-82.9729,35.78742],[-82.97212,35.78765],[-82.97181,35.78806],[-82.97042,35.78914],[-82.96808,35.78974],[-82.9665,35.78988],[-82.96576,35.79008],[-82.9652,35.78991],[-82.96407,35.78979],[-82.96387,35.78972],[-82.96359,35.78941],[-82.96351,35.79024],[-82.96317,35.79079],[-82.96221,35.7917],[-82.962,35.79216],[-82.96157,35.79235],[-82.96178,35.79277],[-82.96124,35.79271],[-82.95983,35.79222],[-82.95927,35.79224],[-82.95901,35.79213],[-82.95846,35.79233],[-82.95785,35.7924],[-82.958,35.79274],[-82.95822,35.79271],[-82.95807,35.7933],[-82.95685,35.79397],[-82.95715,35.79421],[-82.95761,35.79434],[-82.95777,35.79459],[-82.95805,35.79463],[-82.95839,35.79539],[-82.95829,35.79592],[-82.958,35.79658],[-82.95759,35.79704],[-82.95729,35.79721],[-82.95647,35.79727],[-82.95633,35.79737],[-82.956,35.79827],[-82.9555,35.79896],[-82.95474,35.79915],[-82.95393,35.79968],[-82.95339,35.79961],[-82.95278,35.7997],[-82.95256,35.80023],[-82.95116,35.79985],[-82.95063,35.79992],[-82.95024,35.80011],[-82.95015,35.80001],[-82.95023,35.79983],[-82.95099,35.79944],[-82.95155,35.79899],[-82.95133,35.79875],[-82.95126,35.7984],[-82.95089,35.7982],[-82.9507,35.7979],[-82.95065,35.79775],[-82.95086,35.79746],[-82.95077,35.79717],[-82.95027,35.79733],[-82.94812,35.7985],[-82.9473,35.79876],[-82.94714,35.79907],[-82.94685,35.79927],[-82.94667,35.79969],[-82.94617,35.80026],[-82.94601,35.801],[-82.94524,35.80132],[-82.94637,35.8018],[-82.94659,35.80174],[-82.94688,35.80145],[-82.94742,35.80198],[-82.94814,35.80199],[-82.94772,35.80231],[-82.94797,35.80266],[-82.94821,35.80335],[-82.94913,35.80361],[-82.94923,35.80414],[-82.94984,35.80462],[-82.95062,35.80477],[-82.95127,35.80473],[-82.9516,35.80503],[-82.95235,35.80509],[-82.95279,35.80525],[-82.95165,35.80594],[-82.95156,35.80641],[-82.95166,35.80667],[-82.95116,35.80653],[-82.95088,35.80616],[-82.95068,35.8062],[-82.95062,35.80645],[-82.95041,35.80617],[-82.95018,35.80608],[-82.94958,35.80607],[-82.94933,35.80617],[-82.94862,35.8071],[-82.94787,35.80771],[-82.94762,35.80831],[-82.94774,35.80868],[-82.94758,35.80943],[-82.94784,35.80978],[-82.94828,35.80983],[-82.94849,35.80968],[-82.9485,35.80982],[-82.94843,35.80995],[-82.94803,35.81004],[-82.94774,35.80995],[-82.94727,35.80944],[-82.94726,35.8096],[-82.94748,35.81005],[-82.94778,35.81031],[-82.94904,35.81055],[-82.94857,35.81081],[-82.94836,35.81108],[-82.94758,35.81133],[-82.94719,35.81164],[-82.94728,35.81185],[-82.94711,35.81214],[-82.94721,35.81238],[-82.94713,35.81256],[-82.94646,35.8127],[-82.94596,35.81254],[-82.94569,35.81323],[-82.94485,35.8129],[-82.94452,35.81325],[-82.9439,35.81319],[-82.94356,35.81303],[-82.94327,35.81328],[-82.94319,35.8135],[-82.94418,35.81383],[-82.94419,35.81429],[-82.94375,35.81509],[-82.94347,35.81529],[-82.94354,35.81596],[-82.94345,35.81619],[-82.94323,35.8163],[-82.94253,35.81635],[-82.94244,35.81646],[-82.94264,35.8169],[-82.9425,35.81747],[-82.94195,35.81746],[-82.94157,35.81764],[-82.94045,35.81767],[-82.94035,35.81777],[-82.94042,35.81793],[-82.94102,35.81825],[-82.94095,35.81836],[-82.94042,35.81848],[-82.94038,35.81889],[-82.93976,35.81861],[-82.93916,35.81858],[-82.939,35.81826],[-82.93882,35.81816],[-82.9376,35.8181],[-82.9371,35.81845],[-82.9371,35.81899],[-82.93658,35.81932],[-82.93669,35.81949],[-82.93721,35.8196],[-82.93803,35.82005],[-82.93776,35.82017],[-82.93709,35.82013],[-82.93664,35.82031],[-82.9368,35.82055],[-82.93749,35.82092],[-82.93777,35.82145],[-82.93807,35.82153],[-82.93844,35.82139],[-82.93852,35.82171],[-82.93886,35.82194],[-82.94027,35.82198],[-82.93995,35.82233],[-82.94031,35.82277],[-82.94027,35.82284],[-82.93993,35.82294],[-82.93942,35.82269],[-82.93908,35.82266],[-82.93903,35.82283],[-82.93932,35.82348],[-82.93895,35.82339],[-82.93857,35.82311],[-82.93798,35.82315],[-82.93795,35.82329],[-82.93775,35.82339],[-82.93755,35.82364],[-82.93765,35.82391],[-82.93754,35.82402],[-82.93743,35.82492],[-82.93756,35.82529],[-82.93667,35.82636],[-82.93577,35.82662],[-82.93544,35.82692],[-82.93535,35.82718],[-82.93556,35.82754],[-82.93579,35.82875],[-82.93675,35.82936],[-82.93719,35.83025],[-82.93707,35.83053],[-82.93653,35.83091],[-82.93698,35.83158],[-82.93725,35.83232],[-82.937,35.83296],[-82.9367,35.83326],[-82.93697,35.83348],[-82.93727,35.83333],[-82.93793,35.83352],[-82.93857,35.83354],[-82.9393,35.83418],[-82.93946,35.83457],[-82.94002,35.83516],[-82.93997,35.8355],[-82.93881,35.83698],[-82.93853,35.83708],[-82.93759,35.83667],[-82.93653,35.83654],[-82.93557,35.83584],[-82.93433,35.83538],[-82.9336,35.83523],[-82.93273,35.8348],[-82.93257,35.83525],[-82.93219,35.83542],[-82.93197,35.83591],[-82.93142,35.83587],[-82.93094,35.83616],[-82.93065,35.83657],[-82.93067,35.83696],[-82.92979,35.8371],[-82.92928,35.83666],[-82.92903,35.83672],[-82.92842,35.8376],[-82.9283,35.83804],[-82.92806,35.83828],[-82.92783,35.83841],[-82.92697,35.83823],[-82.926,35.8384],[-82.92558,35.83905],[-82.92557,35.83944],[-82.92545,35.83968],[-82.9251,35.83979],[-82.92435,35.8404],[-82.92382,35.8406],[-82.92437,35.83989],[-82.9243,35.83953],[-82.92389,35.8393],[-82.92394,35.83906],[-82.92331,35.83885],[-82.92287,35.83832],[-82.92215,35.83801],[-82.92137,35.83717],[-82.92025,35.83699],[-82.91997,35.83706],[-82.91958,35.8375],[-82.91935,35.83899],[-82.91905,35.83934],[-82.91764,35.83895],[-82.91732,35.83895],[-82.9171,35.83904],[-82.9168,35.83952],[-82.91554,35.83932],[-82.91556,35.83997],[-82.91544,35.84014],[-82.91433,35.8401],[-82.91339,35.84023],[-82.91202,35.84003],[-82.91133,35.84053],[-82.91049,35.8407],[-82.90986,35.84103],[-82.90911,35.84115],[-82.90773,35.84099],[-82.90672,35.84111],[-82.90639,35.84142],[-82.90621,35.84193],[-82.90561,35.84235],[-82.90525,35.84291],[-82.90508,35.84357],[-82.90517,35.84432],[-82.90474,35.84487],[-82.90434,35.84488],[-82.90374,35.84465],[-82.9033,35.84394],[-82.9034,35.84438],[-82.90328,35.84484],[-82.90421,35.84619],[-82.9038,35.84606],[-82.90352,35.84563],[-82.90305,35.84547],[-82.90201,35.8457],[-82.90202,35.84592],[-82.90239,35.84597],[-82.9019,35.84644],[-82.90096,35.84625],[-82.90044,35.84648],[-82.90044,35.84679],[-82.90081,35.84715],[-82.9017,35.84711],[-82.90142,35.84726],[-82.90116,35.84789],[-82.9005,35.84765],[-82.90012,35.84766],[-82.8995,35.84801],[-82.8994,35.84849],[-82.90046,35.84874],[-82.901,35.84856],[-82.90146,35.84877],[-82.90105,35.8488],[-82.90057,35.84921],[-82.90046,35.84999],[-82.90021,35.85025],[-82.89966,35.8502],[-82.89927,35.84993],[-82.89843,35.85014],[-82.89867,35.85025],[-82.89912,35.85024],[-82.89961,35.85093],[-82.9011,35.85107],[-82.90185,35.85067],[-82.90169,35.85101],[-82.90118,35.85143],[-82.90058,35.85132],[-82.89876,35.85162],[-82.89843,35.85183],[-82.89803,35.85233],[-82.89776,35.85246],[-82.89768,35.85286],[-82.89745,35.85312],[-82.89578,35.85379],[-82.89539,35.85386],[-82.89484,35.85378],[-82.89439,35.85322],[-82.89376,35.85277],[-82.8928,35.85274],[-82.89212,35.85239],[-82.89194,35.85201],[-82.89208,35.85158],[-82.89154,35.85124],[-82.89183,35.85062],[-82.89152,35.85022],[-82.89109,35.84994],[-82.89083,35.84934],[-82.89049,35.8494],[-82.89003,35.84987],[-82.88951,35.85],[-82.88847,35.85001],[-82.88807,35.84946],[-82.88702,35.84976],[-82.88668,35.84974],[-82.88639,35.85011],[-82.88591,35.8502],[-82.88591,35.85062],[-82.88577,35.85076],[-82.88512,35.85092],[-82.88468,35.85064],[-82.8842,35.85064],[-82.88394,35.85041],[-82.88371,35.85105],[-82.88298,35.85148],[-82.88223,35.85141],[-82.88066,35.85156],[-82.87853,35.85131],[-82.87835,35.85143],[-82.87833,35.85163],[-82.87722,35.85191],[-82.87705,35.85231],[-82.87737,35.85242],[-82.87726,35.85286],[-82.87697,35.85285],[-82.87636,35.8534],[-82.87697,35.85381],[-82.87702,35.85411],[-82.87692,35.85424],[-82.87541,35.85342],[-82.87543,35.85396],[-82.87501,35.85404],[-82.8752,35.85455],[-82.87515,35.85484],[-82.87497,35.85502],[-82.87443,35.85501],[-82.87361,35.85459],[-82.87352,35.85466],[-82.87376,35.85538],[-82.8737,35.85547],[-82.87248,35.85532],[-82.8722,35.85546],[-82.87191,35.85594],[-82.87161,35.85616],[-82.87082,35.85616],[-82.87037,35.85699],[-82.87009,35.85691],[-82.86957,35.85648],[-82.86944,35.85682],[-82.86895,35.85697],[-82.86944,35.85724],[-82.86951,35.85744],[-82.86942,35.85768],[-82.86906,35.85804],[-82.869,35.85834],[-82.86932,35.85818],[-82.87016,35.85823],[-82.87047,35.8586],[-82.87056,35.85911],[-82.87076,35.85936],[-82.86957,35.86004],[-82.87008,35.86045],[-82.87009,35.86059],[-82.86968,35.86116],[-82.87213,35.86146],[-82.87232,35.86173],[-82.87227,35.86213],[-82.87197,35.86243],[-82.87182,35.86285],[-82.87159,35.86311],[-82.87219,35.86361],[-82.87221,35.86376],[-82.87114,35.86434],[-82.87141,35.86523],[-82.87183,35.86553],[-82.87197,35.86584],[-82.87163,35.86694],[-82.87173,35.8673],[-82.87268,35.86736],[-82.87306,35.86749],[-82.87422,35.86728],[-82.87537,35.86727],[-82.87623,35.86736],[-82.87649,35.86759],[-82.87662,35.86795],[-82.87642,35.86858],[-82.87611,35.86905],[-82.87558,35.8695],[-82.87494,35.87101],[-82.87463,35.8714],[-82.87373,35.87182],[-82.87307,35.87179],[-82.87232,35.87207],[-82.87061,35.87236],[-82.87021,35.87277],[-82.86956,35.873],[-82.86768,35.87212],[-82.86718,35.87212],[-82.86617,35.87237],[-82.86547,35.8728],[-82.86447,35.87283],[-82.86356,35.87339],[-82.86237,35.87383],[-82.86187,35.87428],[-82.8608,35.87461],[-82.86091,35.87482],[-82.86192,35.87509],[-82.8621,35.87542],[-82.86211,35.87574],[-82.86255,35.87621],[-82.8625,35.87685],[-82.86214,35.87745],[-82.86192,35.87763],[-82.86171,35.87809],[-82.86095,35.87882],[-82.86077,35.8794],[-82.8604,35.88005],[-82.86041,35.88045],[-82.85964,35.88109],[-82.85919,35.88211],[-82.85858,35.88196],[-82.85802,35.88223],[-82.85753,35.88231],[-82.85716,35.88278],[-82.8573,35.88355],[-82.85686,35.88358],[-82.85616,35.88424],[-82.85498,35.88442],[-82.85476,35.88456],[-82.8538,35.88464],[-82.85329,35.88486],[-82.8528,35.88475],[-82.85225,35.88483],[-82.85166,35.8846],[-82.85036,35.88492],[-82.84979,35.88546],[-82.85017,35.88586],[-82.85029,35.88634],[-82.84962,35.88681],[-82.84938,35.8874],[-82.84789,35.88829],[-82.84669,35.88823],[-82.84596,35.88795],[-82.84434,35.88864],[-82.84426,35.8891],[-82.84319,35.88941],[-82.84213,35.89026],[-82.8418,35.89117],[-82.84157,35.89148],[-82.84157,35.89189],[-82.84145,35.89202],[-82.84109,35.89196],[-82.84108,35.89158],[-82.84086,35.89132],[-82.84084,35.89072],[-82.8407,35.89049],[-82.83959,35.89086],[-82.83714,35.89076],[-82.83675,35.89033],[-82.83673,35.8898],[-82.83598,35.88919],[-82.83517,35.88898],[-82.83223,35.88703],[-82.83232,35.88745],[-82.83318,35.88917],[-82.83322,35.88947],[-82.83315,35.88956],[-82.83292,35.88955],[-82.83291,35.88968],[-82.83216,35.88976],[-82.83173,35.88929],[-82.83135,35.88916],[-82.83129,35.8892],[-82.83159,35.8895],[-82.83165,35.88983],[-82.83084,35.89117],[-82.82712,35.8929],[-82.82517,35.89365],[-82.82435,35.89372],[-82.82188,35.89358],[-82.82207,35.89354],[-82.82196,35.89346],[-82.82205,35.89335],[-82.82148,35.89273],[-82.82152,35.89225],[-82.82135,35.89188],[-82.8212,35.89054],[-82.82091,35.89005],[-82.8209,35.88963],[-82.82043,35.88876],[-82.82045,35.88825],[-82.82024,35.88778],[-82.8202,35.8874],[-82.81959,35.88653],[-82.81952,35.8873],[-82.81969,35.88799],[-82.81959,35.88793],[-82.81956,35.88943],[-82.8194,35.88971],[-82.81942,35.88997],[-82.8196,35.89009],[-82.8194,35.89045],[-82.81949,35.89077],[-82.81926,35.89096],[-82.8188,35.8909],[-82.81875,35.89001],[-82.81833,35.88977],[-82.81793,35.88867],[-82.81759,35.88855],[-82.81723,35.88861],[-82.81707,35.88773],[-82.81682,35.88748],[-82.81648,35.88732],[-82.81582,35.88728],[-82.81569,35.88676],[-82.81537,35.88635],[-82.81525,35.88582],[-82.8145,35.88519],[-82.81372,35.88505],[-82.81306,35.88463],[-82.81262,35.88449],[-82.81153,35.88445],[-82.81048,35.88426],[-82.80911,35.88451],[-82.80783,35.88429],[-82.80612,35.88453],[-82.80555,35.88444],[-82.80475,35.88461],[-82.80388,35.88464],[-82.80327,35.88488],[-82.80212,35.88464],[-82.80173,35.88466],[-82.80108,35.88488],[-82.80083,35.88539],[-82.80004,35.88507],[-82.79955,35.88547],[-82.79936,35.8854],[-82.79916,35.88509],[-82.79885,35.88504],[-82.79871,35.88546],[-82.79876,35.88582],[-82.79863,35.88607],[-82.79922,35.88672],[-82.79919,35.88701],[-82.79893,35.88705],[-82.79802,35.88671],[-82.79787,35.88728],[-82.79769,35.8875],[-82.79663,35.88807],[-82.79656,35.88825],[-82.7943,35.88865],[-82.79392,35.88908],[-82.79406,35.88961],[-82.79374,35.89004],[-82.79304,35.8899],[-82.79278,35.89008],[-82.79268,35.89046],[-82.79245,35.89055],[-82.79244,35.89094],[-82.79196,35.89082],[-82.79185,35.89087],[-82.79174,35.8913],[-82.79066,35.89152],[-82.79038,35.892],[-82.78999,35.89198],[-82.78977,35.89237],[-82.78934,35.89259],[-82.78946,35.89316],[-82.78986,35.89395],[-82.78985,35.89433],[-82.78953,35.8948],[-82.78848,35.89504],[-82.78818,35.89548],[-82.78873,35.89575],[-82.78914,35.89611],[-82.7893,35.89642],[-82.78997,35.89695],[-82.79005,35.89727],[-82.79035,35.89748],[-82.7901,35.89772],[-82.7901,35.8979],[-82.79088,35.89814],[-82.79206,35.89898],[-82.79207,35.89905],[-82.79175,35.89913],[-82.7917,35.89931],[-82.79182,35.89944],[-82.79221,35.89949],[-82.79219,35.89983],[-82.79235,35.90017],[-82.7923,35.90037],[-82.79177,35.90094],[-82.79119,35.90106],[-82.79101,35.90139],[-82.79066,35.90145],[-82.79027,35.90178],[-82.79111,35.90231],[-82.79129,35.90293],[-82.79119,35.90306],[-82.79013,35.90354],[-82.79008,35.90369],[-82.79031,35.90433],[-82.78991,35.90478],[-82.79044,35.90478],[-82.79058,35.90526],[-82.79138,35.90538],[-82.79148,35.90569],[-82.79124,35.90609],[-82.79171,35.90633],[-82.79163,35.90709],[-82.79126,35.90713],[-82.79103,35.90689],[-82.79079,35.90682],[-82.79001,35.90703],[-82.79045,35.90758],[-82.79021,35.90784],[-82.79045,35.9082],[-82.79013,35.90844],[-82.79028,35.90873],[-82.79022,35.90891],[-82.79057,35.90917],[-82.79104,35.90927],[-82.79082,35.9094],[-82.79094,35.9096],[-82.79103,35.91038],[-82.79139,35.91041],[-82.79139,35.91072],[-82.79232,35.91052],[-82.79273,35.91111],[-82.79248,35.9116],[-82.7916,35.9118],[-82.79126,35.91209],[-82.7913,35.91228],[-82.79163,35.91254],[-82.79168,35.91288],[-82.79168,35.91339],[-82.79143,35.91384],[-82.79145,35.91413],[-82.79186,35.91434],[-82.79216,35.91433],[-82.7919,35.91451],[-82.79197,35.91456],[-82.79256,35.91447],[-82.79281,35.91428],[-82.79339,35.91437],[-82.7942,35.91497],[-82.79431,35.91519],[-82.79454,35.91514],[-82.79468,35.91471],[-82.79501,35.91479],[-82.79554,35.9152],[-82.79569,35.91504],[-82.79572,35.91464],[-82.79584,35.91453],[-82.79657,35.91465],[-82.79664,35.91489],[-82.79706,35.91482],[-82.79688,35.91422],[-82.79751,35.91413],[-82.79781,35.91364],[-82.79806,35.91361],[-82.79816,35.91494],[-82.79755,35.91606],[-82.79782,35.91655],[-82.79785,35.91685],[-82.79773,35.91713],[-82.79781,35.91757],[-82.79762,35.9178],[-82.79778,35.91818],[-82.79776,35.91866],[-82.79806,35.91868],[-82.79836,35.91842],[-82.79848,35.91853],[-82.79851,35.91891],[-82.7989,35.91941],[-82.79925,35.91904],[-82.7994,35.91901],[-82.79965,35.9191],[-82.79985,35.91953],[-82.80036,35.91974],[-82.80045,35.91989],[-82.80043,35.9203],[-82.8002,35.92065],[-82.80013,35.92119],[-82.80051,35.92135],[-82.80065,35.92184],[-82.80128,35.92182],[-82.80207,35.92197],[-82.8024,35.92214],[-82.80255,35.92258],[-82.80344,35.92279],[-82.80344,35.92309],[-82.80322,35.92338],[-82.80312,35.92471],[-82.80354,35.92511],[-82.80364,35.92548],[-82.80335,35.92625],[-82.80264,35.92639],[-82.80244,35.92667],[-82.80316,35.9277],[-82.80311,35.92791],[-82.80294,35.92828],[-82.80252,35.92872],[-82.8025,35.92972],[-82.80187,35.92996],[-82.80168,35.93058],[-82.80094,35.931],[-82.80067,35.93136],[-82.80071,35.93147],[-82.80123,35.9319],[-82.80178,35.93177],[-82.80261,35.93216],[-82.80296,35.93208],[-82.80332,35.93175],[-82.80363,35.93172],[-82.80444,35.93226],[-82.80455,35.93238],[-82.80459,35.93276],[-82.80439,35.93326],[-82.80437,35.93412],[-82.80457,35.93434],[-82.805,35.93451],[-82.80545,35.93415],[-82.80566,35.9344],[-82.80622,35.93449],[-82.80577,35.93512],[-82.80606,35.93535],[-82.80577,35.93575],[-82.80573,35.9361],[-82.80628,35.93715],[-82.80587,35.93797],[-82.8053,35.93825],[-82.80432,35.93853],[-82.80417,35.93869],[-82.8042,35.93922],[-82.804,35.93978],[-82.80356,35.94025],[-82.80318,35.94042],[-82.80202,35.94135],[-82.80196,35.94173],[-82.80103,35.94287],[-82.80078,35.9435],[-82.80027,35.94429],[-82.79997,35.94447],[-82.7992,35.94466],[-82.79869,35.94501],[-82.79883,35.94519],[-82.79874,35.9453],[-82.79798,35.94553],[-82.79769,35.94583],[-82.7972,35.94611],[-82.79599,35.94644],[-82.79508,35.94645],[-82.79426,35.94677],[-82.79382,35.94714],[-82.79361,35.94748],[-82.7939,35.94763],[-82.79445,35.94767],[-82.79447,35.94783],[-82.79377,35.9483],[-82.7935,35.94832],[-82.79348,35.94856],[-82.79311,35.94878],[-82.793,35.94899],[-82.79228,35.94926],[-82.79194,35.94956],[-82.79169,35.95001],[-82.79188,35.95072],[-82.79161,35.95111],[-82.79051,35.95169],[-82.78982,35.9519],[-82.78888,35.95155],[-82.78855,35.95175],[-82.78759,35.95376],[-82.78765,35.95477],[-82.78694,35.95566],[-82.78728,35.95601],[-82.78699,35.95628],[-82.78639,35.95643],[-82.78601,35.9567],[-82.78609,35.95704],[-82.78599,35.95741],[-82.78605,35.95797],[-82.78562,35.95833],[-82.78543,35.95872],[-82.78545,35.95944],[-82.7853,35.95999],[-82.78575,35.96069],[-82.78589,35.96141],[-82.78573,35.96236],[-82.78501,35.96296],[-82.78507,35.96343],[-82.78461,35.96369],[-82.78427,35.96408],[-82.78353,35.96465],[-82.78339,35.96553],[-82.78311,35.96586],[-82.78232,35.96593],[-82.78125,35.96663],[-82.78106,35.96695],[-82.78119,35.96731],[-82.78093,35.96779],[-82.78005,35.96827],[-82.77941,35.96797],[-82.77874,35.96835],[-82.77829,35.9682],[-82.77804,35.96826],[-82.7773,35.96884],[-82.7772,35.9694],[-82.77679,35.96971],[-82.77714,35.97085],[-82.77714,35.97123],[-82.77672,35.97169],[-82.77608,35.97191],[-82.77648,35.97233],[-82.77713,35.97263],[-82.77709,35.97289],[-82.77673,35.97333],[-82.77677,35.97357],[-82.77724,35.97374],[-82.77787,35.97416],[-82.77808,35.97472],[-82.77907,35.97452],[-82.78064,35.97443],[-82.78101,35.97485],[-82.7815,35.97485],[-82.78253,35.97562],[-82.78357,35.97614],[-82.78484,35.97713],[-82.78526,35.9778],[-82.78523,35.97831],[-82.78483,35.97863],[-82.78468,35.97902],[-82.78545,35.97979],[-82.78624,35.97974],[-82.78712,35.98028],[-82.78705,35.98042],[-82.7867,35.98051],[-82.7864,35.98092],[-82.78567,35.9812],[-82.78605,35.98151],[-82.78628,35.98194],[-82.78614,35.98224],[-82.78583,35.98255],[-82.78544,35.98261],[-82.78524,35.98277],[-82.78524,35.98409],[-82.78605,35.98462],[-82.78649,35.98585],[-82.78632,35.98595],[-82.78563,35.98568],[-82.7856,35.98589],[-82.78582,35.98642],[-82.78615,35.98666],[-82.78678,35.98688],[-82.78692,35.98716],[-82.78724,35.98725],[-82.78727,35.98762],[-82.7874,35.98773],[-82.78836,35.98745],[-82.78853,35.98759],[-82.7884,35.98785],[-82.78789,35.98805],[-82.78766,35.98826],[-82.78562,35.98879],[-82.78491,35.9894],[-82.78475,35.98965],[-82.78484,35.99002],[-82.7847,35.99011],[-82.78409,35.9903],[-82.78327,35.98996],[-82.7824,35.98998],[-82.78227,35.99009],[-82.78201,35.99091],[-82.78098,35.99102],[-82.78078,35.99126],[-82.78067,35.99195],[-82.78029,35.99244],[-82.78037,35.99302],[-82.77958,35.99268],[-82.77902,35.99381],[-82.77826,35.99445],[-82.77787,35.99443],[-82.77747,35.99465],[-82.77744,35.99484],[-82.7776,35.99499],[-82.77746,35.99551],[-82.77805,35.99661],[-82.77802,35.99722],[-82.77755,35.99752],[-82.77711,35.99807],[-82.77667,35.99801],[-82.77594,35.9983],[-82.77567,35.99859],[-82.77562,35.999],[-82.77475,35.99893],[-82.7739,35.99873],[-82.77314,35.9987],[-82.77273,35.99884],[-82.77257,35.99899],[-82.77232,36.00008],[-82.77189,36.00039],[-82.77177,36.00089],[-82.77104,36.00156],[-82.77048,36.00146],[-82.76959,36.0018],[-82.76767,36.00189],[-82.76725,36.00171],[-82.76634,36.00173],[-82.76589,36.00156],[-82.76529,36.00165],[-82.765,36.00129],[-82.76432,36.00113],[-82.76392,36.00162],[-82.76391,36.00201],[-82.76303,36.00228],[-82.76386,36.00317],[-82.7635,36.0036],[-82.76329,36.00406],[-82.76175,36.00498],[-82.76105,36.00482],[-82.76006,36.00488],[-82.75968,36.00478],[-82.75895,36.00396],[-82.7576,36.00427],[-82.75674,36.00412],[-82.75446,36.00417],[-82.75381,36.00456],[-82.75337,36.00533],[-82.75222,36.00617],[-82.75098,36.00584],[-82.75045,36.00588],[-82.75024,36.00602],[-82.75017,36.00615],[-82.75028,36.0067],[-82.75057,36.00776],[-82.75031,36.00814],[-82.75011,36.00913],[-82.74986,36.00937],[-82.74948,36.00956],[-82.7476,36.00978],[-82.74684,36.00956],[-82.74625,36.00953],[-82.74562,36.01026],[-82.74479,36.0103],[-82.74396,36.01071],[-82.7434,36.01118],[-82.743,36.01183],[-82.74262,36.01211],[-82.74026,36.01203],[-82.73974,36.01253],[-82.7394,36.01329],[-82.73929,36.0136],[-82.73938,36.01436],[-82.73914,36.01476],[-82.73686,36.01533],[-82.73564,36.01522],[-82.73417,36.01538],[-82.73248,36.01628],[-82.73117,36.01732],[-82.73071,36.01754],[-82.73011,36.01765],[-82.72777,36.01862],[-82.72674,36.01839],[-82.72491,36.01842],[-82.72432,36.01879],[-82.72256,36.01956],[-82.72141,36.0204],[-82.72067,36.02067],[-82.71978,36.02049],[-82.71953,36.01994],[-82.71862,36.01968],[-82.71802,36.01915],[-82.71761,36.0184],[-82.71712,36.01842],[-82.71659,36.01865],[-82.71598,36.01866],[-82.71428,36.0184],[-82.71473,36.01976],[-82.716,36.02094],[-82.71612,36.0212],[-82.71574,36.0216],[-82.71541,36.0223],[-82.71445,36.02272],[-82.7134,36.02292],[-82.71287,36.02363],[-82.71215,36.02421],[-82.71213,36.02436],[-82.71267,36.02491],[-82.71352,36.0251],[-82.7136,36.02553],[-82.7135,36.02606],[-82.71316,36.02651],[-82.71301,36.02695],[-82.71284,36.02678],[-82.71279,36.02615],[-82.71269,36.026],[-82.71255,36.026],[-82.71245,36.02643],[-82.71231,36.02659],[-82.71178,36.02676],[-82.71168,36.02733],[-82.71151,36.02764],[-82.71095,36.02782],[-82.71109,36.0282],[-82.711,36.02832],[-82.7103,36.02826],[-82.70993,36.02883],[-82.70977,36.02889],[-82.70891,36.0286],[-82.70818,36.02869],[-82.70784,36.02918],[-82.70743,36.02895],[-82.70492,36.0282],[-82.70439,36.02823],[-82.70391,36.02872],[-82.70345,36.02888],[-82.70313,36.02922],[-82.70316,36.02943],[-82.70379,36.03025],[-82.70361,36.03056],[-82.70297,36.03109],[-82.70231,36.03117],[-82.70115,36.03161],[-82.70108,36.03167],[-82.70135,36.03176],[-82.70077,36.03192],[-82.70089,36.03245],[-82.70125,36.03309],[-82.70122,36.03361],[-82.70097,36.03407],[-82.70053,36.03431],[-82.6995,36.03415],[-82.69843,36.03467],[-82.69834,36.0348],[-82.69848,36.03502],[-82.69842,36.03522],[-82.69808,36.03574],[-82.69758,36.03589],[-82.69717,36.03617],[-82.69645,36.03624],[-82.69671,36.03608],[-82.69634,36.03596],[-82.69594,36.03601],[-82.69484,36.03663],[-82.69379,36.0367],[-82.69281,36.03713],[-82.69114,36.03758],[-82.69085,36.03786],[-82.69055,36.03781],[-82.69033,36.03799],[-82.68981,36.03806],[-82.6897,36.03826],[-82.68847,36.03898],[-82.68776,36.03958],[-82.68748,36.03963],[-82.68739,36.0399],[-82.68717,36.03997],[-82.6869,36.04039],[-82.68654,36.04058],[-82.68631,36.04099],[-82.68581,36.04141],[-82.68518,36.04254],[-82.68522,36.04309],[-82.68511,36.04352],[-82.68525,36.04365],[-82.68526,36.04394],[-82.68513,36.0443],[-82.68475,36.04451],[-82.68469,36.04471],[-82.68447,36.0446],[-82.68435,36.04468],[-82.68438,36.04491],[-82.68417,36.04503],[-82.68409,36.04532],[-82.68383,36.04558],[-82.68318,36.04586],[-82.68176,36.04612],[-82.68137,36.04631],[-82.68068,36.04696],[-82.68026,36.04789],[-82.6798,36.04829],[-82.67834,36.04901],[-82.67792,36.04896],[-82.67715,36.04907],[-82.67565,36.04884],[-82.67478,36.04889],[-82.67463,36.04927],[-82.6738,36.04955],[-82.67344,36.04996],[-82.67293,36.05069],[-82.67275,36.05127],[-82.67254,36.05154],[-82.67137,36.05206],[-82.671,36.05244],[-82.6702,36.05295],[-82.66997,36.053],[-82.66911,36.05274],[-82.66816,36.05307],[-82.66713,36.05303],[-82.66657,36.05316],[-82.66479,36.05431],[-82.66317,36.05485],[-82.66176,36.05553],[-82.66052,36.05557],[-82.65957,36.05603],[-82.65875,36.05613],[-82.6583,36.0566],[-82.65774,36.05671],[-82.65713,36.05656],[-82.65618,36.05658],[-82.6547,36.05598],[-82.65353,36.05682],[-82.65315,36.05698],[-82.65251,36.05706],[-82.65206,36.05688],[-82.65116,36.05693],[-82.65127,36.05712],[-82.65073,36.05733],[-82.65113,36.05759],[-82.65116,36.05773],[-82.65092,36.05768],[-82.65043,36.05792],[-82.6502,36.05806],[-82.65055,36.05811],[-82.64975,36.05855],[-82.64865,36.05878],[-82.648,36.05905],[-82.64811,36.05913],[-82.64805,36.05944],[-82.64764,36.05992],[-82.64722,36.06019],[-82.64675,36.06096],[-82.64504,36.06223],[-82.64393,36.06287],[-82.6434,36.06298],[-82.64305,36.06319],[-82.64286,36.06314],[-82.64155,36.06337],[-82.64102,36.06382],[-82.64051,36.064],[-82.64002,36.06441],[-82.63988,36.06439],[-82.63876,36.06496],[-82.63724,36.06607],[-82.63545,36.0657],[-82.63522,36.06586],[-82.63451,36.06582],[-82.63402,36.0657],[-82.63386,36.06545],[-82.63372,36.06541],[-82.63277,36.06576],[-82.63277,36.06603],[-82.63231,36.06637],[-82.63159,36.06645],[-82.63143,36.06613],[-82.63207,36.06526],[-82.63215,36.06491],[-82.63194,36.065],[-82.63188,36.06469],[-82.63069,36.06361],[-82.62879,36.0631],[-82.62713,36.06292],[-82.62637,36.06271],[-82.62583,36.06227],[-82.62567,36.06161],[-82.62534,36.06116],[-82.62441,36.06101],[-82.62399,36.06105],[-82.6235,36.06077],[-82.62347,36.06049],[-82.62394,36.05968],[-82.62278,36.0588],[-82.62235,36.05794],[-82.62115,36.0581],[-82.61955,36.05765],[-82.61915,36.0573],[-82.61874,36.05662],[-82.61751,36.05633],[-82.61733,36.05597],[-82.61765,36.05546],[-82.61767,36.05513],[-82.61752,36.05488],[-82.61699,36.05462],[-82.61665,36.05429],[-82.6165,36.05349],[-82.61689,36.05289],[-82.61739,36.05251],[-82.61751,36.05216],[-82.61722,36.05168],[-82.61675,36.05026],[-82.61706,36.0495],[-82.61669,36.04914],[-82.61642,36.04906],[-82.61638,36.04887],[-82.61557,36.04908],[-82.61533,36.04901],[-82.61527,36.04884],[-82.6144,36.04881],[-82.6139,36.04849],[-82.61335,36.04867],[-82.61268,36.04866],[-82.61237,36.04825],[-82.61211,36.04811],[-82.61047,36.04802],[-82.61038,36.0479],[-82.61104,36.04704],[-82.61117,36.04646],[-82.61115,36.04605],[-82.6106,36.04568],[-82.6081,36.04534],[-82.60752,36.04566],[-82.60676,36.04567],[-82.60591,36.04593],[-82.60359,36.04595],[-82.60365,36.04586],[-82.60603,36.04539],[-82.60658,36.04497],[-82.60662,36.04458],[-82.60648,36.04422],[-82.60671,36.04403],[-82.60712,36.04393],[-82.60716,36.04372],[-82.60701,36.04343],[-82.60708,36.04324],[-82.60603,36.04193],[-82.60575,36.04114],[-82.60596,36.04077],[-82.6063,36.04062],[-82.60677,36.04065],[-82.60693,36.04096],[-82.60706,36.04039],[-82.60652,36.04003],[-82.6062,36.03995],[-82.60519,36.04004],[-82.60456,36.03984],[-82.60368,36.0398],[-82.60276,36.0401],[-82.60241,36.04044],[-82.60223,36.03993],[-82.60159,36.03926],[-82.60144,36.03922],[-82.60068,36.03955],[-82.60047,36.03955],[-82.60036,36.03913],[-82.6001,36.03882],[-82.60068,36.03783],[-82.60113,36.03747],[-82.60124,36.03644],[-82.60089,36.03633],[-82.59973,36.03636],[-82.59843,36.03611],[-82.59763,36.03616],[-82.5974,36.03569],[-82.59686,36.03536],[-82.59645,36.03492],[-82.596,36.03462],[-82.59566,36.03458],[-82.59586,36.03411],[-82.5961,36.03395],[-82.59612,36.03365],[-82.59653,36.03364],[-82.59714,36.03314],[-82.59776,36.03317],[-82.59793,36.03307],[-82.59816,36.03275],[-82.59801,36.03238],[-82.59811,36.032],[-82.59844,36.03149],[-82.59887,36.03121],[-82.59919,36.03081],[-82.59921,36.0305],[-82.59885,36.03032],[-82.59877,36.03017],[-82.59892,36.02925],[-82.59922,36.02884],[-82.59993,36.02837],[-82.60047,36.02757],[-82.60043,36.02737],[-82.59967,36.02673],[-82.59963,36.02636],[-82.60001,36.02608],[-82.60064,36.02609],[-82.60022,36.02566],[-82.60043,36.02545],[-82.60064,36.02535],[-82.60124,36.02542],[-82.60102,36.02488],[-82.60115,36.02464],[-82.60228,36.02451],[-82.60274,36.02395],[-82.60266,36.02357],[-82.60286,36.02326],[-82.60279,36.02251],[-82.60303,36.02221],[-82.60356,36.02199],[-82.60367,36.02134],[-82.60362,36.02119],[-82.60318,36.02131],[-82.60319,36.02114],[-82.60365,36.02048],[-82.60413,36.02025],[-82.60414,36.01988],[-82.60451,36.01986],[-82.60488,36.01963],[-82.60487,36.01948],[-82.60448,36.01926],[-82.60445,36.01906],[-82.60403,36.01848],[-82.60418,36.01839],[-82.60486,36.01844],[-82.60511,36.01812],[-82.60599,36.01825],[-82.60631,36.01784],[-82.60668,36.01775],[-82.60706,36.01742],[-82.60757,36.01748],[-82.60799,36.01704],[-82.60838,36.01711],[-82.60922,36.01672],[-82.6096,36.01693],[-82.60973,36.01689],[-82.61044,36.0162],[-82.61129,36.01564],[-82.61172,36.01505],[-82.6117,36.01489],[-82.61158,36.01483],[-82.61113,36.01483],[-82.61059,36.01445],[-82.61051,36.01425],[-82.61001,36.01394],[-82.60936,36.01395],[-82.60923,36.01385],[-82.60913,36.01321],[-82.60878,36.01293],[-82.60869,36.01266],[-82.60917,36.0116],[-82.60918,36.01122],[-82.60958,36.01072],[-82.60931,36.01051],[-82.60863,36.01062],[-82.6089,36.01023],[-82.60882,36.01011],[-82.60921,36.00948],[-82.60891,36.00926],[-82.60834,36.00917],[-82.60833,36.00902],[-82.6085,36.00886],[-82.60824,36.00866],[-82.60815,36.00811],[-82.60795,36.00789],[-82.60827,36.00735],[-82.60824,36.00721],[-82.60787,36.00748],[-82.60716,36.00759],[-82.607,36.00783],[-82.60693,36.00775],[-82.60696,36.0074],[-82.6074,36.00656],[-82.60718,36.00598],[-82.60696,36.00585],[-82.60682,36.00536],[-82.6071,36.00511],[-82.60702,36.0046],[-82.60677,36.00433],[-82.60691,36.00338],[-82.6063,36.00238],[-82.60615,36.0019],[-82.60573,36.0015],[-82.60586,36.00068],[-82.60571,36.00039],[-82.60548,36.00029],[-82.60529,35.99978],[-82.60509,35.99969],[-82.60497,35.99975],[-82.60479,35.99989],[-82.60483,36.00006],[-82.60444,35.99986],[-82.60466,35.99953],[-82.60511,35.99928],[-82.60546,35.99861],[-82.60572,35.99838],[-82.60592,35.99825],[-82.60617,35.99828],[-82.60646,35.99889],[-82.60661,35.99842],[-82.60676,35.99827],[-82.60669,35.99793],[-82.60677,35.99663],[-82.60667,35.99661],[-82.60651,35.99688],[-82.60569,35.99717],[-82.60558,35.99709],[-82.60558,35.9969],[-82.60601,35.9966],[-82.60583,35.99612],[-82.60607,35.99593],[-82.60618,35.99544],[-82.6064,35.99525],[-82.60676,35.99528],[-82.60726,35.99512],[-82.60743,35.99489],[-82.60817,35.99457],[-82.60865,35.99406],[-82.60915,35.99437],[-82.60921,35.99403],[-82.60976,35.99354],[-82.60921,35.99279],[-82.60873,35.99282],[-82.6085,35.99272],[-82.60811,35.99157],[-82.60697,35.99175],[-82.60678,35.99129],[-82.60637,35.99098],[-82.60601,35.99024],[-82.60562,35.98997],[-82.60526,35.9898],[-82.60451,35.98972],[-82.60359,35.99],[-82.60206,35.99002],[-82.60185,35.98989],[-82.60124,35.98889],[-82.60094,35.98865],[-82.60227,35.98818],[-82.60258,35.98792],[-82.60277,35.9874],[-82.60442,35.98628],[-82.60545,35.98601],[-82.60597,35.98572],[-82.60656,35.9851],[-82.60715,35.98416],[-82.60733,35.98277],[-82.60766,35.98187],[-82.60823,35.97933],[-82.60934,35.97853],[-82.60939,35.9772],[-82.61047,35.97559],[-82.61067,35.97555],[-82.611,35.97526],[-82.61107,35.97425],[-82.61096,35.97371],[-82.61114,35.97324],[-82.61189,35.97284],[-82.61229,35.97234],[-82.61246,35.97175],[-82.61319,35.97072],[-82.61213,35.97059],[-82.61177,35.97034],[-82.61171,35.97018],[-82.61188,35.97009],[-82.61131,35.96983],[-82.61128,35.96899],[-82.61114,35.96844],[-82.61092,35.9683],[-82.61109,35.9674],[-82.61199,35.96658],[-82.6128,35.96626],[-82.6131,35.96569],[-82.613,35.96548],[-82.61305,35.96518],[-82.61269,35.96495],[-82.61226,35.96504],[-82.61198,35.96546],[-82.61159,35.96569],[-82.61007,35.96605],[-82.60897,35.9666],[-82.60841,35.96622],[-82.60793,35.96608],[-82.60533,35.96671],[-82.60468,35.96624],[-82.60421,35.96618],[-82.6036,35.96546],[-82.60313,35.96541],[-82.60145,35.96423],[-82.60102,35.96331],[-82.60042,35.96321],[-82.60026,35.96328],[-82.60061,35.96359],[-82.60055,35.9638],[-82.60034,35.96388],[-82.60033,35.96407],[-82.59971,35.9647],[-82.59871,35.96503],[-82.59738,35.96501],[-82.59561,35.96527],[-82.59534,35.96519],[-82.59415,35.96579],[-82.59353,35.96585],[-82.5922,35.96629],[-82.59106,35.96624],[-82.5895,35.96572],[-82.58736,35.96541],[-82.58631,35.96543],[-82.58534,35.9656],[-82.58457,35.9653],[-82.58199,35.96529],[-82.58134,35.96511],[-82.58094,35.96524],[-82.58114,35.96539],[-82.58052,35.96534],[-82.57993,35.96499],[-82.57816,35.96448],[-82.57787,35.96366],[-82.57808,35.96348],[-82.57804,35.96332],[-82.5775,35.96308],[-82.57702,35.9619],[-82.57684,35.9595],[-82.57654,35.95903],[-82.57497,35.95833],[-82.57379,35.95809],[-82.57308,35.9578],[-82.5711,35.95776],[-82.5707,35.95785],[-82.57038,35.95746],[-82.56951,35.95712],[-82.56867,35.95645],[-82.56863,35.95628],[-82.56882,35.95582],[-82.56863,35.95552],[-82.56796,35.95572],[-82.56741,35.95545],[-82.56726,35.95514],[-82.56697,35.95515],[-82.56661,35.95491],[-82.56626,35.95483],[-82.56617,35.95455],[-82.56635,35.95417],[-82.56623,35.95398],[-82.56535,35.95392],[-82.56496,35.9543],[-82.56412,35.95442],[-82.56395,35.9538],[-82.56353,35.95369],[-82.56268,35.95403],[-82.56251,35.95387],[-82.5626,35.95422],[-82.56281,35.95447],[-82.56213,35.95462],[-82.56151,35.95435],[-82.56146,35.95352],[-82.56089,35.95256],[-82.56069,35.95275],[-82.56063,35.95346],[-82.56043,35.95378],[-82.56019,35.95258],[-82.55986,35.95234],[-82.55954,35.95232],[-82.55926,35.95247],[-82.55828,35.95224],[-82.558,35.95203],[-82.55687,35.95196],[-82.55679,35.95203],[-82.55685,35.95275],[-82.55669,35.95309],[-82.55675,35.95338],[-82.55644,35.95374],[-82.55637,35.95432],[-82.55626,35.95446],[-82.55584,35.9545],[-82.55553,35.95449],[-82.55523,35.95433],[-82.55484,35.95464],[-82.55469,35.95481],[-82.55467,35.95542],[-82.55384,35.95603],[-82.55386,35.95688],[-82.55342,35.95702],[-82.55313,35.95738],[-82.5532,35.95819],[-82.5525,35.95865],[-82.55242,35.95901],[-82.55294,35.96018],[-82.55282,35.96036],[-82.55249,35.9606],[-82.55154,35.96086],[-82.5507,35.96152],[-82.55024,35.96245],[-82.54982,35.9625],[-82.54962,35.96293],[-82.54921,35.96322],[-82.54906,35.96401],[-82.54877,35.96424],[-82.54763,35.96459],[-82.54693,35.9646],[-82.54634,35.96473],[-82.54559,35.965],[-82.5451,35.96522],[-82.54352,35.96645],[-82.54254,35.9665],[-82.54151,35.9668],[-82.54119,35.96674],[-82.54114,35.96681],[-82.54139,35.96708],[-82.54201,35.96733],[-82.54205,35.96743],[-82.5413,35.96812],[-82.54123,35.96829],[-82.54127,35.9684],[-82.54172,35.96853],[-82.54193,35.96894],[-82.54153,35.96869],[-82.53927,35.96906],[-82.53791,35.96905],[-82.53745,35.96924],[-82.53483,35.96978],[-82.5342,35.97006],[-82.53289,35.9711],[-82.53209,35.97148],[-82.53137,35.97207],[-82.53102,35.97217],[-82.52986,35.97217],[-82.5285,35.97156],[-82.52802,35.97162],[-82.52754,35.97149],[-82.52681,35.97106],[-82.52653,35.97101],[-82.52539,35.97028],[-82.52528,35.97034],[-82.52545,35.97098],[-82.52528,35.97116],[-82.52506,35.97115],[-82.52351,35.97167],[-82.52325,35.97192],[-82.52328,35.97241],[-82.52359,35.97338],[-82.52344,35.97393],[-82.52323,35.97422],[-82.52182,35.97424],[-82.52133,35.97455],[-82.52023,35.97491],[-82.51864,35.97626],[-82.51771,35.97648],[-82.51717,35.97679],[-82.51658,35.97686],[-82.51529,35.97627],[-82.5142,35.97636],[-82.51378,35.97661],[-82.51255,35.97796],[-82.5117,35.97825],[-82.51003,35.9782],[-82.50818,35.97772],[-82.50676,35.97791],[-82.50565,35.97828],[-82.50515,35.97868],[-82.50461,35.97956],[-82.50455,35.98041],[-82.50428,35.98086],[-82.50409,35.98166],[-82.50418,35.9826],[-82.5041,35.9828],[-82.50377,35.98297],[-82.50322,35.98299],[-82.50186,35.98248],[-82.50091,35.98237],[-82.49992,35.9829],[-82.49934,35.98342],[-82.49889,35.98411],[-82.49845,35.98443],[-82.4978,35.98461],[-82.49597,35.98549],[-82.49536,35.98608],[-82.49503,35.98626],[-82.49493,35.98655],[-82.49469,35.98675],[-82.49422,35.98751],[-82.49413,35.9877],[-82.49419,35.98839],[-82.49409,35.9885],[-82.49422,35.98895],[-82.49411,35.98907],[-82.49411,35.98944],[-82.49377,35.98987],[-82.49379,35.99028],[-82.49359,35.99063],[-82.49343,35.99064],[-82.4933,35.99041],[-82.49283,35.99033],[-82.49181,35.9904],[-82.49162,35.99025],[-82.49158,35.98996],[-82.49133,35.98957],[-82.49103,35.98942],[-82.49074,35.98944],[-82.4903,35.98977],[-82.4902,35.99002],[-82.49033,35.99031],[-82.49073,35.99038],[-82.49061,35.99078],[-82.49037,35.99099],[-82.48959,35.991],[-82.48921,35.99085],[-82.48897,35.99045],[-82.48899,35.99023],[-82.48831,35.9908],[-82.48776,35.99147],[-82.48639,35.99221],[-82.48395,35.99388],[-82.48376,35.9942],[-82.48371,35.99512],[-82.48335,35.99587],[-82.48272,35.99662],[-82.48227,35.9969],[-82.48205,35.99721],[-82.48249,35.99801],[-82.48243,35.99826],[-82.48203,35.99859],[-82.48198,35.99884],[-82.48164,35.99918],[-82.48105,35.99935],[-82.48051,35.99966],[-82.48014,35.9997],[-82.47862,35.99955],[-82.47688,35.99918],[-82.47681,35.99945],[-82.47643,35.99973],[-82.47614,35.99957],[-82.47533,35.99969],[-82.47484,35.99987],[-82.47455,35.99986],[-82.47382,36.00017],[-82.4724,36.00104],[-82.47223,36.00135],[-82.47122,36.00229],[-82.46937,36.00316],[-82.46848,36.00322],[-82.4681,36.00386],[-82.46738,36.00451],[-82.46672,36.0049],[-82.46557,36.00539],[-82.46425,36.00627],[-82.46256,36.00709],[-82.46215,36.00741],[-82.46076,36.0079],[-82.46014,36.00796],[-82.45923,36.00824],[-82.4592,36.00837],[-82.45935,36.00847],[-82.45903,36.00885],[-82.4587,36.00903],[-82.45817,36.00902],[-82.45792,36.00912],[-82.45851,36.00947],[-82.45696,36.00985],[-82.45669,36.01005],[-82.45653,36.01027],[-82.45645,36.01076],[-82.45677,36.01106],[-82.45658,36.01142],[-82.45602,36.01176],[-82.45493,36.01173],[-82.45282,36.01214],[-82.45058,36.01225],[-82.4506,36.0118],[-82.45033,36.01078],[-82.45036,36.01041],[-82.45006,36.01013],[-82.44969,36.01008],[-82.44958,36.01015],[-82.44952,36.01053],[-82.44969,36.01125],[-82.44986,36.01135],[-82.44984,36.01194],[-82.44888,36.01362],[-82.44833,36.01377],[-82.44821,36.01395],[-82.44829,36.01405],[-82.44822,36.01422],[-82.4481,36.0143],[-82.44645,36.01511],[-82.44576,36.01522],[-82.44488,36.0157],[-82.44447,36.01618],[-82.44282,36.01662],[-82.44215,36.01707],[-82.44147,36.01723],[-82.441,36.01753],[-82.44058,36.01759],[-82.44023,36.01786],[-82.43968,36.01789],[-82.43919,36.01761],[-82.43861,36.01782],[-82.43816,36.01778],[-82.43726,36.01817],[-82.43657,36.0189],[-82.43623,36.01942],[-82.43614,36.01984],[-82.43578,36.02023],[-82.4351,36.02019],[-82.4348,36.02027],[-82.43365,36.02062],[-82.43344,36.02098],[-82.43274,36.02105],[-82.43237,36.02121],[-82.43177,36.02115],[-82.4302,36.02135],[-82.4294,36.02229],[-82.42899,36.02255],[-82.42896,36.02283],[-82.42868,36.02331],[-82.42864,36.02345],[-82.42882,36.02369],[-82.42874,36.0237],[-82.42909,36.02397],[-82.42925,36.02391],[-82.42925,36.02417],[-82.4295,36.02412],[-82.42956,36.02425],[-82.4295,36.0245],[-82.42921,36.02467],[-82.42936,36.0249],[-82.42935,36.02554],[-82.4295,36.02619],[-82.42914,36.02681],[-82.42917,36.02725],[-82.4288,36.02778],[-82.42821,36.028],[-82.42824,36.02838],[-82.42776,36.02793],[-82.42769,36.02769],[-82.42777,36.02698],[-82.42745,36.02692],[-82.42742,36.02713],[-82.42701,36.02743],[-82.42642,36.02705],[-82.4263,36.02685],[-82.42656,36.02683],[-82.42676,36.02642],[-82.42601,36.02604],[-82.42601,36.02564],[-82.42592,36.02556],[-82.42552,36.0256],[-82.42557,36.02591],[-82.42515,36.02611],[-82.42531,36.0263],[-82.42483,36.02638],[-82.42444,36.02659],[-82.42448,36.02689],[-82.42511,36.02743],[-82.42467,36.02769],[-82.4246,36.02803],[-82.42446,36.0278],[-82.42456,36.0274],[-82.42403,36.02721],[-82.42343,36.02682],[-82.42329,36.02722],[-82.42331,36.02758],[-82.42316,36.02782],[-82.423,36.02948],[-82.42281,36.02986],[-82.42244,36.03016],[-82.42247,36.03042],[-82.42214,36.03104],[-82.42117,36.03136],[-82.42024,36.03198],[-82.42025,36.03219],[-82.42062,36.03264],[-82.42074,36.03338],[-82.42102,36.03379],[-82.41986,36.0339],[-82.41925,36.03454],[-82.4191,36.0349],[-82.41895,36.03578],[-82.41916,36.03633],[-82.41912,36.0372],[-82.4193,36.03759],[-82.41966,36.03798],[-82.4198,36.03898],[-82.41916,36.04061],[-82.41887,36.04091],[-82.41827,36.04106],[-82.4187,36.04131],[-82.41902,36.04132],[-82.41972,36.04109],[-82.42086,36.04158],[-82.42138,36.04201],[-82.42174,36.04348],[-82.42188,36.04367],[-82.42271,36.04356],[-82.42336,36.044],[-82.42359,36.04404],[-82.42388,36.04439],[-82.42516,36.04454],[-82.42615,36.04447],[-82.42708,36.04464],[-82.42766,36.04462],[-82.42792,36.04494],[-82.42888,36.04567],[-82.42873,36.04527],[-82.42878,36.04501],[-82.43089,36.0454],[-82.43105,36.04501],[-82.43116,36.04497],[-82.4319,36.04513],[-82.43247,36.04497],[-82.43242,36.04475],[-82.43277,36.04479],[-82.43309,36.04495],[-82.43322,36.04522],[-82.43308,36.04535],[-82.43262,36.04544],[-82.43289,36.04583],[-82.434,36.04678],[-82.43487,36.04721],[-82.43527,36.04729],[-82.43567,36.04764],[-82.43564,36.04818],[-82.43485,36.0486],[-82.43516,36.04902],[-82.43466,36.04965],[-82.43512,36.04985],[-82.43508,36.05033],[-82.43453,36.05132],[-82.43536,36.05117],[-82.43575,36.05127],[-82.43591,36.05146],[-82.43577,36.05192],[-82.436,36.05201],[-82.43612,36.0522],[-82.43593,36.05263],[-82.43544,36.05281],[-82.43539,36.05312],[-82.43496,36.05323],[-82.43475,36.05355],[-82.43375,36.05374],[-82.43322,36.05365],[-82.43301,36.05375],[-82.43299,36.05387],[-82.4332,36.0548],[-82.43394,36.05498],[-82.43504,36.05498],[-82.43518,36.05509],[-82.43476,36.05548],[-82.43371,36.05596],[-82.43347,36.05616],[-82.43344,36.05636],[-82.43438,36.05667],[-82.43425,36.05691],[-82.4333,36.05756],[-82.43307,36.05782],[-82.43428,36.05806],[-82.43503,36.05778],[-82.43595,36.0581],[-82.43567,36.0585],[-82.43563,36.05883],[-82.43541,36.05897],[-82.43515,36.05912],[-82.43378,36.05944],[-82.43345,36.05964],[-82.4351,36.06009],[-82.43555,36.06036],[-82.43549,36.06045],[-82.4351,36.0606],[-82.43457,36.0606],[-82.43384,36.06086],[-82.43257,36.06103],[-82.43225,36.06122],[-82.43252,36.06159],[-82.43345,36.06147],[-82.43403,36.06172],[-82.43345,36.06197],[-82.43331,36.06229],[-82.43249,36.06282],[-82.43326,36.06322],[-82.43376,36.06377],[-82.43387,36.06543],[-82.43371,36.0656],[-82.4336,36.06652],[-82.43378,36.06705],[-82.43346,36.0675],[-82.43369,36.06756],[-82.434,36.06739],[-82.43451,36.06766],[-82.43523,36.06785],[-82.43575,36.06762],[-82.43628,36.06763],[-82.43702,36.06736],[-82.43717,36.06776],[-82.43776,36.06781],[-82.4377,36.06829],[-82.43847,36.0687],[-82.43845,36.06882],[-82.43778,36.06915],[-82.43752,36.0698],[-82.43772,36.07012],[-82.43819,36.07024],[-82.43873,36.071],[-82.43948,36.07095],[-82.44046,36.07127],[-82.44104,36.07101],[-82.44173,36.07097],[-82.44189,36.07103],[-82.44251,36.07189],[-82.44344,36.07155],[-82.44362,36.07132],[-82.44464,36.07129],[-82.44535,36.07099],[-82.44545,36.07108],[-82.44544,36.072],[-82.44562,36.07224],[-82.44636,36.07154],[-82.44694,36.07165],[-82.44712,36.07155],[-82.44743,36.07098],[-82.44765,36.07095],[-82.44828,36.07133],[-82.44882,36.07053],[-82.44952,36.07165],[-82.44938,36.07272],[-82.44901,36.07352],[-82.44954,36.07372],[-82.44972,36.07403],[-82.44954,36.07442],[-82.44961,36.0748],[-82.44927,36.0752],[-82.44946,36.0758],[-82.44926,36.07614],[-82.44984,36.07673],[-82.4499,36.07749],[-82.45032,36.07726],[-82.4516,36.07724],[-82.45241,36.07653],[-82.45363,36.07678],[-82.45424,36.07667],[-82.45458,36.07696],[-82.4552,36.07709],[-82.45529,36.07766],[-82.45604,36.07858],[-82.45554,36.07897],[-82.45503,36.07955],[-82.45491,36.07983],[-82.45498,36.07993],[-82.45539,36.08013],[-82.45563,36.08049],[-82.45658,36.08032],[-82.45738,36.08059],[-82.45678,36.08112],[-82.45664,36.08162],[-82.45745,36.08149],[-82.45799,36.08174],[-82.45865,36.08179],[-82.45926,36.08231],[-82.45985,36.0831],[-82.45886,36.08432],[-82.45881,36.08451],[-82.45905,36.08576],[-82.45809,36.08801],[-82.45765,36.08856],[-82.45787,36.08952],[-82.45759,36.08993],[-82.45659,36.09042],[-82.45597,36.09109],[-82.45408,36.09144],[-82.45248,36.09215],[-82.45222,36.09279],[-82.45173,36.09301],[-82.45144,36.0934],[-82.45058,36.09329],[-82.4496,36.09361],[-82.44925,36.09402],[-82.44937,36.09559],[-82.44906,36.09592],[-82.44925,36.09615],[-82.44921,36.09708],[-82.44958,36.09651],[-82.44988,36.09628],[-82.44968,36.09673],[-82.44979,36.09798],[-82.44997,36.09822],[-82.45015,36.09729],[-82.45031,36.09707],[-82.45057,36.09849],[-82.45029,36.09933],[-82.45056,36.09994],[-82.45076,36.09964],[-82.45076,36.09933],[-82.45089,36.09942],[-82.45094,36.09969],[-82.4509,36.10014],[-82.4505,36.10081],[-82.45055,36.10098],[-82.45091,36.10057],[-82.45061,36.10176],[-82.45036,36.10221],[-82.4505,36.10281],[-82.45046,36.10331],[-82.4503,36.10357],[-82.45074,36.1033],[-82.45122,36.10207],[-82.45125,36.10222],[-82.45116,36.10258],[-82.45121,36.10315],[-82.45105,36.10368],[-82.45013,36.10443],[-82.45021,36.1047],[-82.45076,36.10522],[-82.45073,36.10535],[-82.45041,36.10547],[-82.45075,36.10557],[-82.45122,36.10541],[-82.45073,36.10575],[-82.45013,36.10574],[-82.45058,36.10599],[-82.44977,36.10592],[-82.44934,36.10572],[-82.44903,36.10551],[-82.44877,36.10506],[-82.4487,36.10502],[-82.44867,36.10521],[-82.44853,36.10497],[-82.44833,36.10545],[-82.44659,36.10537],[-82.44634,36.10521],[-82.44621,36.10509],[-82.44628,36.10376],[-82.4459,36.10348],[-82.44594,36.10289],[-82.44572,36.1021],[-82.44544,36.1019],[-82.44504,36.10108],[-82.44476,36.1008],[-82.4437,36.10022],[-82.44294,36.10024],[-82.44282,36.10021],[-82.44268,36.09993],[-82.44098,36.09967],[-82.43724,36.09978],[-82.43675,36.1001],[-82.43436,36.10055],[-82.43405,36.10043],[-82.43242,36.10042],[-82.43177,36.1002],[-82.43112,36.10033],[-82.43007,36.10127],[-82.42924,36.1018],[-82.42902,36.10231],[-82.42874,36.10252],[-82.42728,36.10324],[-82.42619,36.10436],[-82.42557,36.10522],[-82.42528,36.10588],[-82.4245,36.1065],[-82.42419,36.10702],[-82.42314,36.10734],[-82.42239,36.1078],[-82.42171,36.10792],[-82.42062,36.10791],[-82.42041,36.10796],[-82.42011,36.10827],[-82.4191,36.1078],[-82.41859,36.10768],[-82.41699,36.10685],[-82.41646,36.10647],[-82.41601,36.10579],[-82.41562,36.10551],[-82.41433,36.10554],[-82.41391,36.10503],[-82.41313,36.10479],[-82.41262,36.10425],[-82.41117,36.1039],[-82.41036,36.10349],[-82.41012,36.10344],[-82.41079,36.1042],[-82.41161,36.10463],[-82.41162,36.10498],[-82.41181,36.10519],[-82.4115,36.10514],[-82.41111,36.10466],[-82.41075,36.10462],[-82.41018,36.10479],[-82.4098,36.10439],[-82.40947,36.10428],[-82.40913,36.10431],[-82.40848,36.10461],[-82.40777,36.1046],[-82.40646,36.1041],[-82.40568,36.10413],[-82.40468,36.1038],[-82.40378,36.10385],[-82.403,36.10426],[-82.40256,36.1042],[-82.40227,36.10436],[-82.40078,36.10407],[-82.39968,36.10426],[-82.39917,36.10391],[-82.39863,36.10379],[-82.3976,36.10389],[-82.39712,36.10413],[-82.39685,36.10443],[-82.39693,36.10464],[-82.3967,36.10526],[-82.39642,36.10546],[-82.39589,36.10552],[-82.39529,36.10524],[-82.39475,36.10513],[-82.39439,36.10476],[-82.3942,36.10408],[-82.39347,36.10396],[-82.39326,36.10369],[-82.39311,36.10301],[-82.39282,36.10281],[-82.3926,36.10244],[-82.39195,36.10328],[-82.3912,36.1034],[-82.39109,36.10374],[-82.39114,36.10429],[-82.39082,36.10502],[-82.39007,36.10557],[-82.38866,36.10605],[-82.38883,36.10514],[-82.38834,36.10471],[-82.38816,36.10468],[-82.38773,36.10487],[-82.38737,36.10482],[-82.38621,36.10426],[-82.38613,36.10428],[-82.386,36.10506],[-82.38483,36.10527],[-82.38431,36.10565],[-82.38361,36.10582],[-82.38335,36.10575],[-82.38318,36.1062],[-82.38349,36.10699],[-82.38351,36.10719],[-82.38337,36.1074],[-82.3825,36.10718],[-82.38203,36.10735],[-82.38149,36.10723],[-82.38069,36.10766],[-82.38009,36.10746],[-82.37929,36.10756],[-82.37956,36.10923],[-82.37902,36.10937],[-82.37826,36.1093],[-82.3773,36.10942],[-82.37737,36.10999],[-82.37807,36.11105],[-82.37791,36.11164],[-82.37779,36.11181],[-82.37736,36.1119],[-82.37699,36.11238],[-82.37593,36.11315],[-82.37513,36.11308],[-82.37469,36.11266],[-82.37438,36.11259],[-82.373,36.11374],[-82.37345,36.11267],[-82.37317,36.11224],[-82.37244,36.11167],[-82.3722,36.11083],[-82.37235,36.11062],[-82.37279,36.11053],[-82.37298,36.11039],[-82.37311,36.10962],[-82.37243,36.10862],[-82.37258,36.10799],[-82.3723,36.10712],[-82.37211,36.10695],[-82.37179,36.10697],[-82.36942,36.10776],[-82.36915,36.10842],[-82.36887,36.10857],[-82.36847,36.10916],[-82.36824,36.10881],[-82.36798,36.10786],[-82.36771,36.10768],[-82.36634,36.10816],[-82.36541,36.10875],[-82.36446,36.10883],[-82.36443,36.10977],[-82.36413,36.1102],[-82.36375,36.11042],[-82.36338,36.11041],[-82.36203,36.10963],[-82.36175,36.10967],[-82.36094,36.11057],[-82.36088,36.11079],[-82.36101,36.11145],[-82.36089,36.11193],[-82.36006,36.11243],[-82.35881,36.11244],[-82.35859,36.11253],[-82.35742,36.11379],[-82.35732,36.11406],[-82.3574,36.11482],[-82.35656,36.11435],[-82.35656,36.11462],[-82.35538,36.11535],[-82.3543,36.11561],[-82.35344,36.11597],[-82.35304,36.11633],[-82.35191,36.11657],[-82.35014,36.11725],[-82.34948,36.1173],[-82.34904,36.11715],[-82.34846,36.11669],[-82.34856,36.11656],[-82.34895,36.11644],[-82.34906,36.11627],[-82.34901,36.11559],[-82.3497,36.11408],[-82.34781,36.11472],[-82.34665,36.11493],[-82.34618,36.11523],[-82.345,36.11549],[-82.34338,36.11563],[-82.34005,36.11496],[-82.33932,36.11495],[-82.33882,36.11507],[-82.33808,36.11482],[-82.33767,36.11506],[-82.3364,36.11466],[-82.33585,36.11488],[-82.33513,36.11542],[-82.33342,36.11609],[-82.33192,36.11725],[-82.33143,36.11746],[-82.33112,36.11742],[-82.33091,36.11721],[-82.32883,36.11753],[-82.32832,36.11725],[-82.32742,36.11717],[-82.32719,36.11758],[-82.32672,36.11796],[-82.32581,36.11842],[-82.325,36.11864],[-82.32489,36.1188],[-82.32404,36.11905],[-82.32268,36.11901],[-82.32208,36.11923],[-82.32176,36.11884],[-82.3215,36.11873],[-82.32078,36.11862],[-82.3196,36.11868],[-82.31941,36.1188],[-82.31948,36.11937],[-82.31928,36.11985],[-82.31871,36.12022],[-82.31792,36.12103],[-82.31676,36.12156],[-82.31624,36.12159],[-82.31573,36.12178],[-82.31491,36.12278],[-82.31449,36.12389],[-82.31387,36.12446],[-82.31317,36.12462],[-82.31262,36.12496],[-82.31142,36.12543],[-82.31106,36.1258],[-82.31068,36.12579],[-82.31034,36.12667],[-82.30973,36.12632],[-82.30939,36.12633],[-82.30956,36.12661],[-82.30954,36.12686],[-82.30888,36.12666],[-82.30916,36.12695],[-82.30921,36.12725],[-82.30863,36.12706],[-82.3086,36.12715],[-82.30836,36.1271],[-82.30842,36.12726],[-82.30748,36.12718],[-82.30659,36.12732],[-82.30628,36.12749],[-82.3054,36.12844],[-82.3069,36.12836],[-82.30711,36.12855],[-82.30702,36.12879],[-82.3059,36.12959],[-82.30468,36.1301],[-82.30431,36.13043],[-82.30381,36.13056],[-82.30377,36.13074],[-82.30319,36.13145],[-82.30259,36.13149],[-82.30209,36.13188],[-82.30148,36.13199],[-82.30088,36.13231],[-82.30049,36.13233],[-82.29996,36.13259],[-82.29883,36.13284],[-82.29836,36.13314],[-82.29796,36.13322],[-82.29702,36.13383],[-82.2953,36.13378],[-82.29438,36.13395],[-82.29389,36.13418],[-82.29306,36.13429],[-82.29232,36.13489],[-82.2908,36.13564],[-82.29005,36.13566],[-82.2898,36.13555],[-82.29044,36.1348],[-82.2904,36.13472],[-82.28931,36.13445],[-82.28735,36.13433],[-82.28683,36.13441],[-82.28641,36.13468],[-82.28628,36.13506],[-82.28632,36.13666],[-82.2866,36.13756],[-82.28655,36.13777],[-82.28556,36.13711],[-82.28514,36.13605],[-82.28454,36.13556],[-82.28459,36.13473],[-82.28439,36.13424],[-82.28382,36.13368],[-82.28356,36.13281],[-82.28359,36.13257],[-82.28329,36.13175],[-82.28298,36.13146],[-82.28178,36.13098],[-82.28162,36.13024],[-82.28108,36.12942],[-82.28087,36.12947],[-82.28041,36.13023],[-82.2804,36.13054],[-82.28078,36.131],[-82.28051,36.1314],[-82.28043,36.13107],[-82.27986,36.13089],[-82.2797,36.13074],[-82.27962,36.13034],[-82.27904,36.13026],[-82.2788,36.12993],[-82.27854,36.12978],[-82.27836,36.12947],[-82.2777,36.12947],[-82.27697,36.12896],[-82.27592,36.12842],[-82.27615,36.12906],[-82.27602,36.12939],[-82.27522,36.12969],[-82.27474,36.12976],[-82.27373,36.12937],[-82.27322,36.12897],[-82.27225,36.12881],[-82.27184,36.12836],[-82.2715,36.12865],[-82.27139,36.12813],[-82.27078,36.12779],[-82.27013,36.12785],[-82.26993,36.1281],[-82.26959,36.12808],[-82.2691,36.12852],[-82.26824,36.12875],[-82.26746,36.12866],[-82.26698,36.12812],[-82.26677,36.12804],[-82.26532,36.1281],[-82.26486,36.1279],[-82.26459,36.12791],[-82.26449,36.12822],[-82.2638,36.12867],[-82.26393,36.12908],[-82.26388,36.12931],[-82.26326,36.13031],[-82.26265,36.13062],[-82.26237,36.13091],[-82.26218,36.13144],[-82.26148,36.13246],[-82.26124,36.13317],[-82.26041,36.13358],[-82.2601,36.13392],[-82.25994,36.13393],[-82.25911,36.13344],[-82.25839,36.13285],[-82.25813,36.13386],[-82.25728,36.13485],[-82.25544,36.13493],[-82.25462,36.1351],[-82.25385,36.13504],[-82.25347,36.13474],[-82.25311,36.1342],[-82.25334,36.1337],[-82.25284,36.13384],[-82.25241,36.13379],[-82.25206,36.13363],[-82.25169,36.13314],[-82.25054,36.13339],[-82.24965,36.13266],[-82.24809,36.13246],[-82.24763,36.13249],[-82.24718,36.13221],[-82.24679,36.13213],[-82.24553,36.13228],[-82.24432,36.13335],[-82.24384,36.13352],[-82.24382,36.13375],[-82.24351,36.13416],[-82.24356,36.13445],[-82.24375,36.13451],[-82.24441,36.13391],[-82.24486,36.13387],[-82.24547,36.1335],[-82.24545,36.13393],[-82.24484,36.13432],[-82.24465,36.13524],[-82.24426,36.1355],[-82.2437,36.1356],[-82.2427,36.13629],[-82.24265,36.13671],[-82.24225,36.13703],[-82.24193,36.13752],[-82.24167,36.1376],[-82.24067,36.13724],[-82.24035,36.1373],[-82.24017,36.1377],[-82.24013,36.13817],[-82.24,36.13831],[-82.2387,36.13877],[-82.23814,36.13932],[-82.23733,36.13984],[-82.23671,36.14057],[-82.23567,36.14111],[-82.23564,36.14133],[-82.23588,36.14169],[-82.23588,36.14188],[-82.23512,36.14243],[-82.23455,36.14236],[-82.23431,36.14248],[-82.23422,36.14266],[-82.23441,36.14329],[-82.23397,36.14348],[-82.23329,36.14329],[-82.23222,36.14461],[-82.23187,36.1448],[-82.23124,36.14471],[-82.22951,36.14491],[-82.22935,36.14528],[-82.22899,36.14557],[-82.22852,36.14624],[-82.22815,36.14718],[-82.22749,36.14763],[-82.22633,36.14778],[-82.22563,36.1496],[-82.22501,36.15032],[-82.22451,36.15061],[-82.22404,36.15132],[-82.22403,36.15198],[-82.22353,36.15328],[-82.22305,36.1537],[-82.22269,36.15434],[-82.22276,36.15463],[-82.2231,36.15495],[-82.22312,36.15521],[-82.22298,36.15527],[-82.22252,36.15514],[-82.22218,36.15557],[-82.22203,36.1562],[-82.22184,36.15633],[-82.22155,36.15686],[-82.22094,36.15695],[-82.22004,36.15661],[-82.21951,36.15683],[-82.21801,36.1563],[-82.21738,36.15673],[-82.2168,36.15676],[-82.2165,36.15722],[-82.21579,36.15742],[-82.21549,36.15784],[-82.21498,36.15785],[-82.2147,36.15812],[-82.21375,36.15851],[-82.21313,36.15843],[-82.21262,36.15886],[-82.21185,36.15902],[-82.20997,36.15858],[-82.20887,36.15769],[-82.20877,36.15752],[-82.20822,36.15727],[-82.20658,36.15729],[-82.20539,36.15749],[-82.20496,36.15738],[-82.20451,36.1575],[-82.20253,36.15679],[-82.2016,36.15664],[-82.2013,36.15581],[-82.20052,36.15527],[-82.2001,36.15472],[-82.19968,36.15358],[-82.19908,36.15262],[-82.19864,36.15236],[-82.19669,36.15193],[-82.19658,36.15185],[-82.19649,36.15144],[-82.19611,36.15065],[-82.19568,36.1503],[-82.19526,36.15022],[-82.19441,36.14966],[-82.19376,36.14951],[-82.19347,36.14932],[-82.19217,36.14914],[-82.19189,36.14925],[-82.1915,36.14967],[-82.19021,36.15036],[-82.18907,36.15051],[-82.18777,36.15108],[-82.18722,36.15106],[-82.187,36.15089],[-82.18697,36.15022],[-82.1871,36.1495],[-82.18686,36.1489],[-82.18614,36.14798],[-82.186,36.14749],[-82.18471,36.147],[-82.18435,36.14611],[-82.18374,36.14579],[-82.18409,36.14533],[-82.18364,36.14458],[-82.18305,36.14445],[-82.18225,36.14461],[-82.18092,36.14455],[-82.18047,36.14439],[-82.17991,36.14447],[-82.1797,36.14378],[-82.17949,36.14349],[-82.17667,36.14263],[-82.17566,36.1434],[-82.17514,36.14351],[-82.17486,36.14392],[-82.17483,36.14455],[-82.17473,36.14473],[-82.17383,36.14577],[-82.17296,36.14646],[-82.17198,36.14644],[-82.17097,36.14658],[-82.1699,36.14597],[-82.16929,36.146],[-82.16924,36.14631],[-82.16903,36.14657],[-82.16865,36.14665],[-82.16817,36.14645],[-82.1675,36.14633],[-82.16637,36.14554],[-82.16562,36.14523],[-82.16532,36.14525],[-82.16508,36.14542],[-82.164,36.14636],[-82.16243,36.14671],[-82.16204,36.14752],[-82.16106,36.14783],[-82.15992,36.1473],[-82.15881,36.14725],[-82.1579,36.14738],[-82.1574,36.14791],[-82.15593,36.14828],[-82.15521,36.1483],[-82.15378,36.14755],[-82.15314,36.14754],[-82.15265,36.14775],[-82.15245,36.14796],[-82.15275,36.14785],[-82.15305,36.14793],[-82.15328,36.14807],[-82.15326,36.14819],[-82.1525,36.14836],[-82.15157,36.14897],[-82.1495,36.14893],[-82.14906,36.14875],[-82.14857,36.14878],[-82.14806,36.14902],[-82.14861,36.14903],[-82.14956,36.14937],[-82.14973,36.14944],[-82.15003,36.14985],[-82.14913,36.14966],[-82.14874,36.14978],[-82.14801,36.15031],[-82.14754,36.15093],[-82.14799,36.15124],[-82.14856,36.15134],[-82.14855,36.15152],[-82.14843,36.15161],[-82.14706,36.1518],[-82.14674,36.15176],[-82.14619,36.15122],[-82.14613,36.15077],[-82.14592,36.15118],[-82.14603,36.15185],[-82.14584,36.15208],[-82.14456,36.15254],[-82.14313,36.1527],[-82.14341,36.15241],[-82.14461,36.15176],[-82.14484,36.1515],[-82.1444,36.15075],[-82.14382,36.15047],[-82.14361,36.15007],[-82.14409,36.14901],[-82.14385,36.14872],[-82.14526,36.14799],[-82.14551,36.14776],[-82.14527,36.14709],[-82.14478,36.14666],[-82.14515,36.1463],[-82.14516,36.14606],[-82.14484,36.1459],[-82.14474,36.14574],[-82.14483,36.1454],[-82.1442,36.14479],[-82.14411,36.14456],[-82.14466,36.14376],[-82.14447,36.14365],[-82.14464,36.14282],[-82.14454,36.14229],[-82.1448,36.14195],[-82.14576,36.14117],[-82.14585,36.141],[-82.14578,36.14064],[-82.14537,36.13982],[-82.14504,36.13985],[-82.14418,36.13946],[-82.14317,36.13957],[-82.14234,36.13925],[-82.14122,36.13821],[-82.14136,36.13772],[-82.14132,36.13735],[-82.14104,36.13687],[-82.14058,36.13671],[-82.14003,36.13629],[-82.14068,36.13613],[-82.14086,36.13598],[-82.14107,36.1357],[-82.14115,36.13521],[-82.14142,36.13477],[-82.14128,36.13437],[-82.1412,36.13351],[-82.14134,36.13308],[-82.14126,36.13254],[-82.14165,36.13168],[-82.14121,36.13113],[-82.14081,36.13108],[-82.14072,36.13071],[-82.14031,36.13027],[-82.14026,36.13005],[-82.14025,36.13085],[-82.14008,36.13125],[-82.14014,36.13182],[-82.13908,36.13283],[-82.1388,36.13283],[-82.13865,36.1327],[-82.13866,36.13253],[-82.13905,36.1319],[-82.13889,36.13115],[-82.13826,36.13059],[-82.13763,36.13039],[-82.13741,36.12994],[-82.13773,36.12882],[-82.13844,36.12834],[-82.1385,36.12814],[-82.13788,36.12706],[-82.1376,36.12816],[-82.13685,36.12871],[-82.13649,36.12868],[-82.13628,36.12844],[-82.13657,36.12681],[-82.13686,36.12641],[-82.13675,36.12576],[-82.13691,36.12504],[-82.13674,36.12513],[-82.13676,36.12457],[-82.1364,36.12333],[-82.13675,36.12354],[-82.13691,36.12336],[-82.13694,36.12319],[-82.13675,36.12318],[-82.13668,36.12307],[-82.13679,36.12278],[-82.13666,36.1222],[-82.13671,36.1219],[-82.13701,36.12222],[-82.13728,36.12152],[-82.13747,36.12148],[-82.13758,36.12117],[-82.13777,36.121],[-82.13762,36.12076],[-82.13779,36.12055],[-82.13766,36.12039],[-82.13765,36.11982],[-82.13806,36.12013],[-82.13804,36.11973],[-82.13717,36.1189],[-82.13701,36.11791],[-82.13584,36.11679],[-82.13533,36.1155],[-82.13534,36.1142],[-82.13502,36.11332],[-82.13463,36.1128],[-82.13444,36.11342],[-82.1341,36.11359],[-82.13369,36.11348],[-82.13387,36.11309],[-82.13385,36.11272],[-82.13358,36.11286],[-82.13339,36.11283],[-82.13348,36.11248],[-82.13339,36.11236],[-82.13317,36.11239],[-82.13319,36.11205],[-82.13273,36.11197],[-82.13299,36.11175],[-82.13298,36.11126],[-82.13288,36.11122],[-82.13266,36.11136],[-82.13242,36.11119],[-82.13219,36.11001],[-82.13203,36.10995],[-82.13174,36.10934],[-82.13175,36.10893],[-82.13149,36.10903],[-82.13117,36.10881],[-82.13142,36.10867],[-82.13146,36.10833],[-82.13142,36.10819],[-82.13127,36.10826],[-82.13104,36.10806],[-82.13112,36.10779],[-82.13095,36.10762],[-82.13142,36.10685],[-82.13164,36.10597],[-82.1312,36.10645],[-82.13096,36.10653],[-82.13103,36.10636],[-82.13092,36.1063],[-82.13113,36.10565],[-82.13103,36.10556],[-82.13066,36.10559],[-82.13065,36.10536],[-82.13035,36.10484],[-82.13005,36.10477],[-82.12967,36.10486],[-82.12931,36.10457],[-82.1283,36.10425],[-82.12681,36.10428],[-82.12571,36.10449],[-82.12397,36.10497],[-82.12222,36.10594],[-82.12185,36.10604],[-82.12113,36.10574],[-82.12082,36.10543],[-82.11923,36.10445],[-82.11827,36.10434],[-82.1177,36.10447],[-82.11768,36.10464],[-82.11791,36.10496],[-82.1186,36.10536],[-82.11709,36.10534],[-82.11608,36.1047],[-82.11551,36.10402],[-82.1154,36.10447],[-82.11563,36.10529],[-82.11554,36.10533],[-82.11464,36.10481],[-82.11415,36.10433],[-82.11445,36.10539],[-82.11535,36.10661],[-82.11327,36.10555],[-82.11258,36.10482],[-82.1125,36.10607],[-82.113,36.10679],[-82.11299,36.10694],[-82.11247,36.10684],[-82.1122,36.10703],[-82.11112,36.10712],[-82.11002,36.10653],[-82.10915,36.10643],[-82.10898,36.10663],[-82.10914,36.1074],[-82.10898,36.1079],[-82.10883,36.10799],[-82.1084,36.10779],[-82.10797,36.10822],[-82.10747,36.10845],[-82.10739,36.10845],[-82.10742,36.1083],[-82.10765,36.10806],[-82.10755,36.10786],[-82.10685,36.10736],[-82.10657,36.10729],[-82.10626,36.10775],[-82.10604,36.10787],[-82.10527,36.10792],[-82.1048,36.10732],[-82.10412,36.10698],[-82.10288,36.10682],[-82.10212,36.10652],[-82.10178,36.10593],[-82.10198,36.10571],[-82.10113,36.10516],[-82.10022,36.10491],[-82.1,36.10492],[-82.09862,36.10566],[-82.09545,36.10594],[-82.09462,36.10587],[-82.09452,36.10608],[-82.09435,36.10613],[-82.09315,36.10597],[-82.09287,36.10578],[-82.09018,36.10592],[-82.08874,36.10589],[-82.08799,36.10596],[-82.0878,36.10615],[-82.0876,36.10616],[-82.08733,36.10601],[-82.08639,36.106],[-82.08538,36.10548],[-82.08495,36.10558],[-82.08388,36.10534],[-82.08325,36.10541],[-82.08299,36.10553],[-82.08279,36.10585],[-82.08252,36.10598],[-82.08125,36.10723],[-82.0806,36.10768],[-82.07968,36.10773],[-82.07887,36.1076],[-82.07796,36.10737],[-82.07773,36.10715],[-82.07765,36.10754],[-82.07727,36.10722],[-82.07719,36.10733],[-82.07715,36.10763],[-82.07732,36.10777],[-82.07722,36.10782],[-82.0767,36.10778],[-82.0765,36.1076],[-82.07654,36.10805],[-82.077,36.10821],[-82.07676,36.10834],[-82.07491,36.10828],[-82.0726,36.10877],[-82.07095,36.10956],[-82.0709,36.10979],[-82.07079,36.10983],[-82.07069,36.10984],[-82.07066,36.10972],[-82.07067,36.10905],[-82.06991,36.11017],[-82.06998,36.11063],[-82.0703,36.11086],[-82.06975,36.11084],[-82.0692,36.1105],[-82.06901,36.11099],[-82.06833,36.11155],[-82.06819,36.11159],[-82.06805,36.1115],[-82.06803,36.11131],[-82.06788,36.11135],[-82.06686,36.1121],[-82.06486,36.11275],[-82.06412,36.11281],[-82.0626,36.11218],[-82.06146,36.11155],[-82.0609,36.11075],[-82.06045,36.1105],[-82.06022,36.11055],[-82.05988,36.11114],[-82.0598,36.11175],[-82.06035,36.1128],[-82.0608,36.11413],[-82.06057,36.11505],[-82.06026,36.11544],[-82.0602,36.11601],[-82.06044,36.11626],[-82.06142,36.11655],[-82.0616,36.11665],[-82.06158,36.11675],[-82.06042,36.11698],[-82.05929,36.11765],[-82.05844,36.11867],[-82.05719,36.11985],[-82.05667,36.12066],[-82.05662,36.12096],[-82.0567,36.12289],[-82.05602,36.12386],[-82.05578,36.12453],[-82.05541,36.12509],[-82.05473,36.12551],[-82.05262,36.1257],[-82.05213,36.12585],[-82.05189,36.12609],[-82.0515,36.12578],[-82.05072,36.12578],[-82.05046,36.12565],[-82.04903,36.12568],[-82.04799,36.12538],[-82.04746,36.1254],[-82.0471,36.12528],[-82.04465,36.12554],[-82.04245,36.12443],[-82.04099,36.12348],[-82.03897,36.1215],[-82.03693,36.12085],[-82.03552,36.12083],[-82.03354,36.12111],[-82.03255,36.12113],[-82.03029,36.12321],[-82.02986,36.12398],[-82.0296,36.12411],[-82.02948,36.12447],[-82.02869,36.12533],[-82.02835,36.12523],[-82.02788,36.12457],[-82.02811,36.12366],[-82.02848,36.12328],[-82.0285,36.12297],[-82.02827,36.12297],[-82.02683,36.12369],[-82.02657,36.12402],[-82.02651,36.12441],[-82.02678,36.12517],[-82.02678,36.12585],[-82.02714,36.12735],[-82.02697,36.12778],[-82.02672,36.12784],[-82.02568,36.12854],[-82.02538,36.12898],[-82.02429,36.12952],[-82.02421,36.12988],[-82.0244,36.13029],[-82.02441,36.13065],[-82.02429,36.1324],[-82.02436,36.13261],[-82.02395,36.13279],[-82.02368,36.13307],[-82.02281,36.13308],[-82.02158,36.13338],[-82.01868,36.13478],[-82.018,36.13553],[-82.01761,36.13644],[-82.01723,36.13676],[-82.01678,36.13743],[-82.01647,36.13759],[-82.01623,36.13817],[-82.01599,36.13812],[-82.01542,36.13837],[-82.01524,36.13862],[-82.01424,36.13902],[-82.01272,36.14034],[-82.01256,36.14063],[-82.01203,36.14052],[-82.01077,36.13923],[-82.01039,36.1391],[-82.00906,36.13815],[-82.00668,36.13767],[-82.00523,36.1376],[-82.00485,36.13742],[-82.00217,36.13731],[-82.00184,36.13746],[-82.00148,36.13792],[-82.00098,36.1383],[-82.0003,36.13925],[-82.0003,36.13952],[-82.00052,36.13977],[-82.00043,36.1398],[-82.0005,36.13997],[-82.00036,36.14035],[-82.00038,36.14053],[-82.0005,36.14058],[-82.00219,36.1396],[-82.00331,36.13933],[-82.00478,36.13926],[-82.0056,36.13944],[-82.00713,36.14019],[-82.00822,36.14108],[-82.00854,36.14188],[-82.00832,36.14278],[-82.00837,36.14335],[-82.01039,36.1437],[-82.01087,36.14394],[-82.01118,36.14428],[-82.01131,36.14531],[-82.01185,36.14566],[-82.01198,36.14589],[-82.01203,36.14619],[-82.0119,36.14669],[-82.01114,36.14752],[-82.01098,36.14846],[-82.01097,36.15078],[-82.01151,36.15214],[-82.01193,36.15248],[-82.01271,36.15261],[-82.0139,36.15344],[-82.01441,36.15441],[-82.01467,36.15468],[-82.01459,36.15523],[-82.0147,36.1552],[-82.01486,36.15536],[-82.01481,36.15525],[-82.01501,36.15546],[-82.01474,36.15553],[-82.01528,36.15565],[-82.01539,36.15555],[-82.01551,36.15559],[-82.01547,36.1557],[-82.0157,36.15562],[-82.01588,36.1557],[-82.0155,36.15509],[-82.01555,36.15474],[-82.01578,36.15468],[-82.01588,36.15434],[-82.01594,36.15491],[-82.01653,36.15535],[-82.01687,36.15596],[-82.0169,36.15615],[-82.0166,36.15645],[-82.01564,36.15629],[-82.01542,36.15635],[-82.01516,36.15703],[-82.01552,36.15781],[-82.01496,36.15774],[-82.0145,36.15787],[-82.01438,36.15801],[-82.01471,36.15907],[-82.01453,36.15939],[-82.01449,36.1609],[-82.01475,36.16139],[-82.01515,36.16181],[-82.01493,36.16194],[-82.01451,36.1619],[-82.01429,36.16226],[-82.01434,36.16276],[-82.01467,36.16335],[-82.01432,36.16343],[-82.01388,36.16334],[-82.0135,36.16352],[-82.01343,36.16367],[-82.01395,36.16438],[-82.01365,36.16499],[-82.0134,36.16505],[-82.01291,36.16485],[-82.01268,36.16497],[-82.01226,36.16489],[-82.01191,36.16499],[-82.01156,36.16529],[-82.01183,36.16592],[-82.01176,36.16613],[-82.01189,36.16647],[-82.0119,36.16709],[-82.01143,36.16725],[-82.01133,36.16743],[-82.01134,36.16787],[-82.01095,36.16768],[-82.01017,36.16784],[-82.01003,36.16802],[-82.01008,36.16822],[-82.01048,36.16864],[-82.01049,36.16887],[-82.01087,36.16928],[-82.01092,36.16855],[-82.01145,36.16893],[-82.01181,36.16901],[-82.0119,36.16919],[-82.01194,36.16955],[-82.01182,36.16965],[-82.01168,36.17016],[-82.01145,36.17043],[-82.01136,36.17122],[-82.01106,36.17211],[-82.01089,36.17231],[-82.01108,36.173],[-82.01103,36.17326],[-82.01183,36.17399],[-82.01256,36.17439],[-82.01268,36.17476],[-82.01256,36.17542],[-82.01193,36.17661],[-82.01148,36.17663],[-82.01107,36.17636],[-82.01095,36.17644],[-82.01178,36.17741],[-82.01105,36.17746],[-82.01152,36.17774],[-82.01162,36.17838],[-82.01182,36.17882],[-82.0118,36.17915],[-82.01211,36.1794],[-82.01255,36.17944],[-82.01208,36.1801],[-82.01219,36.18021],[-82.01263,36.18013],[-82.01165,36.18074],[-82.01198,36.18078],[-82.01247,36.18061],[-82.01209,36.18101],[-82.01156,36.18113],[-82.01138,36.1813],[-82.01124,36.18183],[-82.01104,36.18193],[-82.01134,36.18193],[-82.01158,36.18151],[-82.01195,36.18151],[-82.01168,36.18176],[-82.0117,36.1823],[-82.01126,36.18237],[-82.01115,36.18252],[-82.01082,36.18261],[-82.01053,36.18261],[-82.0101,36.1829],[-82.00972,36.18299],[-82.00905,36.18348],[-82.00933,36.18361],[-82.00945,36.18382],[-82.01017,36.18386],[-82.01076,36.18413],[-82.01082,36.18462],[-82.01146,36.18544],[-82.0116,36.18585],[-82.01163,36.18668],[-82.01186,36.18744],[-82.01212,36.18799],[-82.0126,36.18854],[-82.01267,36.18873],[-82.01258,36.18893],[-82.01318,36.18968],[-82.01336,36.19025],[-82.01279,36.19037],[-82.01174,36.19002],[-82.01092,36.18961],[-82.01068,36.18999],[-82.01086,36.19027],[-82.0108,36.19046],[-82.01064,36.19059],[-82.01002,36.19069],[-82.00981,36.1909],[-82.00935,36.19099],[-82.00886,36.19176],[-82.00792,36.19188],[-82.00785,36.192],[-82.00796,36.19221],[-82.00766,36.19263],[-82.00687,36.19221],[-82.00662,36.19218],[-82.00573,36.19317],[-82.00526,36.19328],[-82.00533,36.19294],[-82.00518,36.19269],[-82.00451,36.19277],[-82.00413,36.19252],[-82.00395,36.1929],[-82.00387,36.19367],[-82.0031,36.19425],[-82.00288,36.19454],[-82.0035,36.19451],[-82.0042,36.19477],[-81.98793,36.20601],[-81.98817,36.20592],[-81.98853,36.20606],[-81.98878,36.20611],[-81.98901,36.20601],[-81.98933,36.20614],[-81.98949,36.20642],[-81.98914,36.20697],[-81.98915,36.20711],[-81.9893,36.20736],[-81.98956,36.20748],[-81.99006,36.20737],[-81.99035,36.20721],[-81.99049,36.20698],[-81.99087,36.20685],[-81.99098,36.20712],[-81.99088,36.20758],[-81.99109,36.20783],[-81.99167,36.20731],[-81.99165,36.20704],[-81.99194,36.20696],[-81.9926,36.20715],[-81.99338,36.20703],[-81.99403,36.20706],[-81.99416,36.20694],[-81.99395,36.20643],[-81.99407,36.2062],[-81.99457,36.20643],[-81.99529,36.20626],[-81.99546,36.20616],[-81.99557,36.20589],[-81.99567,36.20598],[-81.99581,36.2059],[-81.99604,36.20613],[-81.9963,36.20599],[-81.99659,36.20614],[-81.99679,36.20609],[-81.99673,36.20552],[-81.99708,36.20487],[-81.99697,36.20445],[-81.99752,36.20392],[-81.99743,36.20317],[-81.99755,36.20232],[-81.99809,36.20225],[-81.99865,36.20178],[-81.99929,36.20186],[-81.99888,36.20156],[-81.99912,36.20154],[-81.99899,36.20131],[-81.99965,36.20088],[-81.99987,36.20088],[-81.9998,36.20066],[-82.00004,36.20055],[-82.00135,36.20026],[-82.00138,36.20004],[-82.00099,36.19969],[-82.00197,36.19979],[-82.00229,36.19936],[-82.00258,36.19918],[-82.00251,36.19851],[-82.00274,36.19848],[-82.00241,36.19828],[-82.00241,36.19813],[-82.00266,36.19727],[-82.00271,36.19715],[-82.00303,36.19751],[-82.00393,36.19675],[-82.00394,36.19609],[-82.00428,36.19577],[-82.00433,36.19545],[-82.0042,36.19477],[-82.05072,36.22102],[-82.04999,36.22115],[-82.04989,36.22129],[-82.04986,36.22205],[-82.04955,36.22238],[-82.04865,36.2225],[-82.04879,36.2227],[-82.04856,36.22287],[-82.0486,36.22296],[-82.04899,36.22298],[-82.04911,36.22327],[-82.04871,36.22343],[-82.04797,36.22336],[-82.04791,36.2231],[-82.04749,36.22286],[-82.04702,36.22288],[-82.04683,36.22301],[-82.04683,36.22329],[-82.0473,36.22335],[-82.04725,36.22353],[-82.04692,36.22335],[-82.04666,36.22344],[-82.04621,36.22321],[-82.0461,36.22274],[-82.04575,36.22242],[-82.04561,36.22242],[-82.04543,36.2226],[-82.04501,36.22258],[-82.04486,36.2229],[-82.04471,36.22295],[-82.04419,36.22254],[-82.0443,36.22222],[-82.04425,36.2221],[-82.04405,36.22207],[-82.04362,36.22243],[-82.04356,36.22283],[-82.04338,36.22302],[-82.04309,36.22309],[-82.04324,36.22348],[-82.04275,36.2234],[-82.04209,36.22297],[-82.04089,36.22297],[-82.04022,36.22248],[-82.04102,36.22214],[-82.04103,36.2219],[-82.0408,36.22159],[-82.04033,36.22143],[-82.03978,36.2207],[-82.0392,36.2204],[-82.03911,36.22025],[-82.03934,36.21959],[-82.03892,36.21881],[-82.03898,36.21859],[-82.03879,36.21813],[-82.03891,36.21783],[-82.03872,36.21757],[-82.03838,36.21742],[-82.03756,36.21729],[-82.03738,36.21743],[-82.03739,36.21773],[-82.03702,36.21799],[-82.03637,36.21822],[-82.03638,36.21837],[-82.03625,36.21842],[-82.03581,36.21832],[-82.03507,36.21854],[-82.03471,36.21877],[-82.03427,36.21933],[-82.03381,36.21927],[-82.03326,36.21885],[-82.03272,36.21881],[-82.0326,36.2189],[-82.03282,36.21945],[-82.03276,36.21981],[-82.03219,36.22004],[-82.03157,36.21975],[-82.03103,36.21983],[-82.03105,36.22003],[-82.03145,36.22008],[-82.03167,36.22033],[-82.03188,36.22088],[-82.03223,36.22119],[-82.03199,36.22129],[-82.03038,36.22041],[-82.02945,36.22037],[-82.02931,36.22059],[-82.02911,36.22066],[-82.02835,36.22049],[-82.02827,36.22027],[-82.02842,36.22013],[-82.02838,36.21993],[-82.02787,36.21959],[-82.0277,36.21969],[-82.02762,36.21999],[-82.02731,36.22015],[-82.02674,36.22009],[-82.02547,36.22033],[-82.02503,36.22019],[-82.02437,36.22037],[-82.02297,36.21987],[-82.02169,36.21994],[-82.02092,36.2196],[-82.02026,36.21981],[-82.02023,36.22015],[-82.01959,36.22015],[-82.01913,36.22048],[-82.01852,36.22041],[-82.0183,36.22028],[-82.0181,36.22036],[-82.01885,36.22108],[-82.01862,36.22118],[-82.01809,36.22169],[-82.01771,36.22168],[-82.01774,36.2221],[-82.01749,36.22215],[-82.01748,36.2224],[-82.01735,36.22243],[-82.01688,36.222],[-82.01661,36.22191],[-82.01528,36.22196],[-82.01499,36.2223],[-82.01474,36.22234],[-82.01456,36.22286],[-82.01424,36.22308],[-82.01326,36.2229],[-82.01328,36.22364],[-82.01264,36.22345],[-82.01188,36.22356],[-82.01206,36.22315],[-82.01201,36.22296],[-82.01167,36.22242],[-82.01143,36.22235],[-82.01135,36.22244],[-82.01155,36.22286],[-82.01144,36.22304],[-82.00901,36.22269],[-82.008,36.22306],[-82.00783,36.22329],[-82.00696,36.22326],[-82.00684,36.22332],[-82.00688,36.22357],[-82.00664,36.22379],[-82.00608,36.22378],[-82.00578,36.22361],[-82.00566,36.22328],[-82.00495,36.22293],[-82.00481,36.22259],[-82.00517,36.22245],[-82.00493,36.22209],[-82.00403,36.22184],[-82.00272,36.22208],[-82.00318,36.22168],[-82.00287,36.22135],[-82.00305,36.22063],[-82.00294,36.22046],[-82.00213,36.2202],[-82.00153,36.22033],[-82.0013,36.22017],[-82.00085,36.22013],[-82.0013,36.21996],[-82.00054,36.21974],[-81.99999,36.21937],[-81.99966,36.21943],[-81.9994,36.21932],[-81.99919,36.21945],[-81.999,36.21982],[-81.99801,36.22033],[-81.99612,36.22185],[-81.99563,36.22195],[-81.99546,36.22232],[-81.99419,36.22295],[-81.99393,36.22303],[-81.99348,36.22296],[-81.99297,36.2236],[-81.99272,36.22363],[-81.99231,36.22354],[-81.99212,36.22334],[-81.99131,36.2229],[-81.99099,36.22309],[-81.98975,36.22293],[-81.98946,36.22276],[-81.98946,36.2223],[-81.98928,36.22191],[-81.98878,36.22161],[-81.9887,36.22135],[-81.98827,36.22111],[-81.98807,36.22116],[-81.98778,36.22155],[-81.98718,36.2217],[-81.98675,36.22166],[-81.98614,36.22105],[-81.98619,36.22071],[-81.98584,36.22058],[-81.98514,36.22059],[-81.9848,36.22043],[-81.98477,36.22033],[-81.98509,36.22019],[-81.9853,36.21994],[-81.98491,36.21973],[-81.98478,36.2195],[-81.9841,36.21972],[-81.98374,36.21965],[-81.98342,36.21988],[-81.98306,36.21986],[-81.98298,36.21974],[-81.98302,36.21933],[-81.98331,36.21887],[-81.98318,36.2188],[-81.9827,36.21882],[-81.98249,36.21899],[-81.98177,36.21893],[-81.98165,36.21922],[-81.98137,36.21919],[-81.98083,36.21936],[-81.98066,36.21926],[-81.98111,36.21865],[-81.9786,36.21878],[-81.97806,36.21913],[-81.97811,36.21926],[-81.97853,36.21933],[-81.97784,36.21957],[-81.97745,36.21946],[-81.97682,36.2189],[-81.97679,36.21883],[-81.97706,36.21883],[-81.97743,36.21852],[-81.97663,36.2179],[-81.97632,36.21783],[-81.97617,36.2177],[-81.97618,36.21744],[-81.97631,36.21736],[-81.97637,36.21691],[-81.97683,36.21672],[-81.97725,36.2163],[-81.97708,36.21612],[-81.97608,36.21579],[-81.97589,36.2156],[-81.97597,36.2151],[-81.97617,36.21494],[-81.97634,36.21457],[-81.97626,36.21418],[-81.97637,36.21386],[-81.97702,36.21354],[-81.97692,36.21345],[-81.97643,36.21346],[-81.9763,36.21322],[-81.97528,36.21296],[-81.97531,36.21283],[-81.97565,36.2127],[-81.97563,36.21251],[-81.97468,36.21187],[-81.9742,36.21127],[-81.97443,36.21095],[-81.97486,36.21072],[-81.97532,36.21036],[-81.97538,36.21016],[-81.97599,36.20976],[-81.97612,36.20932],[-81.97686,36.20882],[-81.97774,36.20877],[-81.97825,36.20922],[-81.97826,36.20883],[-81.9788,36.20895],[-81.97887,36.20877],[-81.97901,36.20874],[-81.98007,36.20891],[-81.98028,36.2088],[-81.98007,36.20856],[-81.97955,36.20835],[-81.97985,36.208],[-81.97965,36.20762],[-81.97848,36.20687],[-81.97662,36.20446],[-81.97543,36.20358],[-81.97545,36.20342],[-81.97602,36.20341],[-81.97722,36.20377],[-81.97853,36.20368],[-81.97894,36.20401],[-81.97942,36.20383],[-81.97994,36.20382],[-81.9796,36.20396],[-81.97915,36.20448],[-81.97854,36.20448],[-81.97886,36.20467],[-81.97925,36.20467],[-81.97996,36.20434],[-81.98078,36.20483],[-81.98083,36.20445],[-81.98118,36.20437],[-81.9818,36.20445],[-81.98178,36.20418],[-81.98219,36.20442],[-81.98219,36.20454],[-81.98168,36.20471],[-81.98125,36.20549],[-81.98134,36.20557],[-81.98204,36.20508],[-81.98316,36.20503],[-81.98351,36.20514],[-81.98388,36.2051],[-81.98485,36.20547],[-81.98348,36.20556],[-81.98349,36.20566],[-81.9839,36.2058],[-81.98453,36.20581],[-81.98629,36.2063],[-81.98721,36.20629],[-81.98746,36.20642],[-81.98793,36.20601],[-82.13013,36.2707],[-82.12995,36.27076],[-82.12965,36.27067],[-82.12994,36.2705],[-82.12972,36.2702],[-82.12916,36.27026],[-82.12798,36.26956],[-82.12704,36.26859],[-82.12613,36.26788],[-82.12454,36.26693],[-82.12391,36.26629],[-82.12316,36.26436],[-82.12326,36.26409],[-82.12316,36.26389],[-82.12385,36.26375],[-82.12433,36.26339],[-82.1245,36.26287],[-82.12486,36.26255],[-82.12505,36.26207],[-82.12587,36.26172],[-82.12606,36.2615],[-82.1255,36.26118],[-82.12609,36.261],[-82.12624,36.26073],[-82.12556,36.25878],[-82.12559,36.25823],[-82.12517,36.25778],[-82.12504,36.25751],[-82.1251,36.2573],[-82.12485,36.25687],[-82.12445,36.25668],[-82.1245,36.25625],[-82.12433,36.25595],[-82.12448,36.2557],[-82.12441,36.25547],[-82.12414,36.25541],[-82.12397,36.255],[-82.12393,36.2545],[-82.12381,36.25444],[-82.12393,36.25407],[-82.12364,36.25405],[-82.12327,36.25439],[-82.12333,36.25474],[-82.12306,36.25502],[-82.12316,36.25537],[-82.12297,36.25523],[-82.12297,36.25538],[-82.12229,36.25577],[-82.12229,36.25595],[-82.12214,36.25609],[-82.12207,36.25688],[-82.12176,36.25645],[-82.12138,36.25615],[-82.12136,36.25556],[-82.12113,36.25527],[-82.12134,36.25509],[-82.12117,36.25485],[-82.12168,36.25372],[-82.12177,36.25332],[-82.12168,36.25314],[-82.1221,36.25286],[-82.12211,36.25269],[-82.12189,36.25246],[-82.12192,36.2523],[-82.1218,36.25218],[-82.12246,36.25188],[-82.12275,36.25194],[-82.12297,36.25184],[-82.12312,36.25147],[-82.12305,36.25122],[-82.12343,36.25019],[-82.12337,36.2498],[-82.12312,36.24933],[-82.12271,36.24889],[-82.12261,36.24819],[-82.12217,36.24772],[-82.12231,36.24747],[-82.12268,36.24722],[-82.12292,36.24672],[-82.12256,36.24576],[-82.12222,36.2452],[-82.12261,36.24519],[-82.12334,36.2459],[-82.12361,36.24593],[-82.12384,36.24575],[-82.12374,36.24517],[-82.12359,36.24545],[-82.12339,36.24544],[-82.12337,36.24532],[-82.12327,36.24456],[-82.12337,36.24433],[-82.12362,36.24433],[-82.12354,36.24421],[-82.12325,36.2442],[-82.12334,36.24351],[-82.12307,36.24379],[-82.12289,36.24382],[-82.12304,36.24357],[-82.12303,36.24334],[-82.1229,36.24341],[-82.12291,36.2433],[-82.12302,36.24305],[-82.12314,36.24303],[-82.12288,36.2429],[-82.12304,36.24207],[-82.12322,36.24188],[-82.12298,36.24176],[-82.12226,36.24086],[-82.12169,36.24053],[-82.12172,36.24038],[-82.1221,36.24004],[-82.12225,36.23965],[-82.12246,36.23997],[-82.1225,36.23955],[-82.12215,36.23921],[-82.12219,36.23878],[-82.12207,36.23856],[-82.12102,36.23821],[-82.12001,36.23747],[-82.11998,36.23704],[-82.11897,36.23604],[-82.11781,36.23574],[-82.11755,36.23556],[-82.1175,36.23551],[-82.11841,36.23552],[-82.11894,36.23541],[-82.11844,36.2354],[-82.1176,36.23493],[-82.11732,36.23484],[-82.117,36.23493],[-82.11684,36.23481],[-82.11665,36.23463],[-82.11672,36.23435],[-82.11646,36.23356],[-82.1167,36.23319],[-82.11629,36.23286],[-82.11644,36.23238],[-82.11625,36.23216],[-82.11576,36.2318],[-82.11524,36.23173],[-82.11428,36.23119],[-82.11406,36.23076],[-82.11305,36.22999],[-82.1129,36.22977],[-82.11286,36.22933],[-82.11242,36.22912],[-82.11229,36.22866],[-82.11157,36.22883],[-82.11133,36.22869],[-82.11154,36.2287],[-82.11202,36.22838],[-82.11252,36.22827],[-82.11289,36.22862],[-82.11359,36.22859],[-82.11384,36.22823],[-82.11406,36.22814],[-82.11403,36.22799],[-82.11391,36.22805],[-82.11325,36.22794],[-82.11288,36.22776],[-82.11158,36.22766],[-82.11131,36.22755],[-82.11127,36.22736],[-82.11114,36.22728],[-82.11073,36.2272],[-82.11026,36.22722],[-82.10815,36.22693],[-82.10682,36.22623],[-82.10583,36.22594],[-82.10524,36.22557],[-82.10348,36.2252],[-82.10261,36.22474],[-82.10242,36.22445],[-82.10165,36.22379],[-82.10127,36.2236],[-82.10058,36.22368],[-82.10006,36.22341],[-82.09965,36.22297],[-82.09921,36.22283],[-82.09844,36.22284],[-82.0972,36.22248],[-82.09658,36.22265],[-82.09624,36.22292],[-82.09589,36.2229],[-82.09452,36.22159],[-82.09368,36.2212],[-82.09313,36.22129],[-82.09273,36.2206],[-82.09249,36.22042],[-82.09121,36.22027],[-82.09004,36.2199],[-82.08982,36.21974],[-82.08943,36.21972],[-82.08835,36.22013],[-82.08808,36.22042],[-82.08702,36.22024],[-82.08656,36.22038],[-82.08706,36.2204],[-82.08728,36.22059],[-82.08721,36.22079],[-82.08688,36.22056],[-82.08662,36.22061],[-82.08682,36.22069],[-82.08646,36.22069],[-82.08666,36.22083],[-82.08593,36.22099],[-82.08514,36.22073],[-82.08481,36.22046],[-82.08411,36.22031],[-82.08363,36.2205],[-82.08326,36.22082],[-82.08146,36.21997],[-82.08108,36.22005],[-82.08099,36.22017],[-82.08067,36.22018],[-82.0796,36.21934],[-82.07877,36.21839],[-82.07839,36.21811],[-82.07784,36.21783],[-82.07721,36.21774],[-82.07707,36.2175],[-82.07661,36.21718],[-82.07618,36.21713],[-82.07539,36.21738],[-82.07486,36.21704],[-82.07461,36.21728],[-82.0743,36.2173],[-82.07387,36.21717],[-82.07331,36.21663],[-82.07305,36.21659],[-82.07193,36.2177],[-82.07106,36.21736],[-82.0704,36.2174],[-82.06959,36.21724],[-82.06953,36.21748],[-82.06911,36.21799],[-82.06882,36.21811],[-82.06781,36.21748],[-82.06657,36.21727],[-82.06581,36.21743],[-82.06527,36.21771],[-82.06491,36.21767],[-82.06471,36.21797],[-82.06446,36.21807],[-82.06406,36.21795],[-82.06326,36.21796],[-82.06291,36.21824],[-82.06236,36.21839],[-82.06211,36.21822],[-82.06186,36.21768],[-82.06199,36.21724],[-82.0619,36.21633],[-82.06134,36.21558],[-82.06091,36.21557],[-82.06045,36.21605],[-82.06003,36.21613],[-82.05921,36.21688],[-82.05867,36.21699],[-82.05844,36.21733],[-82.05695,36.21807],[-82.05657,36.21876],[-82.05604,36.21886],[-82.05587,36.219],[-82.05584,36.21926],[-82.05599,36.21951],[-82.05558,36.2197],[-82.05561,36.22002],[-82.05432,36.22009],[-82.0541,36.22022],[-82.05392,36.22053],[-82.05359,36.22067],[-82.05315,36.22042],[-82.05277,36.22107],[-82.05246,36.22122],[-82.05233,36.22122],[-82.05197,36.22057],[-82.05161,36.22035],[-82.05139,36.22045],[-82.05131,36.22069],[-82.05084,36.22056],[-82.05073,36.22065],[-82.05072,36.22102],[-82.13033,36.27072],[-82.13013,36.2707],[-82.13739,36.28108],[-82.13683,36.2804],[-82.13685,36.28007],[-82.13701,36.2799],[-82.13793,36.27976],[-82.13879,36.27928],[-82.13928,36.27916],[-82.13933,36.27893],[-82.13918,36.27868],[-82.13906,36.27866],[-82.13844,36.27887],[-82.13736,36.27877],[-82.13692,36.27842],[-82.13685,36.27753],[-82.13638,36.2767],[-82.13433,36.27446],[-82.13389,36.27345],[-82.13356,36.27325],[-82.13347,36.27307],[-82.13402,36.27236],[-82.13448,36.2723],[-82.13391,36.2722],[-82.13275,36.27237],[-82.13235,36.2727],[-82.1321,36.27313],[-82.13205,36.27248],[-82.13245,36.27191],[-82.13234,36.27146],[-82.13185,36.27113],[-82.1316,36.27052],[-82.13127,36.27013],[-82.13065,36.26995],[-82.13041,36.27003],[-82.13041,36.27061],[-82.13033,36.27072],[-82.13759,36.28109],[-82.13739,36.28108],[-82.14079,36.28291],[-82.14064,36.2827],[-82.14026,36.28271],[-82.13897,36.28226],[-82.13816,36.28175],[-82.13759,36.28109],[-82.14086,36.28299],[-82.14079,36.28291],[-82.12853,36.30037],[-82.12833,36.30025],[-82.12844,36.29972],[-82.12817,36.3],[-82.1283,36.29971],[-82.12829,36.29896],[-82.12795,36.29918],[-82.12797,36.29877],[-82.12779,36.29828],[-82.12749,36.29867],[-82.12719,36.29744],[-82.127,36.29708],[-82.1264,36.29677],[-82.12545,36.29661],[-82.12537,36.29646],[-82.12488,36.29645],[-82.12453,36.29603],[-82.12394,36.29565],[-82.12379,36.29534],[-82.12382,36.29514],[-82.1233,36.29475],[-82.12311,36.29424],[-82.12251,36.29374],[-82.12217,36.29371],[-82.12232,36.29354],[-82.12225,36.29326],[-82.12211,36.29352],[-82.12152,36.29363],[-82.12221,36.29441],[-82.12212,36.29475],[-82.1213,36.29571],[-82.12083,36.29552],[-82.11968,36.29531],[-82.1196,36.29508],[-82.1197,36.29472],[-82.11938,36.29432],[-82.11943,36.29415],[-82.11987,36.29452],[-82.1201,36.29491],[-82.12053,36.29491],[-82.1207,36.29464],[-82.12068,36.29448],[-82.11995,36.29396],[-82.11989,36.29329],[-82.12007,36.29274],[-82.11968,36.29236],[-82.12016,36.29178],[-82.12068,36.29083],[-82.12059,36.29066],[-82.1201,36.29045],[-82.12017,36.28991],[-82.11996,36.28918],[-82.12018,36.28884],[-82.12035,36.28813],[-82.12012,36.28742],[-82.11984,36.287],[-82.11994,36.28684],[-82.12067,36.28661],[-82.1197,36.28673],[-82.1194,36.2872],[-82.11947,36.28797],[-82.11903,36.2883],[-82.1187,36.28818],[-82.11884,36.28756],[-82.11879,36.28698],[-82.11908,36.28614],[-82.11878,36.28561],[-82.11864,36.28503],[-82.11872,36.28488],[-82.11901,36.28481],[-82.11895,36.28453],[-82.11903,36.28436],[-82.12008,36.28406],[-82.12014,36.28391],[-82.12004,36.2837],[-82.11975,36.28385],[-82.1192,36.28387],[-82.11771,36.28372],[-82.11727,36.28405],[-82.11748,36.28341],[-82.11881,36.2827],[-82.11849,36.28145],[-82.11861,36.28088],[-82.11828,36.28047],[-82.11848,36.28024],[-82.11921,36.27996],[-82.11963,36.27961],[-82.11997,36.27973],[-82.12063,36.27971],[-82.12117,36.27957],[-82.1214,36.27938],[-82.12206,36.27924],[-82.12323,36.27938],[-82.12418,36.27985],[-82.12445,36.28016],[-82.12386,36.28084],[-82.12329,36.28124],[-82.12306,36.28162],[-82.12344,36.28168],[-82.12437,36.281],[-82.12401,36.28183],[-82.1242,36.28202],[-82.1243,36.2825],[-82.12466,36.28285],[-82.12585,36.28315],[-82.12679,36.28369],[-82.12786,36.28402],[-82.12808,36.28418],[-82.12846,36.2848],[-82.12937,36.28442],[-82.13065,36.28438],[-82.13087,36.28406],[-82.13164,36.28379],[-82.13269,36.28397],[-82.13199,36.28418],[-82.13314,36.28433],[-82.13325,36.28407],[-82.13342,36.28433],[-82.13399,36.28451],[-82.13356,36.28481],[-82.13295,36.2848],[-82.13331,36.28497],[-82.1339,36.28497],[-82.1355,36.28464],[-82.13535,36.28505],[-82.13454,36.28545],[-82.13511,36.28554],[-82.13586,36.28549],[-82.13645,36.28521],[-82.13768,36.28511],[-82.13777,36.28504],[-82.13752,36.28475],[-82.13836,36.28491],[-82.13884,36.28479],[-82.13734,36.28415],[-82.13692,36.28348],[-82.13751,36.28394],[-82.13868,36.28407],[-82.13973,36.28403],[-82.1381,36.28347],[-82.13776,36.28272],[-82.13836,36.28315],[-82.13903,36.28313],[-82.14017,36.28334],[-82.14109,36.28334],[-82.14161,36.28302],[-82.14181,36.28264],[-82.14195,36.28157],[-82.14304,36.28161],[-82.1433,36.28145],[-82.14271,36.28141],[-82.14195,36.28114],[-82.14161,36.28141],[-82.14134,36.28188],[-82.14138,36.28245],[-82.14129,36.28273],[-82.14086,36.28299],[-82.12853,36.30037],[-82.12837,36.30135],[-82.128,36.3018],[-82.12796,36.30201],[-82.12876,36.302],[-82.12809,36.3022],[-82.1279,36.30211],[-82.12796,36.30201],[-82.12881,36.30197],[-82.12358,36.32112],[-82.12367,36.32031],[-82.12408,36.31943],[-82.12428,36.31855],[-82.12455,36.31816],[-82.12537,36.3176],[-82.12507,36.31712],[-82.12465,36.31717],[-82.12378,36.31653],[-82.12487,36.31665],[-82.12652,36.31632],[-82.12704,36.31595],[-82.12715,36.31555],[-82.12754,36.31514],[-82.12741,36.31485],[-82.12768,36.31489],[-82.12789,36.31457],[-82.12829,36.31445],[-82.12819,36.31421],[-82.12826,36.31409],[-82.12943,36.31377],[-82.13007,36.31382],[-82.13037,36.31371],[-82.13025,36.31342],[-82.13002,36.31325],[-82.12916,36.31308],[-82.12913,36.31295],[-82.12977,36.31228],[-82.13063,36.31226],[-82.13081,36.3119],[-82.13061,36.31141],[-82.13077,36.31132],[-82.13107,36.31141],[-82.13118,36.3113],[-82.13056,36.31077],[-82.12973,36.3111],[-82.12881,36.3108],[-82.12867,36.31072],[-82.12865,36.31047],[-82.12794,36.30983],[-82.12733,36.30946],[-82.12872,36.30854],[-82.12901,36.30823],[-82.12906,36.30801],[-82.12905,36.30776],[-82.12884,36.30735],[-82.12831,36.30757],[-82.12732,36.3074],[-82.1273,36.30732],[-82.12798,36.30677],[-82.12852,36.30672],[-82.12881,36.30642],[-82.12911,36.3064],[-82.12935,36.30604],[-82.12996,36.30557],[-82.13012,36.30492],[-82.1297,36.30452],[-82.12973,36.30439],[-82.13034,36.30363],[-82.13111,36.30351],[-82.13125,36.30339],[-82.1311,36.30321],[-82.13165,36.30284],[-82.13149,36.30253],[-82.13079,36.30245],[-82.13097,36.30206],[-82.13155,36.30158],[-82.13147,36.30132],[-82.13131,36.30124],[-82.12914,36.30194],[-82.12881,36.30197],[-82.12358,36.32112],[-82.1236,36.32143],[-82.12389,36.32159],[-82.12399,36.3218],[-82.12391,36.32254],[-82.1234,36.32268],[-82.12151,36.3236],[-82.12143,36.32371],[-82.12159,36.32427],[-82.12152,36.32458],[-82.12054,36.32514],[-82.1201,36.32529],[-82.11925,36.3251],[-82.11795,36.32512],[-82.11706,36.32545],[-82.06233,36.36387],[-82.06256,36.36359],[-82.0629,36.36341],[-82.0631,36.36342],[-82.06459,36.36181],[-82.06504,36.36166],[-82.06533,36.3614],[-82.06643,36.36019],[-82.06681,36.35995],[-82.06687,36.35967],[-82.06749,36.35911],[-82.068,36.35879],[-82.06853,36.3587],[-82.06869,36.35838],[-82.0693,36.3579],[-82.07022,36.35682],[-82.07036,36.35648],[-82.07157,36.35581],[-82.07169,36.35553],[-82.07283,36.35422],[-82.07377,36.35382],[-82.07426,36.35351],[-82.07451,36.35305],[-82.07545,36.35252],[-82.07591,36.35241],[-82.0768,36.35177],[-82.0769,36.35158],[-82.0768,36.35137],[-82.07663,36.35135],[-82.07643,36.35104],[-82.07703,36.35052],[-82.07694,36.35007],[-82.07712,36.34943],[-82.07764,36.34904],[-82.0779,36.34868],[-82.07907,36.34801],[-82.07941,36.34748],[-82.08025,36.34711],[-82.08079,36.34713],[-82.08111,36.34696],[-82.08137,36.34667],[-82.08156,36.34622],[-82.08192,36.34593],[-82.08304,36.34551],[-82.08342,36.34545],[-82.08365,36.34553],[-82.084,36.34543],[-82.08428,36.3453],[-82.08433,36.34516],[-82.08452,36.34515],[-82.08507,36.34463],[-82.0854,36.34454],[-82.08561,36.34438],[-82.08601,36.34363],[-82.08657,36.34297],[-82.0866,36.34268],[-82.08734,36.34191],[-82.08814,36.34157],[-82.08816,36.34143],[-82.0887,36.34102],[-82.08889,36.34071],[-82.08974,36.34007],[-82.09018,36.33991],[-82.09062,36.33951],[-82.09128,36.33915],[-82.092,36.33887],[-82.09219,36.33855],[-82.09301,36.33785],[-82.09305,36.33771],[-82.09411,36.33697],[-82.09436,36.33695],[-82.09447,36.33671],[-82.09492,36.33648],[-82.09548,36.33592],[-82.09716,36.33514],[-82.09823,36.33432],[-82.10031,36.33339],[-82.10106,36.33317],[-82.10142,36.33296],[-82.10185,36.33239],[-82.10221,36.33221],[-82.10292,36.33213],[-82.10388,36.33135],[-82.10484,36.33149],[-82.10487,36.33131],[-82.1046,36.33122],[-82.10508,36.33123],[-82.10489,36.33114],[-82.10552,36.33107],[-82.10595,36.33073],[-82.10626,36.33028],[-82.10718,36.33023],[-82.10739,36.33019],[-82.10695,36.33006],[-82.1078,36.33001],[-82.10753,36.33074],[-82.10682,36.33083],[-82.1077,36.33091],[-82.10801,36.33044],[-82.10857,36.3301],[-82.10898,36.32998],[-82.10997,36.33008],[-82.11002,36.3299],[-82.10971,36.32982],[-82.11083,36.32959],[-82.11119,36.32921],[-82.11129,36.32876],[-82.1115,36.32862],[-82.11162,36.32864],[-82.11172,36.32915],[-82.11266,36.32947],[-82.11345,36.32952],[-82.11408,36.32931],[-82.11444,36.32933],[-82.11471,36.3289],[-82.11506,36.32882],[-82.11513,36.32859],[-82.11451,36.32871],[-82.1142,36.32893],[-82.11341,36.32894],[-82.11416,36.32841],[-82.11524,36.32799],[-82.11646,36.32807],[-82.11668,36.32759],[-82.11614,36.32688],[-82.11592,36.32676],[-82.11596,36.32645],[-82.11617,36.32608],[-82.11578,36.32624],[-82.11564,36.32641],[-82.11566,36.32621],[-82.11591,36.32586],[-82.11615,36.32573],[-82.11665,36.32564],[-82.11683,36.32576],[-82.11706,36.32545],[-81.87404,36.59902],[-81.87428,36.59857],[-81.87436,36.59812],[-81.87405,36.59699],[-81.87406,36.59671],[-81.87416,36.59612],[-81.87451,36.59562],[-81.87449,36.59507],[-81.87502,36.59397],[-81.87591,36.59358],[-81.87605,36.59335],[-81.87598,36.59295],[-81.8757,36.59256],[-81.87451,36.59173],[-81.87485,36.59126],[-81.87497,36.58985],[-81.87542,36.58963],[-81.87498,36.58887],[-81.87492,36.58844],[-81.87502,36.58783],[-81.87554,36.58743],[-81.87633,36.58715],[-81.87729,36.58632],[-81.87744,36.58631],[-81.87846,36.58505],[-81.87905,36.58449],[-81.87908,36.58425],[-81.87935,36.58383],[-81.88129,36.58333],[-81.88206,36.58351],[-81.88236,36.58333],[-81.88298,36.58253],[-81.88357,36.58223],[-81.88604,36.58158],[-81.88661,36.58158],[-81.88771,36.58117],[-81.88881,36.58128],[-81.8902,36.58168],[-81.89099,36.58147],[-81.89241,36.5814],[-81.8939,36.58114],[-81.89516,36.5807],[-81.89686,36.58032],[-81.89778,36.57996],[-81.89915,36.5801],[-81.90022,36.5805],[-81.90124,36.58022],[-81.90151,36.58024],[-81.90169,36.58048],[-81.9017,36.58085],[-81.90228,36.5816],[-81.90274,36.58185],[-81.90324,36.58183],[-81.9041,36.58141],[-81.90444,36.58109],[-81.90504,36.5802],[-81.90519,36.57896],[-81.90634,36.57794],[-81.90711,36.57811],[-81.90822,36.57816],[-81.90891,36.57788],[-81.90939,36.57782],[-81.91066,36.57691],[-81.91113,36.57671],[-81.91223,36.57562],[-81.9135,36.57522],[-81.91522,36.57448],[-81.91564,36.57416],[-81.916,36.57369],[-81.91693,36.57313],[-81.91828,36.57261],[-81.92134,36.57212],[-81.92158,36.57183],[-81.92238,36.5713],[-81.92335,36.57088],[-81.92358,36.57063],[-81.92418,36.57052],[-81.92508,36.57015],[-81.92583,36.56934],[-81.92671,36.56867],[-81.9275,36.56811],[-81.92871,36.56747],[-81.92968,36.5666],[-81.92998,36.56649],[-81.93038,36.56587],[-81.93107,36.56522],[-81.93155,36.56456],[-81.93187,36.56389],[-81.93213,36.56293],[-81.93254,36.56231],[-81.93239,36.56175],[-81.93258,36.5612],[-81.93182,36.56094],[-81.9316,36.56042],[-81.93207,36.55904],[-81.93198,36.55838],[-81.93168,36.55821],[-81.93154,36.55792],[-81.93122,36.55774],[-81.931,36.5574],[-81.931,36.55719],[-81.93167,36.55639],[-81.93165,36.55587],[-81.93136,36.55559],[-81.9303,36.55538],[-81.93008,36.55497],[-81.9301,36.55425],[-81.93109,36.55318],[-81.93175,36.55224],[-81.93526,36.55021],[-81.93694,36.54948],[-81.93814,36.54912],[-81.93855,36.54828],[-81.93867,36.54768],[-81.93932,36.54681],[-81.94005,36.54654],[-81.94074,36.5465],[-81.94201,36.54541],[-81.94364,36.54464],[-81.94405,36.54386],[-81.94497,36.54294],[-81.94574,36.5425],[-81.94642,36.54164],[-81.94754,36.5405],[-81.94801,36.54029],[-81.94818,36.53985],[-81.94806,36.53943],[-81.94819,36.53903],[-81.94897,36.53875],[-81.94834,36.53831],[-81.94831,36.53807],[-81.94839,36.53799],[-81.94951,36.53795],[-81.95177,36.53694],[-81.95286,36.53691],[-81.95369,36.53675],[-81.95452,36.53607],[-81.95575,36.53533],[-81.95708,36.5351],[-81.95805,36.53471],[-81.95935,36.53466],[-81.96049,36.53404],[-81.96101,36.534],[-81.96125,36.53353],[-81.96205,36.53312],[-81.96244,36.53273],[-81.96294,36.5327],[-81.96355,36.53282],[-81.96438,36.53237],[-81.96547,36.5311],[-81.96587,36.52976],[-81.96627,36.52944],[-81.96725,36.52793],[-81.96781,36.5276],[-81.96791,36.52709],[-81.96809,36.52695],[-81.96877,36.5268],[-81.96903,36.52639],[-81.96987,36.52581],[-81.97057,36.52499],[-81.97165,36.52417],[-81.97161,36.52403],[-81.97224,36.5228],[-81.9723,36.52244],[-81.97211,36.52201],[-81.97276,36.52182],[-81.97292,36.52143],[-81.97312,36.52127],[-81.97319,36.52053],[-81.97296,36.51992],[-81.97328,36.51892],[-81.97343,36.51748],[-81.97384,36.51671],[-81.97389,36.51639],[-81.97516,36.51482],[-81.97694,36.5137],[-81.97794,36.51323],[-81.97938,36.51207],[-81.97949,36.51177],[-81.9805,36.51125],[-81.98077,36.5103],[-81.981,36.50987],[-81.98167,36.50973],[-81.98231,36.50982],[-81.98279,36.50967],[-81.9833,36.51018],[-81.98389,36.51037],[-81.9846,36.51],[-81.9856,36.50983],[-81.98558,36.50964],[-81.98596,36.50922],[-81.98588,36.50854],[-81.98597,36.50784],[-81.98575,36.50715],[-81.98539,36.50649],[-81.98509,36.50523],[-81.98519,36.50482],[-81.98497,36.50424],[-81.98516,36.50348],[-81.98583,36.5025],[-81.98658,36.5019],[-81.98772,36.50169],[-81.98815,36.50149],[-81.98848,36.50109],[-81.98853,36.50074],[-81.98842,36.50056],[-81.98748,36.49993],[-81.98687,36.49986],[-81.98633,36.50029],[-81.98409,36.50001],[-81.98347,36.49955],[-81.98236,36.49904],[-81.98214,36.49877],[-81.9809,36.49795],[-81.97971,36.49736],[-81.97938,36.49703],[-81.9792,36.49645],[-81.97889,36.49602],[-81.97888,36.49568],[-81.97923,36.49523],[-81.97867,36.49508],[-81.978,36.49472],[-81.9775,36.49462],[-81.97752,36.49417],[-81.97734,36.49385],[-81.97665,36.49329],[-81.97628,36.49334],[-81.97598,36.49325],[-81.97531,36.49222],[-81.9748,36.49183],[-81.97458,36.49148],[-81.97371,36.49098],[-81.97317,36.49091],[-81.97252,36.49056],[-81.97199,36.48956],[-81.97167,36.48933],[-81.97145,36.48889],[-81.97095,36.48868],[-81.9706,36.48806],[-81.97012,36.48792],[-81.96849,36.48704],[-81.96712,36.48599],[-81.96689,36.48589],[-81.96576,36.48587],[-81.9651,36.4851],[-81.96476,36.48492],[-81.96461,36.48472],[-81.96475,36.48421],[-81.96445,36.48407],[-81.96432,36.48377],[-81.96395,36.48353],[-81.96365,36.48302],[-81.96229,36.48284],[-81.96135,36.4818],[-81.96064,36.48155],[-81.96078,36.48156],[-81.96053,36.48124],[-81.96052,36.48088],[-81.96012,36.48031],[-81.9605,36.47967],[-81.95991,36.47931],[-81.96021,36.47912],[-81.96024,36.47896],[-81.95982,36.47878],[-81.95976,36.4786],[-81.95896,36.47805],[-81.95893,36.47781],[-81.95825,36.4773],[-81.95819,36.47713],[-81.9588,36.4766],[-81.95871,36.47637],[-81.95795,36.47587],[-81.9578,36.47526],[-81.95768,36.47517],[-81.95723,36.47512],[-81.95668,36.47468],[-81.95651,36.47466],[-81.95614,36.47491],[-81.95522,36.47464],[-81.95451,36.47394],[-81.95437,36.47357],[-81.95457,36.47327],[-81.95465,36.47274],[-81.95457,36.4725],[-81.9548,36.47207],[-81.95552,36.47144],[-81.95526,36.47115],[-81.9548,36.47122],[-81.95469,36.47133],[-81.954,36.47113],[-81.95394,36.47101],[-81.9543,36.47062],[-81.95405,36.4703],[-81.95556,36.46886],[-81.95552,36.46803],[-81.95569,36.46765],[-81.9572,36.46743],[-81.95807,36.46702],[-81.95891,36.46679],[-81.95965,36.46617],[-81.96084,36.46561],[-81.96104,36.46545],[-81.96122,36.46503],[-81.96178,36.46474],[-81.96222,36.46435],[-81.96263,36.46417],[-81.96313,36.46417],[-81.96393,36.46355],[-81.96449,36.46345],[-81.96486,36.46327],[-81.96558,36.4632],[-81.96591,36.46284],[-81.96598,36.46249],[-81.96622,36.46215],[-81.96667,36.46175],[-81.96668,36.46192],[-81.96687,36.46195],[-81.96763,36.46083],[-81.96854,36.46021],[-81.96899,36.45967],[-81.96968,36.45925],[-81.97017,36.45832],[-81.97276,36.455],[-81.97393,36.45427],[-81.97418,36.45386],[-81.97531,36.45298],[-81.9759,36.45172],[-81.97653,36.45099],[-81.97725,36.45053],[-81.97787,36.44955],[-81.97889,36.4488],[-81.98018,36.44752],[-81.98059,36.44661],[-81.98163,36.44504],[-81.98191,36.44377],[-81.98209,36.44353],[-81.98205,36.44327],[-81.98221,36.44261],[-81.98265,36.44174],[-81.98424,36.44083],[-81.98491,36.44015],[-81.98672,36.4394],[-81.98713,36.43939],[-81.98723,36.43922],[-81.98947,36.43813],[-81.98996,36.438],[-81.99026,36.43747],[-81.99017,36.43671],[-81.99074,36.43569],[-81.99103,36.43531],[-81.99147,36.43503],[-81.99285,36.43367],[-81.99291,36.43303],[-81.99318,36.43229],[-81.99342,36.43197],[-81.99464,36.43102],[-81.99516,36.43004],[-81.99514,36.42987],[-81.99492,36.42969],[-81.9951,36.42921],[-81.99553,36.42826],[-81.996,36.42774],[-81.99653,36.42655],[-81.99734,36.4259],[-82.00024,36.42562],[-82.00212,36.42583],[-82.00392,36.42445],[-82.00444,36.42369],[-82.00446,36.42288],[-82.00486,36.42236],[-82.00531,36.42128],[-82.00594,36.42073],[-82.00683,36.4202],[-82.00665,36.42005],[-82.00549,36.41975],[-82.00535,36.41925],[-82.00545,36.41857],[-82.00597,36.41788],[-82.006,36.41729],[-82.00636,36.41639],[-82.0072,36.41587],[-82.00884,36.41441],[-82.00965,36.41406],[-82.01077,36.41322],[-82.01093,36.41252],[-82.01117,36.41216],[-82.01184,36.41173],[-82.01208,36.41127],[-82.01262,36.41093],[-82.01342,36.4107],[-82.01368,36.41008],[-82.01375,36.40945],[-82.01408,36.40912],[-82.01505,36.40868],[-82.01596,36.40777],[-82.01668,36.40758],[-82.01744,36.40708],[-82.01837,36.40675],[-82.0188,36.40594],[-82.02056,36.40472],[-82.02105,36.40413],[-82.02181,36.40386],[-82.02236,36.40323],[-82.02276,36.40251],[-82.02314,36.40213],[-82.02334,36.40169],[-82.0238,36.40129],[-82.02399,36.40081],[-82.02451,36.40031],[-82.02524,36.3992],[-82.02583,36.39863],[-82.02622,36.39787],[-82.02711,36.39697],[-82.02847,36.39587],[-82.02898,36.39485],[-82.03039,36.39345],[-82.03089,36.39233],[-82.03185,36.39097],[-82.03247,36.38969],[-82.03281,36.38947],[-82.03299,36.38973],[-82.03352,36.38975],[-82.03331,36.38951],[-82.03348,36.38919],[-82.03411,36.38854],[-82.03453,36.38829],[-82.03506,36.38747],[-82.03508,36.38724],[-82.03593,36.3864],[-82.03667,36.38529],[-82.03773,36.38456],[-82.03788,36.3842],[-82.03824,36.38388],[-82.03889,36.38361],[-82.03917,36.38333],[-82.03924,36.38297],[-82.03995,36.38273],[-82.04088,36.3822],[-82.04118,36.38178],[-82.0422,36.38098],[-82.04414,36.38017],[-82.04436,36.37999],[-82.04457,36.37937],[-82.04519,36.37891],[-82.04571,36.37868],[-82.0464,36.37814],[-82.04685,36.37754],[-82.0471,36.37749],[-82.04711,36.37716],[-82.0473,36.37721],[-82.04789,36.37625],[-82.04894,36.37541],[-82.04939,36.37489],[-82.04964,36.3748],[-82.0509,36.37353],[-82.05161,36.37312],[-82.05274,36.37213],[-82.05359,36.37187],[-82.05399,36.37129],[-82.05444,36.37091],[-82.0546,36.37049],[-82.05521,36.36968],[-82.05575,36.36941],[-82.05591,36.36916],[-82.05662,36.36885],[-82.05643,36.36876],[-82.05688,36.36831],[-82.05718,36.36822],[-82.05705,36.36807],[-82.05728,36.36808],[-82.05769,36.36765],[-82.05918,36.36698],[-82.06058,36.36566],[-82.06166,36.36488],[-82.06189,36.36422],[-82.06233,36.36387],[-81.82549,36.61428],[-81.82594,36.6142],[-81.8273,36.61354],[-81.82778,36.61296],[-81.82801,36.61238],[-81.82828,36.6112],[-81.8282,36.61057],[-81.82858,36.60961],[-81.82978,36.60854],[-81.83093,36.60775],[-81.83227,36.60758],[-81.83274,36.60779],[-81.83326,36.60776],[-81.83462,36.60803],[-81.83497,36.60832],[-81.83565,36.60825],[-81.8365,36.60772],[-81.83682,36.60764],[-81.83822,36.60752],[-81.83914,36.6071],[-81.83966,36.60703],[-81.84045,36.6062],[-81.84111,36.60536],[-81.84105,36.60494],[-81.84084,36.60468],[-81.84117,36.60466],[-81.84148,36.6051],[-81.84158,36.60511],[-81.84185,36.60504],[-81.84197,36.60482],[-81.84231,36.6046],[-81.8431,36.6045],[-81.84337,36.60466],[-81.84344,36.60493],[-81.84387,36.6052],[-81.84474,36.6053],[-81.84523,36.605],[-81.84564,36.60415],[-81.84741,36.60386],[-81.84971,36.6032],[-81.85038,36.60313],[-81.85083,36.60316],[-81.85155,36.6034],[-81.85223,36.60378],[-81.85292,36.6038],[-81.85385,36.60407],[-81.8546,36.60403],[-81.8553,36.6045],[-81.85605,36.60473],[-81.85688,36.60466],[-81.85756,36.6052],[-81.858,36.60537],[-81.85908,36.60609],[-81.86062,36.60591],[-81.86124,36.606],[-81.86293,36.60544],[-81.86346,36.60539],[-81.86443,36.60481],[-81.86522,36.60456],[-81.86653,36.60375],[-81.86868,36.60307],[-81.86921,36.60252],[-81.87052,36.60249],[-81.87125,36.602],[-81.87138,36.60172],[-81.87189,36.60118],[-81.87235,36.60121],[-81.87279,36.60106],[-81.87305,36.60084],[-81.87367,36.60002],[-81.87404,36.59902],[-81.82529,36.61431],[-81.82495,36.61463]]}},{"type":"Feature","properties":{"id":"139c1a7658af","name":"Benton MacKaye Trail","length_mi":279.53,"country":"United States","state":"North Carolina","park":null,"park_type":null,"note":"","source":"OpenStreetMap","osm_id":"1675439","osm_ids":[],"created_at":"2025-12-22T16:12:31.893582"},"geometry":{"type":"LineString","coordinates":[[-84.20646,34.80473],[-84.20607,34.80487],[-84.19388,34.62677],[-84.19408,34.62761],[-84.19441,34.62803],[-84.19454,34.62876],[-84.1944,34.63032],[-84.19462,34.6312],[-84.19522,34.63189],[-84.19512,34.63216],[-84.19449,34.63215],[-84.19319,34.63163],[-84.19254,34.63164],[-84.19189,34.63148],[-84.19145,34.63153],[-84.19053,34.63137],[-84.18925,34.63071],[-84.18884,34.63065],[-84.18773,34.63022],[-84.18648,34.63006],[-84.18631,34.62994],[-84.186,34.62931],[-84.1856,34.62881],[-84.18527,34.62869],[-84.18342,34.62969],[-84.18268,34.62989],[-84.18243,34.63017],[-84.18199,34.6312],[-84.18004,34.63215],[-84.1796,34.63274],[-84.17903,34.63295],[-84.17789,34.63398],[-84.1779,34.63482],[-84.17752,34.63512],[-84.17665,34.63532],[-84.17527,34.63513],[-84.1749,34.63522],[-84.17454,34.63517],[-84.17415,34.6353],[-84.17403,34.63591],[-84.17419,34.63629],[-84.17488,34.63628],[-84.17618,34.63652],[-84.1764,34.63667],[-84.17619,34.63697],[-84.17691,34.63722],[-84.17763,34.63696],[-84.17873,34.63732],[-84.17935,34.63769],[-84.1797,34.63803],[-84.18003,34.63888],[-84.1805,34.63871],[-84.18129,34.63879],[-84.1835,34.63945],[-84.18452,34.63886],[-84.18457,34.63842],[-84.18497,34.63758],[-84.18555,34.6379],[-84.18627,34.63798],[-84.18617,34.63841],[-84.18665,34.63874],[-84.1871,34.63857],[-84.18777,34.63851],[-84.18852,34.63859],[-84.19051,34.63949],[-84.19225,34.63976],[-84.18454,34.66232],[-84.1839,34.66236],[-84.18328,34.66204],[-84.18314,34.66185],[-84.18321,34.66128],[-84.18308,34.66085],[-84.18288,34.66085],[-84.18241,34.66111],[-84.18211,34.66111],[-84.18153,34.66062],[-84.18113,34.66055],[-84.18028,34.66012],[-84.17995,34.6599],[-84.17993,34.65974],[-84.18054,34.65956],[-84.18068,34.65981],[-84.18082,34.65982],[-84.18197,34.65911],[-84.18204,34.65884],[-84.18228,34.6586],[-84.18221,34.65724],[-84.18233,34.65692],[-84.18259,34.65676],[-84.18319,34.65666],[-84.18431,34.65702],[-84.18525,34.65763],[-84.18596,34.65797],[-84.18622,34.65798],[-84.18637,34.65774],[-84.18647,34.6569],[-84.18677,34.65652],[-84.1869,34.65578],[-84.18684,34.65434],[-84.18672,34.65409],[-84.18688,34.65372],[-84.18715,34.65364],[-84.18735,34.65334],[-84.18754,34.65279],[-84.18847,34.6513],[-84.18877,34.64948],[-84.18907,34.64863],[-84.18886,34.64801],[-84.18926,34.64776],[-84.18956,34.64772],[-84.19044,34.64816],[-84.19157,34.64823],[-84.19206,34.6481],[-84.193,34.64735],[-84.19332,34.64682],[-84.19362,34.6462],[-84.19365,34.64548],[-84.19398,34.64511],[-84.1945,34.64397],[-84.196,34.64309],[-84.1963,34.64272],[-84.19622,34.6425],[-84.19633,34.64168],[-84.19616,34.64116],[-84.19588,34.64086],[-84.19584,34.64026],[-84.19556,34.6401],[-84.19343,34.63995],[-84.19265,34.63971],[-84.19225,34.63976],[-84.18443,34.66323],[-84.18449,34.66319],[-84.18432,34.66285],[-84.18454,34.66232],[-84.18434,34.66332],[-84.18443,34.66323],[-84.17185,34.66669],[-84.17219,34.66685],[-84.17252,34.66722],[-84.17307,34.6674],[-84.17344,34.66726],[-84.17386,34.66672],[-84.17444,34.66706],[-84.17551,34.66723],[-84.17657,34.66713],[-84.17685,34.667],[-84.17767,34.66706],[-84.18029,34.66627],[-84.18151,34.66564],[-84.18242,34.66535],[-84.18284,34.66503],[-84.1838,34.66406],[-84.1841,34.66348],[-84.18434,34.66332],[-84.16934,34.66777],[-84.16946,34.66758],[-84.17041,34.66749],[-84.17166,34.66669],[-84.17185,34.66669],[-84.1693,34.66786],[-84.16934,34.66777],[-84.18554,34.69729],[-84.18632,34.69689],[-84.18675,34.69652],[-84.18684,34.69601],[-84.18672,34.69567],[-84.18485,34.69448],[-84.18397,34.69363],[-84.18411,34.69302],[-84.18486,34.69221],[-84.18533,34.69148],[-84.18519,34.69033],[-84.18531,34.68964],[-84.18504,34.68874],[-84.18503,34.68668],[-84.18477,34.68642],[-84.18426,34.68544],[-84.18436,34.68445],[-84.18428,34.68394],[-84.18411,34.68333],[-84.18388,34.68296],[-84.18468,34.68272],[-84.18511,34.68218],[-84.18439,34.68234],[-84.18392,34.68201],[-84.18275,34.68162],[-84.18217,34.68192],[-84.18225,34.68135],[-84.18274,34.68093],[-84.1813,34.67991],[-84.18015,34.67996],[-84.17939,34.6797],[-84.17892,34.67969],[-84.17832,34.68014],[-84.17807,34.68015],[-84.17794,34.68003],[-84.17778,34.67947],[-84.17725,34.67915],[-84.17707,34.67867],[-84.17666,34.67806],[-84.17646,34.67784],[-84.1757,34.6774],[-84.1748,34.67719],[-84.17412,34.67746],[-84.17388,34.67745],[-84.17365,34.67731],[-84.17323,34.67678],[-84.17192,34.67647],[-84.17074,34.67638],[-84.17048,34.67587],[-84.16985,34.67541],[-84.16953,34.67499],[-84.16949,34.6741],[-84.16962,34.67356],[-84.16882,34.67188],[-84.16834,34.67152],[-84.16805,34.6711],[-84.16809,34.67007],[-84.16796,34.66964],[-84.1682,34.66904],[-84.1691,34.66836],[-84.1693,34.66786],[-84.19222,34.7124],[-84.19143,34.71234],[-84.19061,34.71206],[-84.1901,34.71165],[-84.18907,34.71019],[-84.1889,34.70972],[-84.18782,34.70914],[-84.18727,34.70863],[-84.18724,34.70832],[-84.18806,34.70783],[-84.1884,34.70645],[-84.18808,34.70596],[-84.1877,34.70584],[-84.18727,34.70542],[-84.18585,34.70269],[-84.18491,34.70188],[-84.18406,34.70151],[-84.1837,34.7008],[-84.18354,34.70068],[-84.18347,34.70041],[-84.18368,34.6994],[-84.18429,34.69874],[-84.18452,34.69812],[-84.18545,34.69732],[-84.18554,34.69729],[-84.17747,34.72811],[-84.17829,34.72781],[-84.17938,34.72785],[-84.1806,34.72767],[-84.18104,34.72783],[-84.18188,34.72765],[-84.18209,34.72724],[-84.18337,34.72651],[-84.1839,34.72595],[-84.18454,34.72572],[-84.18512,34.72519],[-84.18585,34.72485],[-84.18597,34.72447],[-84.18627,34.72407],[-84.18708,34.72177],[-84.18854,34.72104],[-84.18951,34.72083],[-84.19016,34.72094],[-84.19073,34.72072],[-84.19106,34.71948],[-84.19113,34.71861],[-84.19158,34.71758],[-84.19162,34.7172],[-84.19142,34.71692],[-84.19075,34.71673],[-84.19042,34.7151],[-84.18969,34.71405],[-84.1896,34.71368],[-84.18994,34.71339],[-84.19093,34.71306],[-84.19222,34.7124],[-84.16685,34.73675],[-84.16651,34.73667],[-84.16619,34.73602],[-84.16621,34.73563],[-84.1657,34.7349],[-84.16584,34.73409],[-84.16572,34.73384],[-84.16606,34.73355],[-84.16636,34.73362],[-84.16787,34.73225],[-84.16848,34.73225],[-84.16897,34.73253],[-84.16968,34.73174],[-84.16991,34.73095],[-84.1699,34.73064],[-84.1705,34.73011],[-84.17088,34.73003],[-84.17137,34.73009],[-84.17222,34.72955],[-84.17415,34.72901],[-84.1747,34.72871],[-84.17677,34.72834],[-84.17747,34.72811],[-84.16742,34.73689],[-84.16685,34.73675],[-84.16985,34.73846],[-84.17,34.73781],[-84.169,34.73714],[-84.16805,34.73728],[-84.16742,34.73689],[-84.16941,34.74582],[-84.16939,34.74526],[-84.1697,34.74479],[-84.17006,34.74436],[-84.17123,34.74383],[-84.17144,34.74363],[-84.17155,34.74326],[-84.17131,34.74242],[-84.171,34.7426],[-84.17072,34.74315],[-84.17023,34.74315],[-84.16984,34.74292],[-84.16944,34.74305],[-84.16926,34.74279],[-84.16926,34.74234],[-84.16897,34.74202],[-84.16813,34.74199],[-84.16878,34.74166],[-84.16961,34.74183],[-84.1702,34.74083],[-84.17033,34.74035],[-84.17018,34.73959],[-84.16962,34.73895],[-84.16985,34.73846],[-84.16223,34.76583],[-84.16149,34.76564],[-84.16076,34.76457],[-84.16083,34.76414],[-84.16116,34.76395],[-84.16116,34.76357],[-84.16091,34.76307],[-84.16089,34.76239],[-84.16064,34.76199],[-84.16043,34.76111],[-84.16021,34.76098],[-84.15985,34.7612],[-84.15956,34.76114],[-84.15922,34.76045],[-84.15842,34.76006],[-84.15831,34.75983],[-84.15837,34.75955],[-84.15868,34.75948],[-84.15961,34.75959],[-84.1609,34.75932],[-84.16143,34.75949],[-84.16282,34.75888],[-84.16342,34.75837],[-84.16453,34.75859],[-84.1649,34.75852],[-84.16513,34.75837],[-84.16539,34.75771],[-84.16542,34.75716],[-84.16613,34.75622],[-84.16619,34.75591],[-84.16611,34.75564],[-84.16626,34.7552],[-84.16716,34.75382],[-84.16848,34.75298],[-84.16943,34.75281],[-84.17032,34.7524],[-84.17132,34.75226],[-84.17175,34.75208],[-84.17211,34.7517],[-84.17225,34.75097],[-84.1722,34.75058],[-84.17203,34.75034],[-84.17164,34.75019],[-84.17152,34.74994],[-84.1712,34.74966],[-84.17002,34.74913],[-84.16967,34.74856],[-84.16951,34.74797],[-84.16954,34.74674],[-84.16932,34.7462],[-84.16941,34.74582],[-84.16437,34.76611],[-84.16428,34.76616],[-84.16399,34.76593],[-84.16223,34.76583],[-84.12502,34.79486],[-84.12466,34.79448],[-84.12473,34.79355],[-84.12421,34.79224],[-84.12422,34.79195],[-84.12552,34.79106],[-84.12565,34.7901],[-84.12589,34.78954],[-84.12655,34.78926],[-84.12665,34.78906],[-84.12726,34.78865],[-84.12759,34.78816],[-84.12911,34.78711],[-84.12922,34.78645],[-84.13026,34.78584],[-84.1309,34.78499],[-84.13096,34.78435],[-84.13109,34.78424],[-84.13309,34.78364],[-84.13389,34.78323],[-84.13451,34.78323],[-84.13467,34.78327],[-84.13473,34.78413],[-84.13521,34.78459],[-84.13533,34.7853],[-84.13564,34.78536],[-84.13596,34.78512],[-84.13623,34.78374],[-84.13661,34.78291],[-84.13676,34.78204],[-84.138,34.78125],[-84.13839,34.78127],[-84.13843,34.7814],[-84.13798,34.7819],[-84.14019,34.78141],[-84.14159,34.78172],[-84.14194,34.78167],[-84.14261,34.78178],[-84.14313,34.78161],[-84.14357,34.78163],[-84.14431,34.78194],[-84.14477,34.78201],[-84.14513,34.78229],[-84.14566,34.78211],[-84.14717,34.78188],[-84.14746,34.78169],[-84.14919,34.7812],[-84.1498,34.78147],[-84.1505,34.78214],[-84.15078,34.78224],[-84.15099,34.78225],[-84.15207,34.78166],[-84.1525,34.78128],[-84.15171,34.78115],[-84.15239,34.78077],[-84.15312,34.78016],[-84.15306,34.77939],[-84.1532,34.77854],[-84.15388,34.77675],[-84.15448,34.77661],[-84.15469,34.77666],[-84.15493,34.77673],[-84.15532,34.77711],[-84.15526,34.77735],[-84.15475,34.77804],[-84.15481,34.7781],[-84.1561,34.7775],[-84.15639,34.77726],[-84.15651,34.77699],[-84.15646,34.77673],[-84.15688,34.77693],[-84.15706,34.77732],[-84.15713,34.77762],[-84.15691,34.77779],[-84.15685,34.77798],[-84.15722,34.77804],[-84.15742,34.77795],[-84.15767,34.77763],[-84.15795,34.7767],[-84.15837,34.77624],[-84.15847,34.776],[-84.15837,34.77582],[-84.15897,34.7747],[-84.15881,34.7737],[-84.15905,34.77314],[-84.15932,34.77286],[-84.15975,34.77142],[-84.16046,34.77102],[-84.16114,34.77102],[-84.16229,34.7702],[-84.16331,34.77024],[-84.16415,34.77004],[-84.16435,34.76969],[-84.16436,34.76946],[-84.16415,34.76888],[-84.16393,34.76869],[-84.16383,34.76799],[-84.16403,34.76735],[-84.16439,34.76715],[-84.16451,34.76692],[-84.16459,34.76647],[-84.16451,34.76629],[-84.16437,34.76611],[-84.12502,34.79486],[-84.12552,34.79561],[-84.12564,34.79606],[-84.12599,34.79666],[-84.12623,34.79757],[-84.12691,34.79803],[-84.12705,34.79825],[-84.128,34.79837],[-84.12859,34.79888],[-84.12977,34.79904],[-84.13012,34.79929],[-84.13035,34.79963],[-84.13059,34.80065],[-84.1309,34.801],[-84.13111,34.80106],[-84.13157,34.80146],[-84.1322,34.80172],[-84.13236,34.80208],[-84.13223,34.80231],[-84.13201,34.80231],[-84.13199,34.80255],[-84.13242,34.80279],[-84.13271,34.80318],[-84.1331,34.80341],[-84.13379,34.80337],[-84.13495,34.80378],[-84.13662,34.80515],[-84.13791,34.80562],[-84.13902,34.80618],[-84.14026,34.80643],[-84.14083,34.80616],[-84.14733,34.8227],[-84.14712,34.82267],[-84.14626,34.82319],[-84.1459,34.8231],[-84.14526,34.82318],[-84.14349,34.82192],[-84.14271,34.82202],[-84.14258,34.82185],[-84.14264,34.82152],[-84.14298,34.821],[-84.14257,34.82054],[-84.14174,34.82012],[-84.14141,34.81963],[-84.14146,34.81877],[-84.14177,34.81795],[-84.14168,34.81766],[-84.14121,34.81694],[-84.14068,34.81651],[-84.14028,34.81633],[-84.13999,34.8159],[-84.13996,34.8157],[-84.14015,34.81531],[-84.1401,34.81509],[-84.14032,34.81424],[-84.13999,34.8127],[-84.14024,34.81207],[-84.13981,34.81124],[-84.1392,34.81064],[-84.13929,34.81033],[-84.13995,34.81032],[-84.14029,34.81014],[-84.14084,34.81004],[-84.14116,34.80981],[-84.14127,34.8095],[-84.14114,34.80897],[-84.14138,34.80806],[-84.14135,34.80741],[-84.14145,34.80702],[-84.14121,34.80657],[-84.14083,34.80627],[-84.1739,34.8146],[-84.17393,34.81491],[-84.17377,34.81542],[-84.17396,34.81611],[-84.17438,34.81723],[-84.17459,34.81651],[-84.17448,34.81615],[-84.17468,34.81616],[-84.17497,34.81653],[-84.17513,34.81785],[-84.17543,34.81865],[-84.17568,34.81899],[-84.17555,34.81915],[-84.17515,34.81913],[-84.17438,34.81887],[-84.17298,34.81903],[-84.17215,34.81898],[-84.17168,34.81924],[-84.1712,34.81924],[-84.17074,34.81904],[-84.16941,34.81925],[-84.16895,34.81963],[-84.16858,34.81975],[-84.16744,34.81941],[-84.16659,34.81994],[-84.16614,34.81987],[-84.16566,34.82001],[-84.16549,34.8202],[-84.16497,34.81988],[-84.16351,34.82034],[-84.16283,34.82019],[-84.1623,34.82031],[-84.16182,34.82027],[-84.16143,34.81997],[-84.16066,34.8197],[-84.15902,34.82037],[-84.15832,34.82042],[-84.15798,34.82082],[-84.15711,34.82081],[-84.15668,34.82119],[-84.15614,34.82206],[-84.15475,34.82251],[-84.15454,34.82249],[-84.1542,34.82221],[-84.15343,34.82216],[-84.15283,34.82228],[-84.15198,34.82189],[-84.15139,34.82139],[-84.14999,34.82125],[-84.14996,34.82138],[-84.15026,34.82145],[-84.15032,34.82158],[-84.14966,34.82184],[-84.14887,34.82192],[-84.1481,34.82254],[-84.14733,34.8227],[-84.2029,34.81153],[-84.20287,34.81218],[-84.20275,34.81236],[-84.20186,34.81248],[-84.20149,34.81237],[-84.20088,34.8119],[-84.20062,34.8115],[-84.20034,34.81044],[-84.20012,34.81023],[-84.19941,34.80998],[-84.19873,34.81013],[-84.19814,34.81001],[-84.19717,34.80958],[-84.19739,34.81013],[-84.19789,34.81071],[-84.19848,34.8111],[-84.19932,34.81117],[-84.19914,34.8115],[-84.1992,34.81178],[-84.19906,34.81198],[-84.1983,34.81224],[-84.19765,34.81197],[-84.1965,34.81172],[-84.19608,34.81134],[-84.19568,34.81124],[-84.19552,34.81112],[-84.19551,34.81079],[-84.19475,34.81006],[-84.19355,34.80944],[-84.19298,34.80893],[-84.19282,34.80893],[-84.19254,34.8092],[-84.19158,34.80911],[-84.1909,34.80888],[-84.19055,34.80853],[-84.19014,34.80858],[-84.18861,34.80791],[-84.188,34.80809],[-84.18773,34.80794],[-84.18599,34.8081],[-84.18567,34.80826],[-84.18552,34.80862],[-84.18522,34.80876],[-84.18377,34.80882],[-84.18283,34.80919],[-84.18225,34.80931],[-84.18157,34.80909],[-84.18123,34.80983],[-84.18054,34.81014],[-84.18012,34.8105],[-84.17975,34.8106],[-84.17873,34.81046],[-84.1785,34.81052],[-84.17774,34.81163],[-84.17738,34.81171],[-84.17704,34.81211],[-84.17661,34.81235],[-84.17617,34.81307],[-84.17575,34.81347],[-84.17499,34.81408],[-84.17426,34.81397],[-84.17398,34.81406],[-84.1739,34.8146],[-84.20607,34.80487],[-84.20612,34.80524],[-84.20604,34.80533],[-84.2045,34.80605],[-84.20357,34.80666],[-84.20249,34.80712],[-84.20178,34.80729],[-84.20169,34.80751],[-84.20173,34.80876],[-84.20191,34.80897],[-84.2022,34.81029],[-84.20284,34.81125],[-84.2029,34.81153],[-84.21932,34.79635],[-84.21911,34.79688],[-84.21915,34.79762],[-84.21961,34.79863],[-84.21958,34.79916],[-84.21924,34.79992],[-84.219,34.80019],[-84.21762,34.8009],[-84.21691,34.8012],[-84.21586,34.80143],[-84.21514,34.80179],[-84.21417,34.80252],[-84.2135,34.80361],[-84.21395,34.80416],[-84.21405,34.80501],[-84.21394,34.8052],[-84.21344,34.80546],[-84.2132,34.80623],[-84.213,34.8063],[-84.21266,34.80615],[-84.2122,34.80531],[-84.21155,34.80483],[-84.21088,34.80539],[-84.21003,34.8053],[-84.20932,34.80506],[-84.20712,34.80501],[-84.20646,34.80473],[-84.24748,34.79459],[-84.24671,34.79442],[-84.24616,34.79457],[-84.24519,34.79443],[-84.2449,34.79456],[-84.24425,34.79522],[-84.24304,34.79532],[-84.24204,34.79481],[-84.24157,34.79485],[-84.24127,34.79465],[-84.24117,34.79411],[-84.24136,34.79358],[-84.24133,34.79317],[-84.24088,34.79278],[-84.24033,34.79252],[-84.23878,34.79229],[-84.23843,34.7932],[-84.23809,34.79348],[-84.23643,34.79423],[-84.23482,34.7945],[-84.2342,34.7944],[-84.23282,34.79483],[-84.2319,34.79469],[-84.2313,34.79535],[-84.23102,34.79543],[-84.23035,34.79514],[-84.22853,34.79397],[-84.22828,34.79398],[-84.22749,34.79427],[-84.22701,34.79472],[-84.2267,34.79485],[-84.22642,34.79482],[-84.22598,34.79514],[-84.22459,34.79528],[-84.22399,34.79545],[-84.22316,34.79532],[-84.22282,34.79547],[-84.22273,34.79575],[-84.22204,34.79668],[-84.22169,34.79758],[-84.22158,34.79798],[-84.22195,34.79865],[-84.22182,34.79888],[-84.22159,34.79887],[-84.22124,34.79867],[-84.22066,34.79745],[-84.22027,34.79697],[-84.2195,34.79631],[-84.21932,34.79635],[-84.25397,34.7891],[-84.25528,34.78894],[-84.25556,34.78912],[-84.25574,34.78945],[-84.25548,34.78934],[-84.25527,34.7894],[-84.25558,34.79016],[-84.25565,34.79081],[-84.25532,34.79096],[-84.2549,34.79086],[-84.25472,34.79094],[-84.25486,34.79145],[-84.25512,34.79174],[-84.25481,34.79204],[-84.25485,34.79233],[-84.25443,34.79237],[-84.25428,34.79272],[-84.25401,34.7927],[-84.25383,34.79287],[-84.25392,34.79333],[-84.25349,34.79376],[-84.25275,34.79372],[-84.25204,34.79441],[-84.25153,34.79457],[-84.2501,34.7944],[-84.24949,34.79454],[-84.24917,34.7945],[-84.24898,34.79429],[-84.2491,34.79422],[-84.24886,34.79415],[-84.24817,34.79449],[-84.24748,34.79459],[-84.25397,34.7891],[-84.25486,34.78873],[-84.25652,34.78776],[-84.25807,34.78643],[-84.26004,34.78389],[-84.25932,34.7835],[-84.25956,34.78363],[-84.25932,34.7835],[-84.26045,34.78231],[-84.26155,34.78188],[-84.26232,34.78186],[-84.26378,34.78252],[-84.26461,34.78306],[-84.26523,34.78265],[-84.26575,34.78213],[-84.26663,34.78107],[-84.26698,34.7804],[-84.26794,34.77969],[-84.26861,34.7788],[-84.26962,34.77795],[-84.27024,34.77785],[-84.2709,34.77801],[-84.27162,34.77836],[-84.27213,34.77844],[-84.27353,34.77783],[-84.27479,34.77802],[-84.27469,34.77841],[-84.27448,34.77858],[-84.27458,34.77884],[-84.2753,34.77904],[-84.27624,34.78006],[-84.27661,34.78017],[-84.27714,34.78069],[-84.27752,34.78273],[-84.27797,34.78296],[-84.2787,34.78368],[-84.27873,34.78412],[-84.27853,34.78496],[-84.27879,34.78519],[-84.28067,34.78494],[-84.28144,34.78416],[-84.28271,34.78333],[-84.28358,34.78258],[-84.28457,34.78209],[-84.2853,34.7821],[-84.28597,34.78184],[-84.28654,34.78178],[-84.28729,34.78218],[-84.28789,34.78287],[-84.2884,34.78318],[-84.28999,34.78345],[-84.29116,34.78332],[-84.29341,34.78337],[-84.2943,34.78323],[-84.29483,34.7833],[-84.29522,34.78355],[-84.2954,34.78387],[-84.29504,34.7851],[-84.29509,34.78534],[-84.29554,34.78571],[-84.29649,34.7861],[-84.29783,34.78583],[-84.29947,34.78571],[-84.29992,34.78577],[-84.30071,34.78503],[-84.30194,34.78414],[-84.30348,34.78354],[-84.30392,34.78356],[-84.30351,34.78372],[-84.30328,34.78401],[-84.30334,34.78414],[-84.30498,34.78449],[-84.30514,34.78472],[-84.30548,34.7848],[-84.30545,34.78517],[-84.30564,34.78541],[-84.30542,34.78572],[-84.30552,34.78596],[-84.31417,34.78616],[-84.31383,34.78588],[-84.31315,34.78567],[-84.31242,34.78589],[-84.312,34.78615],[-84.31118,34.78615],[-84.30968,34.78648],[-84.30858,34.787],[-84.30841,34.78693],[-84.30846,34.78641],[-84.30801,34.78601],[-84.30793,34.78569],[-84.30747,34.78506],[-84.30671,34.78449],[-84.30617,34.78436],[-84.30585,34.78411],[-84.30541,34.7841],[-84.30577,34.78464],[-84.30578,34.78521],[-84.30565,34.78563],[-84.30592,34.78592],[-84.30585,34.78602],[-84.30552,34.78596],[-84.32201,34.80459],[-84.32252,34.80425],[-84.32309,34.80362],[-84.32401,34.80219],[-84.32458,34.79994],[-84.32456,34.79931],[-84.324,34.79882],[-84.32373,34.79789],[-84.32323,34.79748],[-84.32297,34.79699],[-84.32255,34.79658],[-84.32153,34.79596],[-84.32082,34.79605],[-84.3195,34.79578],[-84.31901,34.79545],[-84.31878,34.79504],[-84.31902,34.79471],[-84.31975,34.79419],[-84.31964,34.79367],[-84.31933,34.79322],[-84.31936,34.793],[-84.32023,34.79261],[-84.3198,34.79165],[-84.31978,34.79137],[-84.32052,34.79079],[-84.32094,34.78983],[-84.32139,34.78935],[-84.32198,34.78835],[-84.3227,34.78778],[-84.32269,34.78762],[-84.3218,34.78747],[-84.32077,34.78746],[-84.3199,34.7866],[-84.31937,34.78669],[-84.31861,34.78648],[-84.31755,34.78645],[-84.31612,34.7869],[-84.31585,34.78679],[-84.3154,34.78629],[-84.3143,34.78625],[-84.31417,34.78616],[-84.35211,34.81044],[-84.35122,34.81022],[-84.34853,34.8112],[-84.3482,34.81111],[-84.34728,34.81054],[-84.34642,34.81045],[-84.34546,34.8117],[-84.34478,34.8128],[-84.3447,34.81341],[-84.34444,34.81413],[-84.34352,34.81567],[-84.3428,34.81647],[-84.34184,34.81716],[-84.34034,34.81732],[-84.34006,34.81748],[-84.33968,34.81815],[-84.3398,34.81848],[-84.33977,34.81881],[-84.33937,34.81939],[-84.33913,34.81911],[-84.33938,34.81881],[-84.33937,34.81865],[-84.33886,34.8186],[-84.33838,34.81805],[-84.33876,34.81767],[-84.3387,34.81732],[-84.33919,34.81703],[-84.33907,34.81674],[-84.33973,34.81642],[-84.33989,34.81624],[-84.33985,34.81592],[-84.34036,34.8158],[-84.34075,34.81532],[-84.34068,34.815],[-84.34024,34.81463],[-84.34056,34.81449],[-84.34081,34.81393],[-84.34114,34.81374],[-84.34094,34.8128],[-84.34076,34.81267],[-84.34007,34.81247],[-84.33935,34.81253],[-84.33867,34.8124],[-84.33759,34.81188],[-84.33676,34.81209],[-84.33731,34.81222],[-84.33714,34.81236],[-84.33734,34.81277],[-84.33727,34.81283],[-84.33641,34.81299],[-84.33559,34.81284],[-84.335,34.81303],[-84.33426,34.81299],[-84.33416,34.81281],[-84.33442,34.81232],[-84.33441,34.81205],[-84.33422,34.81161],[-84.33416,34.81103],[-84.33275,34.80986],[-84.33179,34.80888],[-84.33125,34.80885],[-84.33054,34.80851],[-84.3303,34.80824],[-84.32968,34.80795],[-84.32936,34.80758],[-84.32936,34.80643],[-84.32917,34.80595],[-84.32918,34.80525],[-84.32867,34.8054],[-84.32864,34.8058],[-84.32827,34.80653],[-84.32732,34.80684],[-84.32662,34.80723],[-84.32569,34.80739],[-84.32523,34.80769],[-84.32519,34.80784],[-84.32549,34.80796],[-84.32586,34.80832],[-84.32563,34.80855],[-84.32509,34.80888],[-84.32455,34.80881],[-84.32429,34.80896],[-84.32291,34.8079],[-84.32237,34.80724],[-84.32184,34.80715],[-84.32186,34.80674],[-84.32112,34.80614],[-84.32035,34.806],[-84.32045,34.8056],[-84.32151,34.80542],[-84.32201,34.80459],[-84.3522,34.81043],[-84.35211,34.81044],[-84.36178,34.81343],[-84.36145,34.81365],[-84.36105,34.81327],[-84.361,34.81303],[-84.35957,34.81196],[-84.35864,34.81186],[-84.35793,34.81195],[-84.35689,34.81142],[-84.35655,34.81146],[-84.356,34.8118],[-84.35589,34.81133],[-84.35529,34.81089],[-84.35491,34.81072],[-84.35415,34.81068],[-84.3537,34.81053],[-84.35344,34.81031],[-84.35329,34.81001],[-84.35306,34.80992],[-84.35268,34.81],[-84.3522,34.81043],[-84.39776,34.84082],[-84.39738,34.8409],[-84.39696,34.84077],[-84.39652,34.84056],[-84.39616,34.84022],[-84.39605,34.83924],[-84.39542,34.83838],[-84.39528,34.83757],[-84.39515,34.83736],[-84.3946,34.83716],[-84.3945,34.83703],[-84.39454,34.83588],[-84.39488,34.83466],[-84.39468,34.834],[-84.3952,34.83353],[-84.39525,34.83325],[-84.39472,34.8333],[-84.39405,34.83288],[-84.39374,34.83246],[-84.39319,34.83237],[-84.3932,34.83211],[-84.39291,34.83212],[-84.39318,34.83149],[-84.39232,34.83103],[-84.39206,34.83053],[-84.39209,34.82993],[-84.39194,34.82957],[-84.39128,34.82898],[-84.39052,34.82779],[-84.38988,34.82816],[-84.38926,34.82812],[-84.38924,34.82796],[-84.38965,34.82717],[-84.3896,34.82691],[-84.38803,34.82555],[-84.38676,34.82523],[-84.38646,34.82507],[-84.3862,34.82476],[-84.38451,34.82476],[-84.38265,34.82411],[-84.38215,34.82417],[-84.38138,34.82373],[-84.38117,34.82302],[-84.38005,34.82233],[-84.38001,34.82212],[-84.37968,34.82171],[-84.37963,34.82142],[-84.38001,34.8211],[-84.38051,34.8204],[-84.38016,34.81956],[-84.38048,34.81903],[-84.38099,34.81862],[-84.38103,34.81834],[-84.38084,34.81823],[-84.38106,34.81796],[-84.38094,34.81778],[-84.38056,34.81781],[-84.37989,34.81762],[-84.37917,34.81726],[-84.37885,34.81686],[-84.37877,34.81596],[-84.37824,34.81598],[-84.37772,34.8163],[-84.37571,34.81651],[-84.3751,34.8172],[-84.37477,34.81646],[-84.37428,34.81616],[-84.37416,34.81593],[-84.3737,34.81568],[-84.37336,34.81509],[-84.37218,34.81411],[-84.37126,34.81392],[-84.37068,34.81448],[-84.3702,34.81515],[-84.37008,34.81518],[-84.36955,34.81469],[-84.36941,34.81469],[-84.36948,34.81449],[-84.37008,34.81386],[-84.37027,34.81311],[-84.3702,34.81281],[-84.36998,34.81267],[-84.36957,34.81265],[-84.36929,34.81283],[-84.36955,34.81237],[-84.36951,34.81227],[-84.36929,34.81233],[-84.36925,34.81196],[-84.36861,34.81222],[-84.36785,34.81294],[-84.36621,34.81176],[-84.36463,34.81167],[-84.3639,34.81134],[-84.36296,34.81132],[-84.36287,34.81114],[-84.36296,34.81071],[-84.36278,34.81063],[-84.36247,34.81094],[-84.36232,34.81175],[-84.36182,34.8123],[-84.36178,34.81343],[-84.40573,34.82974],[-84.40511,34.83058],[-84.404,34.83353],[-84.40146,34.83668],[-84.4004,34.83858],[-84.39943,34.83952],[-84.39776,34.84082],[-84.40644,34.82999],[-84.40573,34.82974],[-84.40743,34.83032],[-84.40827,34.83104],[-84.40997,34.83281],[-84.41019,34.83315],[-84.4102,34.83348],[-84.41042,34.83395],[-84.41077,34.83427],[-84.41168,34.83614],[-84.41184,34.83681],[-84.41264,34.83754],[-84.4134,34.8386],[-84.41379,34.83936],[-84.41433,34.84002],[-84.41505,34.84194],[-84.41573,34.84254],[-84.41582,34.84303],[-84.41623,34.84396],[-84.41647,34.84536],[-84.41748,34.84788],[-84.41723,34.84867],[-84.41742,34.84964],[-84.41869,34.84997],[-84.41921,34.85028],[-84.41937,34.85065],[-84.41993,34.85084],[-84.4203,34.85069],[-84.42066,34.85018],[-84.42079,34.84939],[-84.42103,34.84878],[-84.42119,34.84612],[-84.42185,34.84578],[-84.42215,34.8445],[-84.42289,34.84366],[-84.42366,34.84378],[-84.42483,34.84468],[-84.42559,34.84434],[-84.42615,34.84372],[-84.42681,34.84336],[-84.42753,34.84073],[-84.42731,34.84046],[-84.42648,34.84],[-84.42623,34.83971],[-84.42623,34.83954],[-84.42738,34.83897],[-84.42775,34.83868],[-84.42837,34.83762],[-84.43011,34.83704],[-84.43145,34.83579],[-84.43219,34.83528],[-84.4334,34.83503],[-84.4338,34.83408],[-84.43353,34.83326],[-84.43417,34.83252],[-84.43467,34.83222],[-84.43525,34.83148],[-84.43584,34.83101],[-84.43598,34.83058],[-84.43661,34.83013],[-84.43709,34.83007],[-84.43763,34.82984],[-84.43802,34.82846],[-84.43829,34.82823],[-84.4387,34.82806],[-84.43896,34.82781],[-84.44067,34.82739],[-84.44182,34.82687],[-84.44323,34.82712],[-84.44466,34.82606],[-84.44537,34.82595],[-84.44643,34.82559],[-84.44667,34.82535],[-84.44685,34.82484],[-84.44693,34.82418],[-84.44728,34.82296],[-84.44753,34.8226],[-84.44755,34.82227],[-84.44864,34.82174],[-84.44916,34.82174],[-84.45026,34.82208],[-84.45073,34.82266],[-84.45192,34.82217],[-84.45242,34.82131],[-84.45304,34.82061],[-84.4538,34.82054],[-84.45424,34.82031],[-84.45502,34.82033],[-84.45597,34.82074],[-84.45641,34.8207],[-84.45663,34.82064],[-84.45682,34.82035],[-84.45718,34.82018],[-84.45799,34.82001],[-84.45835,34.82007],[-84.45877,34.81992],[-84.45947,34.81939],[-84.46116,34.81907],[-84.46153,34.81916],[-84.46226,34.81956],[-84.46387,34.81905],[-84.46439,34.81898],[-84.46501,34.81909],[-84.4655,34.81891],[-84.46609,34.81848],[-84.46655,34.81863],[-84.46702,34.81896],[-84.46806,34.81908],[-84.46874,34.81973],[-84.46997,34.81988],[-84.47039,34.81982],[-84.47053,34.81968],[-84.47087,34.81879],[-84.47139,34.81791],[-84.47177,34.81772],[-84.47235,34.81777],[-84.47315,34.81755],[-84.47414,34.81744],[-84.47498,34.81789],[-84.47525,34.81852],[-84.47644,34.81849],[-84.47687,34.81821],[-84.47674,34.81772],[-84.47727,34.81725],[-84.47732,34.81699],[-84.47701,34.81636],[-84.47628,34.81617],[-84.47614,34.81608],[-84.47618,34.81592],[-84.47659,34.81587],[-84.47905,34.8164],[-84.48012,34.81621],[-84.48141,34.81542],[-84.48278,34.81436],[-84.48368,34.81346],[-84.48565,34.81275],[-84.48641,34.81225],[-84.48663,34.81198],[-84.48719,34.81172],[-84.48758,34.81181],[-84.48774,34.81215],[-84.48783,34.8128],[-84.48759,34.81444],[-84.48775,34.81502],[-84.48772,34.81551],[-84.48807,34.81606],[-84.4882,34.81674],[-84.48792,34.81722],[-84.48811,34.81811],[-84.48787,34.81854],[-84.48779,34.81912],[-84.48855,34.82101],[-84.49009,34.82268],[-84.49059,34.82344],[-84.49098,34.82449],[-84.49159,34.82536],[-84.49211,34.82577],[-84.49384,34.82584],[-84.49479,34.82577],[-84.49524,34.82594],[-84.49668,34.82609],[-84.49743,34.82635],[-84.49837,34.82717],[-84.498,34.82812],[-84.49802,34.82864],[-84.49818,34.82907],[-84.49844,34.82913],[-84.4994,34.82885],[-84.50005,34.82824],[-84.5003,34.82817],[-84.50053,34.82855],[-84.50059,34.82898],[-84.50086,34.82924],[-84.50177,34.82943],[-84.50258,34.82997],[-84.50304,34.83014],[-84.50423,34.83106],[-84.50424,34.83126],[-84.50451,34.83171],[-84.5045,34.8319],[-84.50417,34.83229],[-84.50418,34.83247],[-84.50367,34.83337],[-84.50285,34.83386],[-84.50257,34.83425],[-84.50251,34.83456],[-84.50301,34.83563],[-84.50377,34.83627],[-84.50376,34.83657],[-84.50335,34.83716],[-84.50312,34.8377],[-84.50311,34.83804],[-84.50289,34.83831],[-84.50316,34.83944],[-84.50307,34.83978],[-84.50318,34.84033],[-84.50307,34.84054],[-84.50329,34.84095],[-84.50294,34.84126],[-84.50252,34.84198],[-84.50202,34.84232],[-84.5018,34.8433],[-84.50158,34.84348],[-84.49873,34.84478],[-84.49852,34.84512],[-84.49724,34.84552],[-84.49646,34.846],[-84.49693,34.84741],[-84.49748,34.84761],[-84.49786,34.84848],[-84.49787,34.84877],[-84.49751,34.84926],[-84.49778,34.85005],[-84.49709,34.85242],[-84.49747,34.85394],[-84.49759,34.8541],[-84.49803,34.85429],[-84.49853,34.85428],[-84.49878,34.85409],[-84.49914,34.85402],[-84.49967,34.85427],[-84.49982,34.85441],[-84.49986,34.85488],[-84.50071,34.8558],[-84.50072,34.85607],[-84.50105,34.8559],[-84.50136,34.85602],[-84.50183,34.8564],[-84.50218,34.85704],[-84.50346,34.85756],[-84.50399,34.85766],[-84.50429,34.85794],[-84.50493,34.85818],[-84.50513,34.8598],[-84.50484,34.86071],[-84.50461,34.86092],[-84.50444,34.8618],[-84.50458,34.86235],[-84.50484,34.86243],[-84.50518,34.8623],[-84.50541,34.86207],[-84.50583,34.86117],[-84.50598,34.86122],[-84.50612,34.86196],[-84.50634,34.86225],[-84.50665,34.86237],[-84.50703,34.86237],[-84.50765,34.86202],[-84.5084,34.86203],[-84.50868,34.86217],[-84.50952,34.8638],[-84.51048,34.86452],[-84.51156,34.86481],[-84.51258,34.86494],[-84.51364,34.86478],[-84.51493,34.86424],[-84.51528,34.86378],[-84.51541,34.86378],[-84.51547,34.86411],[-84.51502,34.86527],[-84.51512,34.86559],[-84.51485,34.8659],[-84.51489,34.86626],[-84.51474,34.86646],[-84.51475,34.86681],[-84.51482,34.86694],[-84.51544,34.8671],[-84.51592,34.86701],[-84.51605,34.86707],[-84.51596,34.86755],[-84.5155,34.86773],[-84.51649,34.86804],[-84.5169,34.86882],[-84.5172,34.86854],[-84.51754,34.86773],[-84.51771,34.86775],[-84.51801,34.86879],[-84.51794,34.86944],[-84.51809,34.87014],[-84.51823,34.87031],[-84.5182,34.87053],[-84.51956,34.87082],[-84.52738,34.889],[-84.52705,34.88845],[-84.52714,34.88826],[-84.52695,34.88823],[-84.52706,34.88787],[-84.52646,34.88625],[-84.52581,34.88506],[-84.52545,34.88475],[-84.52538,34.88449],[-84.5255,34.88434],[-84.52553,34.88395],[-84.5259,34.88359],[-84.52611,34.88308],[-84.52608,34.88277],[-84.52665,34.88251],[-84.52658,34.88232],[-84.52687,34.88155],[-84.52659,34.88062],[-84.52493,34.88009],[-84.52456,34.88009],[-84.52416,34.88028],[-84.52397,34.88012],[-84.524,34.87967],[-84.52386,34.87927],[-84.52364,34.879],[-84.52329,34.87887],[-84.52282,34.87842],[-84.5224,34.87723],[-84.52197,34.87707],[-84.52166,34.87677],[-84.52201,34.87643],[-84.52182,34.87582],[-84.52145,34.87507],[-84.52114,34.87476],[-84.52098,34.87426],[-84.52098,34.87337],[-84.52082,34.87245],[-84.51993,34.87173],[-84.51985,34.87134],[-84.51956,34.87082],[-84.52738,34.889],[-84.52692,34.88906],[-84.52659,34.88885],[-84.52617,34.88881],[-84.52488,34.88904],[-84.5236,34.89027],[-84.52353,34.89049],[-84.52397,34.89049],[-84.52495,34.8901],[-84.52529,34.89018],[-84.52464,34.89101],[-84.52431,34.8918],[-84.52373,34.89204],[-84.52279,34.8922],[-84.52102,34.89336],[-84.52083,34.89359],[-84.52077,34.89414],[-84.51966,34.89477],[-84.51936,34.89549],[-84.51895,34.89549],[-84.51853,34.89573],[-84.51848,34.89603],[-84.51877,34.89671],[-84.51896,34.89761],[-84.51816,34.89811],[-84.51696,34.89843],[-84.51642,34.89872],[-84.51587,34.89942],[-84.51579,34.89961],[-84.51597,34.90011],[-84.51599,34.90231],[-84.51582,34.90311],[-84.51507,34.90419],[-84.51489,34.90469],[-84.51501,34.90478],[-84.51596,34.90483],[-84.51596,34.90494],[-84.5136,34.90588],[-84.51282,34.90595],[-84.51205,34.90636],[-84.51082,34.9065],[-84.50925,34.90715],[-84.50912,34.90733],[-84.50915,34.90765],[-84.50757,34.91015],[-84.50758,34.91034],[-84.50982,34.91162],[-84.50994,34.91194],[-84.5091,34.91312],[-84.50816,34.91394],[-84.50781,34.9147],[-84.50779,34.91491],[-84.50812,34.91522],[-84.50929,34.91501],[-84.50979,34.91519],[-84.50992,34.91538],[-84.5099,34.91577],[-84.5091,34.9163],[-84.50901,34.91656],[-84.5091,34.91679],[-84.5096,34.91692],[-84.50981,34.91685],[-84.51088,34.91612],[-84.51336,34.91645],[-84.51498,34.91682],[-84.51562,34.91708],[-84.51588,34.9174],[-84.51634,34.9184],[-84.51716,34.91888],[-84.51813,34.91906],[-84.52039,34.91901],[-84.52366,34.91944],[-84.52475,34.91984],[-84.52508,34.92017],[-84.52538,34.92079],[-84.52538,34.922],[-84.52491,34.92551],[-84.52485,34.92716],[-84.52512,34.92899],[-84.52606,34.93305],[-84.52627,34.93573],[-84.52619,34.93675],[-84.52534,34.9386],[-84.52525,34.93919],[-84.52589,34.94091],[-84.52639,34.94166],[-84.52681,34.94203],[-84.52696,34.9421],[-84.52735,34.942],[-84.52871,34.94116],[-84.52889,34.94118],[-84.52902,34.94138],[-84.5288,34.94174],[-84.52709,34.94299],[-84.52597,34.94435],[-84.524,34.9477],[-84.5235,34.94886],[-84.52321,34.94986],[-84.52291,34.95254],[-84.52293,34.95381],[-84.52311,34.95486],[-84.52332,34.9554],[-84.52349,34.95551],[-84.52431,34.95561],[-84.52482,34.95603],[-84.52517,34.95682],[-84.52527,34.95766],[-84.5249,34.95885],[-84.52408,34.96014],[-84.52358,34.96059],[-84.52242,34.96112],[-84.52215,34.96142],[-84.522,34.96199],[-84.52202,34.96285],[-84.52222,34.96389],[-84.52286,34.96455],[-84.5229,34.96495],[-84.52278,34.96562],[-84.52288,34.96598],[-84.52344,34.96639],[-84.52528,34.9673],[-84.52557,34.96769],[-84.52513,34.96821],[-84.52442,34.96863],[-84.52317,34.96868],[-84.52233,34.96909],[-84.52072,34.97047],[-84.52001,34.97132],[-84.52,34.9717],[-84.51949,34.97249],[-84.51948,34.97367],[-84.51992,34.97438],[-84.52009,34.97508],[-84.52039,34.9756],[-84.52045,34.97675],[-84.52014,34.97736],[-84.52006,34.97831],[-84.51954,34.97879],[-84.51914,34.97976],[-84.51837,34.98107],[-84.51857,34.98374],[-84.51938,34.98634],[-84.51934,34.98674],[-84.51903,34.98753],[-84.51862,34.98779],[-84.51908,34.98817],[-84.51925,34.98858],[-84.51956,34.98872],[-84.51945,34.98883],[-84.52226,34.99761],[-84.5221,34.99749],[-84.52195,34.99675],[-84.52246,34.99473],[-84.52219,34.99456],[-84.52174,34.99381],[-84.52152,34.99295],[-84.52166,34.99217],[-84.5214,34.99189],[-84.521,34.99173],[-84.52054,34.99122],[-84.52014,34.99051],[-84.51958,34.98986],[-84.5194,34.9895],[-84.51945,34.98883],[-84.52924,35.00002],[-84.52887,34.99962],[-84.52813,34.99923],[-84.52828,34.99883],[-84.52805,34.9985],[-84.52563,34.99747],[-84.5253,34.99742],[-84.52381,34.9977],[-84.52293,34.99751],[-84.52226,34.99761],[-84.51721,35.01931],[-84.51732,35.01906],[-84.51751,35.01897],[-84.51874,35.01862],[-84.51911,35.01825],[-84.51954,35.01747],[-84.52041,35.01709],[-84.52127,35.01625],[-84.5221,35.01603],[-84.52276,35.01606],[-84.52327,35.01355],[-84.52356,35.01308],[-84.52409,35.01157],[-84.52538,35.01002],[-84.52591,35.00964],[-84.52658,35.00947],[-84.52802,35.00986],[-84.52798,35.00961],[-84.52775,35.00929],[-84.52655,35.00851],[-84.52645,35.00749],[-84.5258,35.00621],[-84.52576,35.00554],[-84.52606,35.00478],[-84.52694,35.00383],[-84.52799,35.00129],[-84.52841,35.00081],[-84.52884,35.00065],[-84.52924,35.00002],[-84.49856,35.03375],[-84.49861,35.03349],[-84.49917,35.03275],[-84.49918,35.03214],[-84.49957,35.0312],[-84.50003,35.03037],[-84.50104,35.02902],[-84.50152,35.02851],[-84.50237,35.02806],[-84.50266,35.02778],[-84.50306,35.02708],[-84.50305,35.02689],[-84.50291,35.02678],[-84.50304,35.02642],[-84.50405,35.02538],[-84.50565,35.02495],[-84.50764,35.02367],[-84.50937,35.02321],[-84.51033,35.02242],[-84.51151,35.022],[-84.5116,35.02276],[-84.51181,35.02298],[-84.51204,35.02293],[-84.51289,35.02214],[-84.51389,35.02174],[-84.51449,35.02134],[-84.51469,35.02134],[-84.51518,35.0217],[-84.51552,35.02168],[-84.51623,35.02107],[-84.51654,35.02005],[-84.51721,35.01931],[-84.50357,35.03708],[-84.50346,35.03695],[-84.50295,35.03689],[-84.50284,35.0365],[-84.50267,35.03646],[-84.50234,35.03607],[-84.5025,35.03596],[-84.50251,35.0358],[-84.5023,35.03585],[-84.5018,35.03571],[-84.50145,35.03546],[-84.50058,35.03521],[-84.50042,35.03541],[-84.50046,35.03604],[-84.50035,35.03615],[-84.4998,35.03572],[-84.49938,35.03557],[-84.49903,35.03518],[-84.49798,35.03512],[-84.49848,35.03454],[-84.49856,35.03375],[-84.50312,35.03732],[-84.50357,35.03708],[-84.50185,35.03812],[-84.50057,35.03825],[-84.50002,35.03854],[-84.49996,35.03917],[-84.49968,35.03992],[-84.49924,35.04035],[-84.49891,35.04042],[-84.49821,35.0411],[-84.49813,35.04142],[-84.49799,35.04153],[-84.49785,35.04225],[-84.49729,35.04249],[-84.49725,35.04263],[-84.49742,35.04298],[-84.49767,35.04311],[-84.49779,35.04347],[-84.49788,35.0445],[-84.4978,35.0448],[-84.49722,35.04547],[-84.49669,35.04586],[-84.49627,35.04601],[-84.49476,35.04605],[-84.49265,35.04587],[-84.49252,35.04597],[-84.49295,35.04788],[-84.49284,35.04834],[-84.49252,35.04864],[-84.49258,35.04897],[-84.49246,35.04908],[-84.4922,35.05023],[-84.49232,35.0511],[-84.49224,35.0516],[-84.49203,35.05164],[-84.49201,35.05181],[-84.4923,35.05199],[-84.49243,35.05225],[-84.4924,35.05285],[-84.49204,35.05333],[-84.49086,35.05386],[-84.49131,35.05471],[-84.4913,35.0551],[-84.49115,35.05529],[-84.49034,35.05576],[-84.49025,35.05649],[-84.49008,35.05694],[-84.49011,35.05735],[-84.48946,35.05745],[-84.48928,35.05799],[-84.48868,35.05819],[-84.48822,35.05814],[-84.48781,35.05831],[-84.48758,35.05882],[-84.48785,35.05915],[-84.49292,35.0602],[-84.49282,35.05985],[-84.49295,35.05905],[-84.49276,35.05886],[-84.49171,35.05894],[-84.4912,35.0587],[-84.49069,35.05905],[-84.49036,35.05913],[-84.48878,35.05889],[-84.48752,35.05936],[-84.48649,35.05924],[-84.48578,35.0595],[-84.48561,35.05935],[-84.48561,35.05898],[-84.49374,35.06704],[-84.49372,35.06675],[-84.49425,35.06603],[-84.49503,35.06601],[-84.49579,35.06556],[-84.49609,35.06517],[-84.49599,35.06513],[-84.49542,35.06537],[-84.4949,35.06535],[-84.49458,35.06524],[-84.49417,35.06491],[-84.49498,35.06442],[-84.49522,35.06415],[-84.49517,35.06404],[-84.4948,35.06416],[-84.49459,35.06408],[-84.4944,35.06336],[-84.49464,35.06287],[-84.4946,35.06199],[-84.49475,35.06159],[-84.49511,35.06091],[-84.49705,35.06004],[-84.49611,35.05985],[-84.49552,35.05911],[-84.4944,35.05967],[-84.49346,35.05983],[-84.49292,35.0602],[-84.49372,35.06716],[-84.49374,35.06704],[-84.48696,35.07645],[-84.48749,35.07643],[-84.4879,35.07673],[-84.48795,35.0769],[-84.48917,35.07726],[-84.48977,35.07715],[-84.48995,35.07682],[-84.49003,35.07695],[-84.49024,35.07672],[-84.49025,35.077],[-84.49053,35.07662],[-84.4904,35.07643],[-84.4909,35.0761],[-84.49155,35.0754],[-84.49212,35.07513],[-84.49311,35.07498],[-84.49263,35.07483],[-84.49187,35.07373],[-84.49212,35.073],[-84.49191,35.07269],[-84.4922,35.07229],[-84.49235,35.07064],[-84.49307,35.07004],[-84.49379,35.06887],[-84.49416,35.06865],[-84.49445,35.06809],[-84.49484,35.06783],[-84.49471,35.06748],[-84.49452,35.06732],[-84.49392,35.06712],[-84.49372,35.06716],[-84.48696,35.07645],[-84.48685,35.07636],[-84.48664,35.07644],[-84.48551,35.07606],[-84.4852,35.07615],[-84.48356,35.07482],[-84.48337,35.07512],[-84.48348,35.07537],[-84.48429,35.07585],[-84.4852,35.07615],[-84.48356,35.07482],[-84.48286,35.07476],[-84.48251,35.0749],[-84.48136,35.07606],[-84.48163,35.07619],[-84.48157,35.07628],[-84.4804,35.07735],[-84.47915,35.0783],[-84.47782,35.07859],[-84.47724,35.07812],[-84.47677,35.07815],[-84.476,35.07779],[-84.47574,35.07755],[-84.47442,35.07751],[-84.47432,35.07742],[-84.47442,35.07711],[-84.4748,35.07681],[-84.47489,35.07651],[-84.47529,35.07614],[-84.47533,35.07588],[-84.4751,35.07552],[-84.4732,35.07578],[-84.47285,35.0762],[-84.47221,35.07594],[-84.47178,35.07562],[-84.47173,35.07544],[-84.47186,35.07532],[-84.47171,35.07498],[-84.47173,35.07448],[-84.47158,35.0744],[-84.47075,35.07433],[-84.46959,35.07524],[-84.46917,35.0753],[-84.46864,35.07514],[-84.46669,35.07609],[-84.46623,35.07605],[-84.46587,35.07571],[-84.46521,35.07576],[-84.46505,35.07559],[-84.46448,35.07552],[-84.46427,35.07566],[-84.46385,35.077],[-84.46383,35.07749],[-84.46298,35.07811],[-84.46301,35.07839],[-84.46354,35.07887],[-84.46331,35.07948],[-84.46225,35.07974],[-84.46216,35.07986],[-84.46236,35.08014],[-84.44415,35.09878],[-84.44493,35.09812],[-84.44571,35.09706],[-84.44617,35.09482],[-84.4475,35.09353],[-84.44847,35.09238],[-84.44911,35.09215],[-84.45132,35.09165],[-84.45225,35.09043],[-84.45434,35.08894],[-84.45468,35.08859],[-84.45489,35.08809],[-84.45647,35.08639],[-84.45767,35.08596],[-84.45828,35.08557],[-84.45932,35.08536],[-84.45904,35.08484],[-84.45989,35.08479],[-84.46233,35.08533],[-84.46256,35.08514],[-84.46266,35.08453],[-84.46246,35.08378],[-84.46214,35.08327],[-84.46215,35.08298],[-84.46293,35.08152],[-84.46297,35.0812],[-84.46283,35.08051],[-84.46236,35.08014],[-84.44869,35.10143],[-84.44818,35.10068],[-84.44738,35.09997],[-84.44727,35.09964],[-84.44566,35.09933],[-84.44514,35.09891],[-84.44473,35.09896],[-84.44415,35.09878],[-84.44869,35.10143],[-84.44981,35.10124],[-84.45005,35.10142],[-84.45056,35.10154],[-84.45096,35.10154],[-84.45139,35.10138],[-84.45158,35.10162],[-84.45229,35.10174],[-84.45244,35.10211],[-84.45248,35.10275],[-84.45278,35.10307],[-84.45331,35.10315],[-84.45338,35.10339],[-84.45276,35.10426],[-84.45217,35.10606],[-84.45154,35.10607],[-84.45172,35.1073],[-84.4515,35.10773],[-84.46965,35.15877],[-84.46967,35.15922],[-84.46922,35.16035],[-84.46898,35.1608],[-84.46842,35.16124],[-84.46842,35.16197],[-84.46825,35.16205],[-84.46859,35.16248],[-84.46805,35.16236],[-84.4677,35.16194],[-84.46751,35.1615],[-84.46764,35.16106],[-84.46736,35.16114],[-84.46696,35.16148],[-84.46703,35.16192],[-84.46751,35.16245],[-84.46797,35.16277],[-84.46955,35.16329],[-84.47004,35.16368],[-84.47017,35.16426],[-84.46966,35.16595],[-84.46925,35.16634],[-84.46822,35.16666],[-84.46543,35.16595],[-84.46512,35.16604],[-84.46511,35.16631],[-84.46538,35.16658],[-84.46821,35.16799],[-84.47112,35.1683],[-84.47322,35.1691],[-84.47357,35.16938],[-84.47377,35.16973],[-84.47337,35.17023],[-84.47292,35.17051],[-84.4729,35.17077],[-84.47326,35.17115],[-84.47451,35.17184],[-84.47559,35.17212],[-84.47685,35.17219],[-84.47801,35.17246],[-84.47894,35.17254],[-84.48254,35.17405],[-84.48397,35.1743],[-84.48546,35.17486],[-84.48629,35.17574],[-84.48671,35.17638],[-84.48717,35.17671],[-84.4883,35.17709],[-84.48952,35.17729],[-84.49017,35.17761],[-84.49042,35.17802],[-84.49059,35.17888],[-84.49052,35.17913],[-84.49065,35.17925],[-84.49086,35.17904],[-84.49095,35.17857],[-84.49126,35.17814],[-84.49127,35.17928],[-84.4909,35.18019],[-84.49069,35.18039],[-84.49072,35.18062],[-84.49172,35.18099],[-84.49256,35.18095],[-84.49304,35.18117],[-84.49354,35.18189],[-84.49372,35.18257],[-84.49432,35.18342],[-84.49437,35.18388],[-84.4939,35.18481],[-84.49364,35.1859],[-84.49612,35.18701],[-84.49591,35.18702],[-84.49455,35.18617],[-84.49364,35.1859],[-84.49612,35.18701],[-84.4972,35.18709],[-84.49979,35.18683],[-84.50003,35.18705],[-84.50118,35.1873],[-84.50326,35.18853],[-84.50214,35.18764],[-84.50118,35.1873],[-84.50326,35.18853],[-84.50025,35.19121],[-84.49991,35.19056],[-84.49913,35.19016],[-84.49842,35.18998],[-84.49752,35.18992],[-84.49681,35.19002],[-84.49447,35.18941],[-84.49326,35.18924],[-84.49151,35.18953],[-84.46687,35.2009],[-84.46767,35.20082],[-84.46903,35.20028],[-84.46984,35.19975],[-84.47222,35.19852],[-84.47293,35.1976],[-84.47389,35.19586],[-84.47422,35.19495],[-84.47427,35.19427],[-84.47407,35.19293],[-84.47436,35.19233],[-84.47427,35.19186],[-84.47456,35.19098],[-84.47444,35.18999],[-84.47416,35.1896],[-84.47371,35.18817],[-84.47311,35.18711],[-84.47119,35.18531],[-84.47024,35.18466],[-84.46961,35.18403],[-84.46953,35.18326],[-84.4699,35.18289],[-84.47071,35.18262],[-84.47123,35.18256],[-84.47508,35.18279],[-84.47637,35.18306],[-84.47715,35.18344],[-84.47877,35.1838],[-84.4812,35.18464],[-84.48355,35.18509],[-84.48468,35.1855],[-84.48655,35.18557],[-84.48746,35.18571],[-84.48775,35.18591],[-84.48804,35.18635],[-84.48831,35.18721],[-84.48957,35.18851],[-84.49004,35.18923],[-84.49009,35.18948],[-84.49105,35.18926],[-84.49151,35.18953],[-84.46339,35.19812],[-84.46432,35.1992],[-84.46492,35.19972],[-84.4662,35.20071],[-84.46687,35.2009],[-84.46297,35.19776],[-84.46186,35.19799],[-84.46145,35.19833],[-84.46118,35.19841],[-84.46089,35.19841],[-84.46037,35.19814],[-84.45981,35.19806],[-84.45931,35.19833],[-84.45903,35.19826],[-84.45877,35.19837],[-84.45849,35.19834],[-84.4583,35.19809],[-84.45799,35.19802],[-84.45783,35.19784],[-84.457,35.19758],[-84.45569,35.19692],[-84.45485,35.19623],[-84.45375,35.1958],[-84.45334,35.19546],[-84.45013,35.1958],[-84.44984,35.19597],[-84.44848,35.19613],[-84.44799,35.19634],[-84.44736,35.19614],[-84.44688,35.19614],[-84.44585,35.1958],[-84.4448,35.19569],[-84.44428,35.19523],[-84.44459,35.19535],[-84.44552,35.19526],[-84.44594,35.19487],[-84.44515,35.19504],[-84.44461,35.19434],[-84.44437,35.19374],[-84.44424,35.19361],[-84.44382,35.19365],[-84.44341,35.19293],[-84.44209,35.19313],[-84.44069,35.1931],[-84.44041,35.19295],[-84.44063,35.19247],[-84.44017,35.19166],[-84.44064,35.19144],[-84.44056,35.19134],[-84.43994,35.19146],[-84.43915,35.19132],[-84.43888,35.19164],[-84.43841,35.19175],[-84.43793,35.19254],[-84.4375,35.19273],[-84.43678,35.19234],[-84.43633,35.19244],[-84.43606,35.19279],[-84.43564,35.19306],[-84.4351,35.19324],[-84.43474,35.19409],[-84.43479,35.19444],[-84.43525,35.19432],[-84.43566,35.19457],[-84.43635,35.1943],[-84.4359,35.19481],[-84.43474,35.19552],[-84.43399,35.19567],[-84.4326,35.19509],[-84.43227,35.19479],[-84.43217,35.19448],[-84.43209,35.194],[-84.43242,35.19277],[-84.43317,35.19096],[-84.43274,35.19105],[-84.43222,35.19079],[-84.43138,35.19075],[-84.42971,35.19038],[-84.42963,35.19013],[-84.4293,35.19006],[-84.42625,35.18808],[-84.42544,35.18789],[-84.42401,35.18797],[-84.42291,35.1875],[-84.42236,35.18747],[-84.42218,35.18728],[-84.42083,35.18667],[-84.42024,35.18659],[-84.41955,35.18701],[-84.41908,35.18609],[-84.41824,35.18598],[-84.41801,35.18583],[-84.4172,35.18595],[-84.41719,35.18525],[-84.41692,35.18496],[-84.41666,35.18493],[-84.41649,35.18469],[-84.41621,35.18464],[-84.41544,35.18389],[-84.41514,35.18374],[-84.41486,35.18324],[-84.41434,35.18285],[-84.41371,35.18206],[-84.41287,35.18191],[-84.4112,35.18187],[-84.41068,35.18214],[-84.41014,35.18221],[-84.4093,35.18221],[-84.40869,35.18206],[-84.40825,35.18244],[-84.40708,35.18237],[-84.40589,35.18305],[-84.40529,35.18317],[-84.40515,35.18293],[-84.40233,35.18293],[-84.40044,35.1832],[-84.39986,35.18301],[-84.39962,35.18319],[-84.39894,35.18247],[-84.39746,35.1821],[-84.39696,35.18183],[-84.39604,35.18164],[-84.39515,35.1806],[-84.39491,35.18014],[-84.39444,35.17985],[-84.39415,35.17985],[-84.39337,35.17939],[-84.39241,35.17904],[-84.39209,35.17904],[-84.39154,35.17917],[-84.39089,35.17965],[-84.39033,35.17966],[-84.39033,35.17919],[-84.39061,35.17851],[-84.39079,35.1776],[-84.39113,35.17719],[-84.39113,35.17695],[-84.39248,35.17645],[-84.3927,35.17615],[-84.39265,35.17607],[-84.39174,35.17622],[-84.39037,35.176],[-84.38952,35.17623],[-84.38844,35.17669],[-84.38703,35.17703],[-84.38653,35.17729],[-84.38561,35.1783],[-84.38547,35.17852],[-84.38547,35.17898],[-84.38528,35.17917],[-84.38472,35.1792],[-84.38416,35.17901],[-84.38395,35.17916],[-84.38393,35.18008],[-84.38381,35.18035],[-84.38353,35.1805],[-84.38297,35.18053],[-84.38274,35.18068],[-84.38246,35.1807],[-84.38194,35.18046],[-84.38167,35.1805],[-84.38099,35.181],[-84.38046,35.18119],[-84.38014,35.18159],[-84.37876,35.18194],[-84.37866,35.18239],[-84.37807,35.18326],[-84.37692,35.18348],[-84.37626,35.18393],[-84.37536,35.18648],[-84.37539,35.18696],[-84.37558,35.18716],[-84.37561,35.18744],[-84.37518,35.18806],[-84.37442,35.18874],[-84.37146,35.19],[-84.37056,35.19006],[-84.36766,35.18979],[-84.36687,35.18922],[-84.36652,35.18882],[-84.36544,35.1884],[-84.36316,35.18835],[-84.36207,35.18858],[-84.36071,35.18843],[-84.35981,35.1887],[-84.35895,35.18878],[-84.35804,35.18863],[-84.35633,35.18865],[-84.35547,35.18929],[-84.35411,35.18988],[-84.35312,35.19078],[-84.35258,35.19084],[-84.35177,35.19186],[-84.35174,35.19209],[-84.35095,35.19281],[-84.34842,35.19347],[-84.34752,35.19396],[-84.347,35.19324],[-84.3467,35.19308],[-84.34562,35.19292],[-84.34529,35.19302],[-84.34456,35.19379],[-84.34356,35.19433],[-84.34207,35.19585],[-84.34072,35.19646],[-84.33959,35.19676],[-84.33882,35.19726],[-84.33825,35.1974],[-84.3374,35.1974],[-84.33483,35.19939],[-84.33435,35.19998],[-84.33355,35.20037],[-84.33282,35.20114],[-84.33222,35.20119],[-84.33082,35.20089],[-84.33004,35.20088],[-84.32895,35.20133],[-84.32885,35.20155],[-84.28999,35.2253],[-84.29049,35.22584],[-84.29102,35.22587],[-84.2913,35.226],[-84.29161,35.22551],[-84.29269,35.22476],[-84.29425,35.22437],[-84.2947,35.22439],[-84.29531,35.22461],[-84.29575,35.224],[-84.29778,35.22306],[-84.29899,35.22283],[-84.29968,35.22293],[-84.30051,35.2233],[-84.30149,35.22336],[-84.30182,35.22322],[-84.30288,35.22223],[-84.30493,35.22164],[-84.30575,35.22162],[-84.30604,35.22149],[-84.3073,35.22017],[-84.30834,35.21999],[-84.30888,35.21974],[-84.30988,35.21873],[-84.31042,35.21854],[-84.31079,35.21809],[-84.3113,35.21784],[-84.31203,35.21726],[-84.31219,35.21684],[-84.31178,35.21626],[-84.31175,35.21605],[-84.31184,35.21557],[-84.31207,35.21522],[-84.31389,35.21442],[-84.3153,35.21364],[-84.31579,35.21316],[-84.31673,35.21258],[-84.31714,35.21176],[-84.31645,35.21103],[-84.31656,35.21017],[-84.31741,35.20954],[-84.31901,35.20886],[-84.31905,35.20802],[-84.3194,35.20748],[-84.31984,35.20725],[-84.32194,35.20708],[-84.32389,35.20624],[-84.32432,35.20593],[-84.32579,35.20401],[-84.32673,35.20346],[-84.32729,35.20329],[-84.32752,35.20289],[-84.32779,35.20288],[-84.328,35.20241],[-84.32827,35.20231],[-84.32857,35.20202],[-84.32885,35.20155],[-84.28999,35.2253],[-84.28905,35.22465],[-84.28848,35.22446],[-84.28764,35.22457],[-84.28755,35.22477],[-84.28762,35.22496],[-84.28827,35.2256],[-84.2882,35.22594],[-84.28717,35.22617],[-84.28692,35.22668],[-84.28626,35.22747],[-84.28571,35.22751],[-84.28555,35.22727],[-84.28501,35.22709],[-84.28446,35.22713],[-84.28393,35.22694],[-84.28338,35.22705],[-84.28326,35.22728],[-84.28354,35.22771],[-84.28349,35.22794],[-84.28297,35.22812],[-84.28212,35.22824],[-84.28178,35.2285],[-84.28131,35.22911],[-84.28103,35.22918],[-84.27985,35.22996],[-84.27916,35.23071],[-84.27787,35.23144],[-84.27769,35.23162],[-84.27753,35.23229],[-84.27724,35.23277],[-84.27635,35.23342],[-84.27572,35.23421],[-84.27524,35.23453],[-84.27496,35.23456],[-84.27414,35.23425],[-84.27359,35.23422],[-84.2722,35.23474],[-84.27099,35.23552],[-84.27016,35.2362],[-84.26957,35.23704],[-84.26877,35.23776],[-84.26799,35.23813],[-84.26659,35.23849],[-84.26558,35.23936],[-84.2654,35.23982],[-84.26349,35.24046],[-84.26247,35.24095],[-84.26191,35.24112],[-84.26025,35.24081],[-84.2597,35.241],[-84.25858,35.24104],[-84.2583,35.24093],[-84.25849,35.24142],[-84.25844,35.24234],[-84.25867,35.24275],[-84.25844,35.24291],[-84.25826,35.24336],[-84.25822,35.24382],[-84.25771,35.24446],[-84.25761,35.24497],[-84.25766,35.24519],[-84.25789,35.24534],[-84.25785,35.24558],[-84.25841,35.24577],[-84.25868,35.24573],[-84.25886,35.24592],[-84.25886,35.24637],[-84.25813,35.24679],[-84.25733,35.24755],[-84.25719,35.24782],[-84.25724,35.24805],[-84.25701,35.24851],[-84.25673,35.24858],[-84.25599,35.24939],[-84.25549,35.25031],[-84.25492,35.25046],[-84.25449,35.25115],[-84.25426,35.25129],[-84.25352,35.2511],[-84.25327,35.25124],[-84.25299,35.25165],[-84.25273,35.25171],[-84.25226,35.2514],[-84.25194,35.25141],[-84.25173,35.25156],[-84.25156,35.25197],[-84.25132,35.25213],[-84.25074,35.25189],[-84.25014,35.25195],[-84.24953,35.25141],[-84.24924,35.25131],[-84.24903,35.25146],[-84.24843,35.25157],[-84.2483,35.25177],[-84.24804,35.25187],[-84.24775,35.25184],[-84.24696,35.25216],[-84.24654,35.25247],[-84.24638,35.25272],[-84.24607,35.25279],[-84.24561,35.25308],[-84.24503,35.25367],[-84.24432,35.25411],[-84.24418,35.25438],[-84.24385,35.25442],[-84.24339,35.25503],[-84.24311,35.2551],[-84.24256,35.25495],[-84.24146,35.25514],[-84.24089,35.25495],[-84.24029,35.25502],[-84.23992,35.25599],[-84.23941,35.25689],[-84.23766,35.25862],[-84.23695,35.25906],[-84.23613,35.26009],[-84.23422,35.26204],[-84.23344,35.26246],[-84.23261,35.26409],[-84.23093,35.26478],[-84.22914,35.26593],[-84.22858,35.26707],[-84.22743,35.26787],[-84.22352,35.26902],[-84.22237,35.27016],[-84.2221,35.27027],[-84.22059,35.27153],[-84.22047,35.27085],[-84.22053,35.27055],[-84.22108,35.26972],[-84.22127,35.26924],[-84.22127,35.26833],[-84.22098,35.2679],[-84.2202,35.26764],[-84.21848,35.26829],[-84.21796,35.26856],[-84.2176,35.26893],[-84.21707,35.26893],[-84.21682,35.26879],[-84.21627,35.2679],[-84.21566,35.26774],[-84.21548,35.26755],[-84.21539,35.26658],[-84.21514,35.26632],[-84.21376,35.26594],[-84.21209,35.26589],[-84.21155,35.2657],[-84.21099,35.26512],[-84.2108,35.26466],[-84.2102,35.26409],[-84.20992,35.26314],[-84.20927,35.2623],[-84.20928,35.26161],[-84.20861,35.26107],[-84.20834,35.26105],[-84.20834,35.26034],[-84.20802,35.26029],[-84.20728,35.25985],[-84.2069,35.25983],[-84.20664,35.25966],[-84.20576,35.25953],[-84.20551,35.25964],[-84.20466,35.25955],[-84.20444,35.25914],[-84.20452,35.25886],[-84.205,35.25869],[-84.20523,35.25827],[-84.20506,35.2575],[-84.20348,35.25616],[-84.20288,35.25502],[-84.20265,35.25358],[-84.20242,35.25335],[-84.20228,35.25285],[-84.20237,35.2524],[-84.20275,35.25194],[-84.20289,35.25148],[-84.20251,35.25079],[-84.20191,35.25022],[-84.20159,35.25019],[-84.20159,35.24996],[-84.2014,35.24977],[-84.20131,35.24908],[-84.20155,35.24816],[-84.20136,35.24726],[-84.2008,35.24636],[-84.2007,35.2459],[-84.19973,35.24435],[-84.19918,35.24375],[-84.19891,35.24367],[-84.19861,35.24368],[-84.19807,35.2439],[-84.19765,35.24424],[-84.19709,35.24435],[-84.19459,35.24451],[-84.19417,35.24487],[-84.19361,35.24493],[-84.19277,35.24462],[-84.19246,35.2442],[-84.19205,35.24304],[-84.19118,35.24197],[-84.19051,35.24157],[-84.19071,35.24134],[-84.19076,35.24088],[-84.19047,35.23947],[-84.19001,35.23883],[-84.19006,35.23723],[-84.18988,35.23704],[-84.18936,35.23796],[-84.18928,35.23841],[-84.18872,35.23955],[-84.18821,35.24023],[-84.18796,35.24035],[-84.18602,35.24001],[-84.18351,35.24008],[-84.18139,35.24035],[-84.17938,35.24046],[-84.17853,35.24081],[-84.1782,35.24111],[-84.17803,35.24146],[-84.17724,35.2422],[-84.17564,35.24286],[-84.17525,35.24322],[-84.17463,35.24345],[-84.17352,35.24425],[-84.1721,35.24462],[-84.17164,35.24493],[-84.17135,35.24496],[-84.1707,35.24546],[-84.17038,35.24615],[-84.17002,35.24653],[-84.16946,35.24653],[-84.16903,35.24606],[-84.1682,35.24553],[-84.16733,35.24531],[-84.16667,35.24527],[-84.16608,35.24496],[-84.16538,35.24485],[-84.16395,35.24435],[-84.16335,35.24401],[-84.16196,35.24367],[-84.16172,35.24351],[-84.1614,35.24351],[-84.16089,35.24378],[-84.1601,35.24455],[-84.1595,35.2452],[-84.15941,35.24565],[-84.15919,35.24581],[-84.15746,35.24592],[-84.15548,35.24653],[-84.15403,35.24652],[-84.15312,35.24611],[-84.15214,35.24603],[-84.15127,35.24626],[-84.1491,35.24614],[-84.14885,35.24622],[-84.14845,35.24668],[-84.14752,35.24688],[-84.14668,35.24687],[-84.1452,35.24664],[-84.14386,35.24679],[-84.14262,35.24671],[-84.13936,35.24619],[-84.13812,35.24572],[-84.13775,35.24553],[-84.13737,35.24511],[-84.13528,35.24405],[-84.13497,35.24359],[-84.13343,35.24256],[-84.1333,35.24233],[-84.13284,35.24202],[-84.13223,35.24202],[-84.13173,35.24234],[-84.13136,35.24241],[-84.13085,35.24211],[-84.12839,35.24142],[-84.12718,35.24087],[-84.12657,35.24096],[-84.12566,35.24157],[-84.12548,35.24213],[-84.12548,35.24237],[-84.12594,35.24276],[-84.12608,35.24306],[-84.12937,35.24454],[-84.1298,35.24443],[-84.1314,35.24503],[-84.13228,35.2448],[-84.13338,35.24481],[-84.13477,35.24512],[-84.13532,35.2457],[-84.13642,35.24652],[-84.13705,35.24745],[-84.13768,35.24797],[-84.13906,35.24827],[-84.14454,35.25053],[-84.14514,35.2511],[-84.14564,35.25133],[-84.14597,35.25174],[-84.14709,35.25174],[-84.14782,35.2522],[-84.14809,35.25225],[-84.14866,35.25213],[-84.1489,35.25231],[-84.14903,35.25324],[-84.14958,35.25338],[-84.15014,35.25331],[-84.15041,35.25346],[-84.15093,35.25433],[-84.15111,35.25571],[-84.15083,35.25639],[-84.15037,35.25673],[-84.15028,35.25696],[-84.14788,35.25875],[-84.14528,35.25986],[-84.14467,35.26074],[-84.14338,35.26173],[-84.14305,35.26216],[-84.14108,35.26281],[-84.14068,35.26315],[-84.1401,35.26475],[-84.13957,35.26502],[-84.13926,35.26547],[-84.13911,35.26615],[-84.13917,35.26706],[-84.1394,35.26753],[-84.13958,35.26889],[-84.13949,35.26957],[-84.13916,35.27],[-84.13903,35.27045],[-84.13922,35.27092],[-84.13922,35.2714],[-84.13783,35.2708],[-84.135,35.27023],[-84.13506,35.27001],[-84.13488,35.26982],[-84.13432,35.26992],[-84.13265,35.26973],[-84.13229,35.26932],[-84.13215,35.26767],[-84.13191,35.267],[-84.13172,35.26676],[-84.13145,35.26665],[-84.13126,35.26619],[-84.13066,35.26535],[-84.13001,35.26486],[-84.12992,35.26459],[-84.12913,35.26421],[-84.12871,35.26386],[-84.12816,35.26409],[-84.12791,35.26394],[-84.12625,35.26421],[-84.12574,35.26448],[-84.12566,35.26472],[-84.12488,35.26505],[-84.12321,35.26519],[-84.12213,35.2657],[-84.12131,35.26592],[-84.12112,35.26573],[-84.12131,35.26551],[-84.12158,35.26539],[-84.12242,35.26467],[-84.1221,35.26425],[-84.12135,35.26383],[-84.12052,35.26372],[-84.11996,35.26386],[-84.11978,35.26405],[-84.12062,35.26402],[-84.12084,35.26417],[-84.12099,35.26444],[-84.12047,35.26506],[-84.11997,35.26532],[-84.11908,35.26513],[-84.11895,35.26559],[-84.11877,35.26577],[-84.11824,35.26597],[-84.1176,35.26704],[-84.11677,35.26737],[-84.11648,35.26737],[-84.11604,35.26767],[-84.11571,35.26775],[-84.11543,35.26764],[-84.11459,35.26783],[-84.11436,35.2683],[-84.11451,35.27049],[-84.11438,35.27142],[-84.1151,35.27314],[-84.11612,35.27439],[-84.11626,35.27507],[-84.11626,35.27578],[-84.11604,35.2762],[-84.11605,35.27646],[-84.11581,35.27713],[-84.11384,35.27728],[-84.11355,35.2774],[-84.11315,35.27774],[-84.11307,35.27799],[-84.11129,35.27893],[-84.10973,35.28006],[-84.10925,35.28028],[-84.10895,35.28033],[-84.10844,35.2801],[-84.10787,35.2801],[-84.10724,35.28048],[-84.10729,35.28002],[-84.10749,35.27988],[-84.10695,35.27984],[-84.10673,35.27967],[-84.10636,35.28006],[-84.1063,35.28029],[-84.10602,35.28042],[-84.10567,35.28077],[-84.10572,35.28125],[-84.10501,35.28238],[-84.10473,35.28247],[-84.10386,35.28316],[-84.10268,35.28383],[-84.10275,35.28339],[-84.10177,35.28395],[-84.10016,35.28452],[-84.10014,35.28429],[-84.09986,35.28434],[-84.09927,35.28491],[-84.09872,35.2851],[-84.09817,35.28501],[-84.09765,35.28529],[-84.09778,35.28483],[-84.09751,35.28479],[-84.09733,35.28498],[-84.09649,35.28506],[-84.0962,35.28521],[-84.09594,35.28513],[-84.09552,35.28547],[-84.09496,35.28563],[-84.09493,35.28585],[-84.09436,35.28646],[-84.0943,35.28699],[-84.09462,35.28734],[-84.09532,35.28753],[-84.09571,35.28796],[-84.09281,35.28836],[-84.09091,35.28841],[-84.09032,35.28861],[-84.08924,35.28946],[-84.0867,35.29022],[-84.08468,35.29125],[-84.08371,35.29216],[-84.0824,35.2928],[-84.081,35.2939],[-84.07991,35.29543],[-84.07947,35.29587],[-84.07835,35.29633],[-84.0776,35.29649],[-84.07609,35.29656],[-84.07469,35.2969],[-84.0733,35.29676],[-84.07176,35.29701],[-84.06964,35.29784],[-84.06917,35.2983],[-84.06836,35.29859],[-84.06649,35.29866],[-84.06646,35.29885],[-84.06696,35.29898],[-84.06766,35.29889],[-84.07037,35.29926],[-84.07095,35.29965],[-84.07288,35.30001],[-84.07285,35.3002],[-84.07235,35.30036],[-84.07059,35.30024],[-84.06791,35.30045],[-84.06626,35.30116],[-84.06596,35.30164],[-84.06559,35.30173],[-84.06423,35.30173],[-84.06345,35.30111],[-84.06333,35.30084],[-84.06294,35.30054],[-84.06241,35.30061],[-84.06174,35.30086],[-84.06085,35.30088],[-84.05973,35.30127],[-84.05825,35.30097],[-84.05708,35.301],[-84.05688,35.30088],[-84.057,35.30026],[-84.05658,35.29967],[-84.05644,35.29889],[-84.0558,35.29841],[-84.05543,35.29832],[-84.05415,35.29855],[-84.05217,35.29857],[-84.05111,35.29894],[-84.04963,35.29887],[-84.04834,35.29946],[-84.04661,35.29919],[-84.04614,35.29873],[-84.04511,35.29864],[-84.04447,35.29834],[-84.04421,35.29841],[-84.04424,35.29859],[-84.04449,35.29877],[-84.04569,35.29914],[-84.04614,35.29942],[-84.04625,35.29999],[-84.04645,35.30015],[-84.04692,35.30026],[-84.04703,35.30038],[-84.04706,35.30072],[-84.04731,35.30095],[-84.0477,35.30106],[-84.04929,35.30083],[-84.05002,35.301],[-84.05066,35.30097],[-84.05116,35.30116],[-84.05209,35.30109],[-84.05231,35.30125],[-84.05225,35.30145],[-84.05181,35.30182],[-84.05033,35.30235],[-84.05021,35.30328],[-84.04977,35.30383],[-84.04985,35.30472],[-84.04857,35.30573],[-84.04723,35.30747],[-84.04633,35.30825],[-84.04631,35.30864],[-84.04658,35.30893],[-84.04896,35.30953],[-84.05139,35.3098],[-84.03674,35.3099],[-84.03756,35.30906],[-84.03888,35.30816],[-84.04036,35.30776],[-84.04124,35.30859],[-84.04169,35.30961],[-84.04275,35.31094],[-84.04434,35.31197],[-84.04649,35.31243],[-84.04688,35.31235],[-84.04835,35.31158],[-84.05178,35.31106],[-84.05425,35.31018],[-84.05419,35.31002],[-84.05396,35.30996],[-84.0529,35.31001],[-84.0516,35.3099],[-84.05139,35.3098],[-84.03283,35.32469],[-84.03561,35.32445],[-84.03601,35.32422],[-84.03694,35.3234],[-84.03839,35.32293],[-84.03867,35.32272],[-84.03852,35.3226],[-84.03763,35.32263],[-84.03726,35.32252],[-84.03687,35.3219],[-84.03579,35.32081],[-84.03552,35.32032],[-84.03541,35.31882],[-84.03549,35.31855],[-84.03771,35.31629],[-84.038,35.31576],[-84.0382,35.31492],[-84.03814,35.31393],[-84.03786,35.31342],[-84.03724,35.31295],[-84.03543,35.31227],[-84.03628,35.3103],[-84.03677,35.30993],[-84.03283,35.32469],[-84.03282,35.32583],[-84.03258,35.32598],[-84.03248,35.3264],[-84.03217,35.32687],[-84.03001,35.32763],[-84.02945,35.3282],[-84.0291,35.32836],[-84.02742,35.32861],[-84.02688,35.32909],[-84.0264,35.33007],[-84.02687,35.3308],[-84.02749,35.33246],[-84.02688,35.33335],[-84.02681,35.33397],[-84.02692,35.3343],[-84.02683,35.33476],[-84.02692,35.3353],[-84.02632,35.33566],[-84.02599,35.3362],[-84.02555,35.33665],[-84.02569,35.33679],[-84.02625,35.33668],[-84.02679,35.33646],[-84.02758,35.33589],[-84.02828,35.33592],[-84.02899,35.33568],[-84.02937,35.33537],[-84.02995,35.3353],[-84.03071,35.33556],[-84.03141,35.33549],[-84.03149,35.33583],[-84.03174,35.33593],[-84.03199,35.33639],[-84.03245,35.33658],[-84.03309,35.33658],[-84.03313,35.33672],[-84.03273,35.33722],[-84.03282,35.3374],[-84.03447,35.33734],[-84.03501,35.33758],[-84.0353,35.33839],[-84.03614,35.33952],[-84.03602,35.34092],[-84.03581,35.34122],[-84.03467,35.34207],[-84.03414,35.34265],[-84.034,35.343],[-84.03367,35.34322],[-84.03409,35.34324],[-84.03391,35.34355],[-84.03433,35.34359],[-84.03426,35.34382],[-84.03495,35.34413],[-84.03534,35.34454],[-84.0353,35.34491],[-84.03569,35.34556],[-84.03596,35.34639],[-84.03684,35.34733],[-84.03779,35.3488],[-84.03801,35.34888],[-84.03798,35.34946],[-84.03755,35.3501],[-84.03774,35.35089],[-84.03662,35.35105],[-84.03542,35.35088],[-84.03442,35.35112],[-84.03334,35.35169],[-84.03211,35.35286],[-84.02983,35.35337],[-84.02887,35.3537],[-84.02724,35.35354],[-84.02586,35.3539],[-84.02442,35.35396],[-84.02301,35.35356],[-84.02242,35.35357],[-84.02224,35.35386],[-84.02258,35.35442],[-84.02253,35.35523],[-84.02204,35.35581],[-84.02117,35.35607],[-84.02029,35.35655],[-84.01895,35.35634],[-84.01847,35.35646],[-84.0185,35.35683],[-84.01912,35.3573],[-84.01932,35.35764],[-84.0193,35.35789],[-84.01874,35.35881],[-84.01905,35.3593],[-84.01911,35.3598],[-84.01841,35.36049],[-84.01684,35.36251],[-84.01589,35.36355],[-84.01527,35.36458],[-84.01425,35.36566],[-84.01341,35.36623],[-84.01261,35.36702],[-84.01076,35.36851],[-84.01055,35.36892],[-84.01046,35.36974],[-84.01003,35.37021],[-84.00971,35.37033],[-84.0096,35.37076],[-84.0088,35.37125],[-84.00865,35.37186],[-84.00819,35.37225],[-84.00661,35.37239],[-84.00497,35.37271],[-84.0044,35.37253],[-84.00346,35.37194],[-84.00248,35.37157],[-84.00204,35.37119],[-84.00103,35.37093],[-84.00041,35.37125],[-84.00004,35.37125],[-83.99851,35.37179],[-83.99748,35.37202],[-83.9967,35.37232],[-83.99637,35.37258],[-83.99558,35.37273],[-83.99495,35.37303],[-83.99401,35.37307],[-83.99226,35.37365],[-83.99167,35.37371],[-83.99066,35.37419],[-83.98929,35.37517],[-83.98902,35.37525],[-83.98878,35.37551],[-83.98875,35.37577],[-83.98829,35.37599],[-83.98818,35.37621],[-83.98683,35.3774],[-83.98683,35.37793],[-83.98651,35.37852],[-83.98591,35.37918],[-83.98547,35.3794],[-83.98522,35.37987],[-83.98468,35.38034],[-83.98433,35.38058],[-83.9832,35.38064],[-83.98288,35.38117],[-83.98206,35.38161],[-83.98164,35.38217],[-83.98113,35.38249],[-83.98012,35.3828],[-83.97838,35.38389],[-83.9779,35.38431],[-83.97758,35.38443],[-83.9766,35.38437],[-83.97562,35.38484],[-83.97506,35.38538],[-83.97443,35.38563],[-83.97304,35.38559],[-83.972,35.38578],[-83.97069,35.38544],[-83.9702,35.38551],[-83.96933,35.38592],[-83.9692,35.38678],[-83.96904,35.38695],[-83.96873,35.38777],[-83.96936,35.38746],[-83.9692,35.38808],[-83.96925,35.38905],[-83.96907,35.38967],[-83.96922,35.38989],[-83.96961,35.39001],[-83.96969,35.39013],[-83.97026,35.39018],[-83.9699,35.39031],[-83.96955,35.39069],[-83.96948,35.3912],[-83.96967,35.39123],[-83.96977,35.39144],[-83.97,35.39237],[-83.97089,35.39261],[-83.97176,35.39303],[-83.97206,35.39327],[-83.97229,35.39393],[-83.97272,35.39422],[-83.97275,35.39435],[-83.9727,35.39455],[-83.97232,35.39486],[-83.97199,35.39561],[-83.97132,35.39572],[-83.97075,35.39559],[-83.97018,35.39596],[-83.96999,35.39626],[-83.96982,35.39704],[-83.9696,35.39751],[-83.96969,35.39784],[-83.96963,35.39847],[-83.97019,35.39959],[-83.97036,35.40058],[-83.97122,35.40123],[-83.97148,35.40185],[-83.97241,35.40241],[-83.9728,35.40318],[-83.97311,35.40444],[-83.97388,35.40518],[-83.97449,35.4061],[-83.97448,35.40662],[-83.9742,35.40698],[-83.97393,35.40768],[-83.97401,35.40998],[-83.97438,35.41096],[-83.97441,35.41147],[-83.97471,35.4121],[-83.97586,35.4132],[-83.97549,35.4135],[-83.97505,35.41347],[-83.97448,35.41376],[-83.97375,35.4153],[-83.97297,35.41624],[-83.9725,35.41647],[-83.97258,35.4167],[-83.97243,35.4169],[-83.97253,35.41729],[-83.99139,35.42619],[-83.9912,35.42583],[-83.99083,35.42553],[-83.99106,35.42475],[-83.99056,35.42454],[-83.99011,35.42407],[-83.98947,35.42389],[-83.98906,35.42356],[-83.98869,35.42306],[-83.9884,35.42289],[-83.98796,35.42287],[-83.98641,35.42313],[-83.98584,35.42297],[-83.98571,35.42253],[-83.98508,35.42272],[-83.98439,35.42275],[-83.98348,35.42256],[-83.9829,35.4223],[-83.98097,35.42292],[-83.97967,35.42291],[-83.97921,35.42278],[-83.97829,35.42212],[-83.97736,35.4207],[-83.97688,35.42042],[-83.97606,35.4204],[-83.97538,35.41986],[-83.97455,35.41944],[-83.97356,35.41804],[-83.97275,35.41742],[-83.98123,35.43128],[-83.98191,35.43069],[-83.98222,35.43091],[-83.98253,35.43088],[-83.9835,35.43069],[-83.98407,35.4304],[-83.98483,35.42979],[-83.98541,35.42881],[-83.98666,35.42789],[-83.98812,35.42783],[-83.98846,35.42794],[-83.98909,35.42839],[-83.9894,35.4281],[-83.98964,35.42805],[-83.9899,35.42812],[-83.99013,35.42836],[-83.99036,35.42799],[-83.9907,35.42773],[-83.99132,35.42651],[-83.99139,35.42619],[-83.98123,35.43128],[-83.97949,35.43178],[-83.9792,35.43229],[-83.9786,35.432],[-83.97829,35.43197],[-83.97817,35.43263],[-83.97723,35.43316],[-83.97675,35.43394],[-83.97597,35.43459],[-83.97536,35.43489],[-83.97523,35.43514],[-83.97412,35.436],[-83.97394,35.4364],[-83.97335,35.43679],[-83.9729,35.43741],[-83.97186,35.43797],[-83.97136,35.43884],[-83.97053,35.4391],[-83.97014,35.43906],[-83.97023,35.43975],[-83.9697,35.44005],[-83.96954,35.44047],[-83.96906,35.44043],[-83.9688,35.4406],[-83.96765,35.4422],[-83.96698,35.4425],[-83.96684,35.44354],[-83.96646,35.44475],[-83.96625,35.44496],[-83.966,35.44491],[-83.96586,35.44512],[-83.9655,35.44518],[-83.9654,35.44546],[-83.96466,35.44643],[-83.96506,35.44609],[-83.96527,35.44551],[-83.9654,35.44546],[-83.9643,35.44629],[-83.96466,35.44643],[-83.94647,35.44409],[-83.94745,35.44395],[-83.94814,35.44407],[-83.94875,35.44404],[-83.95018,35.44425],[-83.95125,35.44454],[-83.95256,35.44464],[-83.95294,35.44487],[-83.95327,35.44472],[-83.95478,35.44451],[-83.95549,35.44426],[-83.95704,35.44459],[-83.95855,35.44453],[-83.95917,35.44475],[-83.95979,35.44529],[-83.96078,35.4465],[-83.9611,35.44664],[-83.96198,35.44643],[-83.9643,35.44629],[-83.94514,35.44353],[-83.9455,35.44372],[-83.94625,35.44364],[-83.94696,35.44374],[-83.94647,35.44409],[-83.94418,35.44346],[-83.94475,35.44335],[-83.94514,35.44353],[-83.94418,35.44346],[-83.94348,35.44366],[-83.94009,35.44364],[-83.93907,35.44343],[-83.93865,35.44346],[-83.93855,35.44361],[-83.93856,35.44414],[-83.93828,35.44458],[-83.93811,35.44467],[-83.93789,35.44418],[-83.93811,35.44467],[-83.93704,35.44311],[-83.93789,35.44418],[-83.93669,35.44319],[-83.93704,35.44311],[-83.93669,35.44319],[-83.93665,35.44311],[-83.91812,35.44075],[-83.91852,35.44038],[-83.9193,35.44],[-83.91997,35.44026],[-83.92058,35.44012],[-83.92145,35.44014],[-83.92217,35.43988],[-83.92249,35.43996],[-83.92313,35.43966],[-83.92329,35.4397],[-83.92344,35.44007],[-83.92437,35.44004],[-83.92555,35.44059],[-83.92612,35.44141],[-83.92698,35.44184],[-83.92783,35.44184],[-83.92915,35.44203],[-83.9313,35.44177],[-83.9323,35.44188],[-83.93398,35.44174],[-83.93495,35.44193],[-83.93543,35.44244],[-83.936,35.44255],[-83.93581,35.44278],[-83.93656,35.44283],[-83.93665,35.44311],[-83.91317,35.44109],[-83.91334,35.44084],[-83.91367,35.44072],[-83.91448,35.44062],[-83.91489,35.44071],[-83.91535,35.44054],[-83.91626,35.44079],[-83.91678,35.44118],[-83.91716,35.44125],[-83.9178,35.44104],[-83.91812,35.44075],[-83.9131,35.44114],[-83.89488,35.43977],[-83.89551,35.43991],[-83.89683,35.44065],[-83.89734,35.44116],[-83.89785,35.44134],[-83.89881,35.44119],[-83.89958,35.44127],[-83.90068,35.44083],[-83.9025,35.44071],[-83.90341,35.44127],[-83.90377,35.44184],[-83.9044,35.44213],[-83.90722,35.44185],[-83.9078,35.44165],[-83.90847,35.44118],[-83.90884,35.44105],[-83.91095,35.44128],[-83.91275,35.44126],[-83.9131,35.44114],[-83.89131,35.43632],[-83.89212,35.43658],[-83.89272,35.43701],[-83.89378,35.4372],[-83.89376,35.43733],[-83.89413,35.4373],[-83.8939,35.43767],[-83.89427,35.43764],[-83.89396,35.43813],[-83.89356,35.43838],[-83.89437,35.43851],[-83.89488,35.43977],[-83.87991,35.43572],[-83.88015,35.43616],[-83.88068,35.43622],[-83.88135,35.43604],[-83.88207,35.43607],[-83.88333,35.43555],[-83.88399,35.43553],[-83.88636,35.43616],[-83.88717,35.43615],[-83.88823,35.43585],[-83.88862,35.43563],[-83.88913,35.43563],[-83.8898,35.43599],[-83.89131,35.43632],[-83.87337,35.43323],[-83.87483,35.43319],[-83.8752,35.43336],[-83.87565,35.43331],[-83.8762,35.43356],[-83.87679,35.43358],[-83.87795,35.43392],[-83.87817,35.43406],[-83.87862,35.43475],[-83.87921,35.43504],[-83.87991,35.43572],[-83.86564,35.43107],[-83.86612,35.4312],[-83.8689,35.43271],[-83.86934,35.43269],[-83.86984,35.43285],[-83.87108,35.43296],[-83.87157,35.43329],[-83.87247,35.43332],[-83.87295,35.43317],[-83.87337,35.43323],[-83.86411,35.43015],[-83.86458,35.43004],[-83.86509,35.42977],[-83.8649,35.43037],[-83.86551,35.43084],[-83.86564,35.43107],[-83.83085,35.42307],[-83.8318,35.42264],[-83.83272,35.42241],[-83.83341,35.42236],[-83.8341,35.42261],[-83.83453,35.42258],[-83.83576,35.42288],[-83.83616,35.42286],[-83.83659,35.42309],[-83.83726,35.42307],[-83.83793,35.42329],[-83.83879,35.42396],[-83.84022,35.42552],[-83.84077,35.42583],[-83.84104,35.42696],[-83.84122,35.42722],[-83.84317,35.42778],[-83.84463,35.42904],[-83.84575,35.42917],[-83.84626,35.4291],[-83.84772,35.42842],[-83.84842,35.42866],[-83.84892,35.42863],[-83.8496,35.42893],[-83.85082,35.42855],[-83.85136,35.42877],[-83.85199,35.42882],[-83.85239,35.4293],[-83.85293,35.42956],[-83.85323,35.42992],[-83.85561,35.43036],[-83.85785,35.43046],[-83.85868,35.43065],[-83.85942,35.43038],[-83.86046,35.43042],[-83.86094,35.43056],[-83.86141,35.4304],[-83.86411,35.43015],[-83.83027,35.4232],[-83.83085,35.42307],[-83.82809,35.42329],[-83.83027,35.4232],[-83.8332,35.42669],[-83.83307,35.42643],[-83.83309,35.426],[-83.83341,35.42578],[-83.8332,35.42548],[-83.8335,35.42521],[-83.83349,35.425],[-83.83316,35.4247],[-83.83251,35.42446],[-83.83211,35.42443],[-83.83163,35.4246],[-83.83124,35.4245],[-83.8309,35.42455],[-83.8305,35.42431],[-83.83007,35.42432],[-83.82935,35.42382],[-83.82803,35.42335],[-83.82809,35.42329],[-83.83213,35.42817],[-83.83203,35.42774],[-83.83225,35.42752],[-83.8322,35.42734],[-83.8332,35.42669],[-83.83106,35.42807],[-83.83116,35.42821],[-83.8315,35.42818],[-83.83173,35.42786],[-83.83196,35.42827],[-83.8321,35.42828],[-83.83213,35.42817],[-83.82484,35.4293],[-83.82528,35.429],[-83.82591,35.42876],[-83.82676,35.42891],[-83.82734,35.42846],[-83.82774,35.42872],[-83.82798,35.42876],[-83.82816,35.42869],[-83.8285,35.42829],[-83.8289,35.42826],[-83.82925,35.42839],[-83.82949,35.42821],[-83.83011,35.42831],[-83.83032,35.42814],[-83.83062,35.42821],[-83.83085,35.42798],[-83.83106,35.42807],[-83.82469,35.42942],[-83.82484,35.4293],[-83.82409,35.43015],[-83.82362,35.43023],[-83.82357,35.43073],[-83.82344,35.43094],[-83.82293,35.43108],[-83.82308,35.43176],[-83.82284,35.43201],[-83.82244,35.43192],[-83.82216,35.43203],[-83.82186,35.4319],[-83.82148,35.43204],[-83.82108,35.43196],[-83.82052,35.43206],[-83.81642,35.43492],[-83.81663,35.43488],[-83.81718,35.43455],[-83.81725,35.43411],[-83.81835,35.43407],[-83.81864,35.43391],[-83.81883,35.43362],[-83.81947,35.43349],[-83.81958,35.43336],[-83.81872,35.43355],[-83.81842,35.43388],[-83.81789,35.43382],[-83.81832,35.43371],[-83.81854,35.43335],[-83.81922,35.43327],[-83.81933,35.43278],[-83.82005,35.43272],[-83.82035,35.43216],[-83.81642,35.43492],[-83.81629,35.43484],[-83.8159,35.43498],[-83.81506,35.43503],[-83.81465,35.43472],[-83.81432,35.43468],[-83.81381,35.43391],[-83.81346,35.43381],[-83.81305,35.43437],[-83.81305,35.43458],[-83.81275,35.43477],[-83.81264,35.43505],[-83.81181,35.43553],[-83.81203,35.43605],[-83.81144,35.43632],[-83.81113,35.43723],[-83.81078,35.43743],[-83.81022,35.43733],[-83.80952,35.43741],[-83.80902,35.43692],[-83.80904,35.43667],[-83.80875,35.43614],[-83.80803,35.43596],[-83.80849,35.43548],[-83.80816,35.43497],[-83.80766,35.43477],[-83.80725,35.43444],[-83.80636,35.43443],[-83.80486,35.43381],[-83.8043,35.43443],[-83.80351,35.43456],[-83.80336,35.43473],[-83.80343,35.43488],[-83.80336,35.43508],[-83.80449,35.43764],[-83.80439,35.43741],[-83.8044,35.43692],[-83.80466,35.43667],[-83.80428,35.43603],[-83.80394,35.43595],[-83.80377,35.43576],[-83.80337,35.43577],[-83.80332,35.43523],[-83.80336,35.43508],[-83.80458,35.43779],[-83.80449,35.43764],[-83.79366,35.43978],[-83.79419,35.43999],[-83.795,35.4401],[-83.79571,35.43993],[-83.79624,35.43998],[-83.79694,35.43961],[-83.79784,35.43871],[-83.79816,35.43857],[-83.79845,35.43865],[-83.79875,35.4391],[-83.79905,35.43929],[-83.79938,35.43932],[-83.79978,35.43914],[-83.80037,35.43932],[-83.80115,35.43883],[-83.80203,35.43915],[-83.80239,35.4388],[-83.80302,35.43882],[-83.80336,35.43847],[-83.80411,35.43837],[-83.80458,35.43779],[-83.79366,35.43978],[-83.7937,35.4403],[-83.79395,35.44066],[-83.79483,35.44098],[-83.7954,35.44105],[-83.7955,35.44123],[-83.79537,35.44141],[-83.79588,35.44167],[-83.79563,35.44162],[-83.79588,35.44167],[-83.7959,35.4419],[-83.7956,35.44197],[-83.79532,35.44185],[-83.79475,35.44209],[-83.79461,35.44239],[-83.79465,35.44272],[-83.79431,35.44314],[-83.79357,35.44324],[-83.79292,35.44305],[-83.79254,35.44306],[-83.79217,35.44324],[-83.79189,35.4438],[-83.79128,35.44401],[-83.79076,35.4444],[-83.79071,35.44464],[-83.79061,35.44423],[-83.7904,35.4442],[-83.79004,35.44479],[-83.7895,35.44479],[-83.78929,35.44504],[-83.78877,35.44495],[-83.78864,35.44545],[-83.78876,35.44584],[-83.78811,35.44586],[-83.78817,35.4461],[-83.78874,35.44636],[-83.78961,35.44645],[-83.78982,35.44638],[-83.79004,35.44592],[-83.7902,35.44594],[-83.79088,35.44673],[-83.79066,35.44703],[-83.79067,35.44726],[-83.7913,35.44747],[-83.79156,35.4478],[-83.79219,35.44815],[-83.79251,35.44814],[-83.79276,35.44799],[-83.7929,35.44773],[-83.79289,35.44744],[-83.79354,35.44766],[-83.79417,35.44768],[-83.79554,35.44815],[-83.79558,35.44825],[-83.79524,35.44841],[-83.79441,35.44833],[-83.79428,35.44839],[-83.79538,35.44884],[-83.79527,35.44883],[-83.7949,35.44854],[-83.7944,35.44843],[-83.79635,35.44902],[-83.79567,35.44871],[-83.79538,35.44884],[-83.79635,35.44902],[-83.79678,35.44951],[-83.79741,35.44979],[-83.79829,35.45044],[-83.79955,35.45064],[-83.80015,35.45155],[-83.8025,35.45271],[-83.80805,35.45251],[-83.80456,35.45266],[-83.80805,35.45251],[-83.80861,35.45296],[-83.80946,35.45394],[-83.81049,35.45457],[-83.81057,35.45477],[-83.81047,35.45505],[-83.809,35.45621],[-83.80873,35.45687],[-83.80889,35.45765],[-83.80932,35.45843],[-83.81102,35.46002],[-83.81105,35.46105],[-83.81089,35.46163],[-83.81064,35.46194],[-83.81025,35.46215],[-83.8094,35.4623],[-83.80779,35.46221],[-83.80733,35.46192],[-83.80727,35.46212],[-83.80632,35.46246],[-83.80518,35.46253],[-83.80517,35.46274],[-83.80567,35.46316],[-83.80537,35.46347],[-83.80526,35.46394],[-83.80496,35.46395],[-83.80448,35.46369],[-83.80397,35.46373],[-83.80372,35.46364],[-83.80319,35.46381],[-83.80286,35.46437],[-83.80288,35.46489],[-83.80307,35.46506],[-83.80282,35.46544],[-83.80261,35.46545],[-83.80234,35.46541],[-83.80208,35.46506],[-83.80157,35.46485],[-83.80151,35.46469],[-83.80113,35.46477],[-83.79989,35.46466],[-83.79964,35.46424],[-83.79949,35.46423],[-83.79918,35.46372],[-83.79873,35.46333],[-83.79854,35.46283],[-83.79813,35.46252],[-83.79818,35.46172],[-83.79765,35.46067],[-83.79723,35.46025],[-83.79641,35.45989],[-83.79572,35.45937],[-83.79544,35.45941],[-83.79478,35.45983],[-83.79436,35.46033],[-83.79429,35.46056],[-83.79441,35.46103],[-83.79404,35.46177],[-83.79321,35.46249],[-83.79325,35.46286],[-83.7944,35.46358],[-83.79427,35.46367],[-83.79371,35.46361],[-83.79313,35.46372],[-83.79325,35.46465],[-83.79296,35.46526],[-83.79267,35.46509],[-83.79266,35.46471],[-83.79252,35.46459],[-83.79172,35.46456],[-83.7916,35.46472],[-83.79148,35.46538],[-83.79127,35.4657],[-83.79141,35.46605],[-83.79169,35.46623],[-83.79211,35.46696],[-83.79183,35.4674],[-83.7918,35.46781],[-83.79191,35.46811],[-83.79217,35.46848],[-83.79255,35.46866],[-83.79253,35.46896],[-83.79263,35.46911],[-83.7931,35.46917],[-83.79339,35.46944],[-83.79329,35.46958],[-83.79238,35.46999],[-83.79251,35.4706],[-83.7915,35.47117],[-83.79159,35.47147],[-83.79193,35.47165],[-83.79201,35.47267],[-83.79307,35.47296],[-83.79305,35.4734],[-83.79271,35.47358],[-83.79261,35.47381],[-83.79264,35.47457],[-83.79253,35.47464],[-83.79223,35.47457],[-83.79171,35.47418],[-83.79106,35.47415],[-83.79083,35.47391],[-83.7897,35.47419],[-83.78967,35.47436],[-83.78998,35.47461],[-83.78992,35.47514],[-83.79016,35.47537],[-83.79116,35.47579],[-83.79033,35.47633],[-83.79028,35.47672],[-83.79011,35.47687],[-83.78962,35.47708],[-83.78919,35.47701],[-83.78862,35.47674],[-83.78812,35.47667],[-83.78807,35.47693],[-83.78829,35.47738],[-83.78814,35.47747],[-83.78658,35.47672],[-83.78604,35.47667],[-83.78579,35.47684],[-83.78591,35.47738],[-83.78583,35.47793],[-83.78454,35.47804],[-83.78441,35.47873],[-83.78419,35.47883],[-83.78373,35.47885],[-83.78263,35.47866],[-83.78289,35.47929],[-83.78272,35.47973],[-83.78275,35.47996],[-83.78301,35.4804],[-83.78249,35.48058],[-83.78199,35.48043],[-83.7815,35.48059],[-83.78139,35.48076],[-83.7814,35.48111],[-83.78097,35.48162],[-83.78166,35.48184],[-83.78174,35.48194],[-83.78167,35.48206],[-83.78101,35.48229],[-83.78091,35.48248],[-83.78048,35.48255],[-83.78018,35.48291],[-83.77914,35.48341],[-83.77936,35.48383],[-83.7793,35.48423],[-83.77982,35.48485],[-83.77961,35.48604],[-83.77995,35.48631],[-83.78065,35.48625],[-83.78073,35.48633],[-83.78067,35.48642],[-83.78098,35.48659],[-83.77957,35.48656],[-83.77899,35.48624],[-83.77851,35.48497],[-83.77806,35.48449],[-83.77762,35.48425],[-83.77744,35.48358],[-83.77729,35.48385],[-83.77691,35.48403],[-83.77683,35.48429],[-83.77617,35.48466],[-83.7759,35.48456],[-83.77471,35.48455],[-83.77423,35.48479],[-83.77406,35.48508],[-83.77402,35.48548],[-83.77429,35.48628],[-83.77429,35.48751],[-83.77401,35.48774],[-83.77399,35.48825],[-83.7732,35.4884],[-83.77266,35.48824],[-83.7723,35.48784],[-83.77233,35.48774],[-83.7728,35.48781],[-83.77296,35.48771],[-83.773,35.48735],[-83.77275,35.487],[-83.77232,35.48588],[-83.77198,35.48548],[-83.77202,35.48523],[-83.77178,35.48472],[-83.77153,35.48452],[-83.77138,35.484],[-83.77063,35.48324],[-83.77015,35.48348],[-83.7699,35.48375],[-83.76883,35.4838],[-83.76704,35.48347],[-83.76665,35.48315],[-83.76614,35.48319],[-83.76615,35.48299],[-83.76574,35.48277],[-83.76538,35.48282],[-83.76479,35.48307],[-83.76475,35.4835],[-83.76456,35.48381],[-83.76459,35.48423],[-83.76376,35.48473],[-83.76303,35.48485],[-83.7628,35.4848],[-83.76269,35.48463],[-83.76226,35.4846],[-83.76152,35.48417],[-83.76133,35.48394],[-83.76133,35.48353],[-83.761,35.4835],[-83.76077,35.48329],[-83.76025,35.48337],[-83.75927,35.48324],[-83.75925,35.48354],[-83.75889,35.48407],[-83.75841,35.48384],[-83.75764,35.48375],[-83.75759,35.48334],[-83.75709,35.48305],[-83.75662,35.48302],[-83.75656,35.48335],[-83.75603,35.48333],[-83.75565,35.48372],[-83.75528,35.48387],[-83.75489,35.48375],[-83.75475,35.48358],[-83.75459,35.48317],[-83.75455,35.48198],[-83.75442,35.48177],[-83.75414,35.48161],[-83.75267,35.4815],[-83.75232,35.48173],[-83.75223,35.48199],[-83.75239,35.48219],[-83.75229,35.48244],[-83.75218,35.48246],[-83.75166,35.48204],[-83.75098,35.48175],[-83.75079,35.48151],[-83.75034,35.48128],[-83.74965,35.48116],[-83.74911,35.48128],[-83.7488,35.48113],[-83.7482,35.48152],[-83.7481,35.48139],[-83.74817,35.48092],[-83.74807,35.48039],[-83.74745,35.47998],[-83.7464,35.48004],[-83.74563,35.48026],[-83.74508,35.48003],[-83.74376,35.4803],[-83.7433,35.48033],[-83.74273,35.4802],[-83.7415,35.4793],[-83.73972,35.47915],[-83.73793,35.47774],[-83.73696,35.47758],[-83.73673,35.47721],[-83.73604,35.47687],[-83.73549,35.47677],[-83.73527,35.47662],[-83.73432,35.47634],[-83.73402,35.47611],[-83.73333,35.47611],[-83.73241,35.4758],[-83.73212,35.47525],[-83.73084,35.47489],[-83.72898,35.47377],[-83.72801,35.47393],[-83.72789,35.47418],[-83.7277,35.47428],[-83.72693,35.47417],[-83.72649,35.47397],[-83.72617,35.47404],[-83.72582,35.47441],[-83.72576,35.47477],[-83.72541,35.47532],[-83.72542,35.47562],[-83.72493,35.476],[-83.72426,35.47615],[-83.72366,35.47596],[-83.72322,35.47544],[-83.72299,35.47496],[-83.72169,35.47389],[-83.72201,35.47359],[-83.72189,35.47341],[-83.72087,35.47293],[-83.72102,35.47258],[-83.7198,35.47101],[-83.71939,35.47064],[-83.7175,35.46964],[-83.71736,35.46932],[-83.71707,35.46938],[-83.71676,35.46922],[-83.71712,35.46918],[-83.71804,35.46865],[-83.71867,35.46808],[-83.71867,35.46794],[-83.7183,35.46738],[-83.71779,35.4675],[-83.71763,35.46744],[-83.71759,35.46707],[-83.71773,35.4668],[-83.71808,35.46657],[-83.71826,35.46614],[-83.71853,35.46599],[-83.71844,35.46563],[-83.71805,35.46543],[-83.71701,35.46554],[-83.71612,35.46536],[-83.71598,35.46524],[-83.71623,35.46461],[-83.71663,35.46423],[-83.71705,35.46417],[-83.7176,35.46381],[-83.71701,35.46317],[-83.7171,35.46267],[-83.71656,35.46237],[-83.71651,35.46219],[-83.71681,35.46202],[-83.71697,35.46176],[-83.71748,35.46155],[-83.71766,35.46096],[-83.71792,35.46091],[-83.71776,35.46053],[-83.71811,35.45962],[-83.71911,35.45879],[-83.71911,35.45842],[-83.71806,35.45819],[-83.71749,35.45823],[-83.71688,35.45799],[-83.71633,35.45812],[-83.71585,35.45779],[-83.71503,35.45753],[-83.71503,35.4573],[-83.71487,35.45715],[-83.71446,35.45742],[-83.71367,35.45734],[-83.71323,35.45693],[-83.71288,35.45686],[-83.71218,35.45644],[-83.7115,35.45585],[-83.71096,35.45578],[-83.71089,35.45544],[-83.71061,35.45524],[-83.71008,35.45509],[-83.70968,35.45459],[-83.70993,35.45452],[-83.71033,35.45471],[-83.71046,35.45458],[-83.71012,35.45396],[-83.71009,35.45344],[-83.70925,35.45324],[-83.70807,35.45315],[-83.70763,35.45213],[-83.70778,35.45157],[-83.70795,35.45145],[-83.70809,35.45109],[-83.70789,35.45065],[-83.70811,35.45035],[-83.70856,35.45012],[-83.70885,35.44948],[-83.70873,35.4494],[-83.7076,35.44942],[-83.70721,35.44921],[-83.7067,35.44925],[-83.70609,35.44904],[-83.70598,35.44952],[-83.70549,35.44994],[-83.70445,35.45013],[-83.70394,35.45044],[-83.70332,35.45227],[-83.70322,35.453],[-83.70252,35.45282],[-83.70167,35.45364],[-83.70134,35.45356],[-83.70166,35.45302],[-83.70169,35.45264],[-83.7016,35.45239],[-83.70132,35.45213],[-83.7014,35.45194],[-83.70129,35.45187],[-83.70107,35.45209],[-83.70072,35.45278],[-83.69995,35.45294],[-83.6995,35.45317],[-83.69936,35.4532],[-83.69901,35.45273],[-83.69883,35.45271],[-83.69855,35.45321],[-83.69802,35.45332],[-83.69723,35.4529],[-83.69685,35.45326],[-83.69662,35.45382],[-83.69604,35.45335],[-83.69568,35.45359],[-83.69519,35.45371],[-83.69474,35.45362],[-83.69432,35.45313],[-83.69408,35.45315],[-83.6938,35.453],[-83.69505,35.45182],[-83.69484,35.45144],[-83.69464,35.4513],[-83.69457,35.45096],[-83.69517,35.45025],[-83.69524,35.44999],[-83.69554,35.44988],[-83.69572,35.44953],[-83.69592,35.44941],[-83.69609,35.44838],[-83.69545,35.44835],[-83.69556,35.44813],[-83.69529,35.44792],[-83.69528,35.4472],[-83.6944,35.44705],[-83.69321,35.44721],[-83.6929,35.44708],[-83.69316,35.44608],[-83.69364,35.44558],[-83.69343,35.4451],[-83.69325,35.44507],[-83.69274,35.44566],[-83.69241,35.44568],[-83.69216,35.44616],[-83.69189,35.44624],[-83.69149,35.44616],[-83.69121,35.44648],[-83.69066,35.44641],[-83.69039,35.44652],[-83.69,35.44629],[-83.68913,35.44653],[-83.68889,35.44603],[-83.68841,35.4459],[-83.68821,35.44549],[-83.68796,35.44546],[-83.68772,35.44527],[-83.68737,35.44546],[-83.68713,35.44539],[-83.68699,35.44544],[-83.6867,35.44588],[-83.68577,35.44596],[-83.68541,35.4468],[-83.68523,35.44695],[-83.68491,35.44704],[-83.68448,35.44699],[-83.6844,35.44715],[-83.6841,35.44723],[-83.68331,35.44787],[-83.68298,35.44794],[-83.68234,35.44859],[-83.68155,35.44883],[-83.68138,35.44809],[-83.68111,35.4479],[-83.68045,35.44774],[-83.67941,35.44659],[-83.67938,35.44567],[-83.6798,35.44522],[-83.67988,35.44456],[-83.67938,35.4444],[-83.67886,35.44406],[-83.67789,35.44415],[-83.67744,35.44382],[-83.67665,35.44354],[-83.67642,35.44369],[-83.67639,35.44386],[-83.67687,35.4445],[-83.67656,35.44498],[-83.67676,35.44552],[-83.67716,35.44554],[-83.6771,35.4464],[-83.67697,35.44667],[-83.67675,35.44681],[-83.67572,35.44705],[-83.6755,35.44729],[-83.67549,35.4478],[-83.67438,35.44774],[-83.67389,35.44814],[-83.67251,35.44795],[-83.67199,35.44827],[-83.67172,35.44889],[-83.6714,35.44917],[-83.67108,35.44914],[-83.67101,35.44894],[-83.67083,35.44907],[-83.67064,35.44883],[-83.67034,35.44873],[-83.6692,35.44885],[-83.66853,35.44917],[-83.6683,35.44963],[-83.66793,35.44956],[-83.66752,35.44972],[-83.66766,35.44925],[-83.66716,35.44775],[-83.66734,35.44701],[-83.66662,35.4471],[-83.66631,35.44772],[-83.66576,35.44832],[-83.66563,35.44826],[-83.6658,35.44762],[-83.66575,35.44648],[-83.66596,35.44579],[-83.66572,35.44463],[-83.66538,35.44392],[-83.66537,35.4434],[-83.66452,35.44252],[-83.66368,35.4432],[-83.66374,35.44239],[-83.66366,35.4421],[-83.66413,35.44173],[-83.66465,35.44108],[-83.6648,35.44068],[-83.66564,35.43991],[-83.66568,35.4392],[-83.66614,35.43888],[-83.6662,35.43867],[-83.66586,35.4385],[-83.66455,35.43872],[-83.66371,35.43862],[-83.66285,35.43878],[-83.66239,35.43951],[-83.66217,35.43946],[-83.66192,35.43912],[-83.66173,35.43906],[-83.6612,35.43917],[-83.65959,35.44007],[-83.6595,35.4406],[-83.65924,35.44082],[-83.65722,35.43934],[-83.65685,35.43921],[-83.65601,35.4398],[-83.65469,35.43996],[-83.65461,35.4403],[-83.65476,35.44144],[-83.65461,35.44154],[-83.65358,35.44035],[-83.65341,35.4403],[-83.65308,35.44037],[-83.6526,35.44079],[-83.65242,35.44081],[-83.65116,35.43982],[-83.65062,35.44],[-83.65021,35.43978],[-83.64981,35.43978],[-83.64913,35.44005],[-83.64863,35.44037],[-83.64872,35.44103],[-83.64847,35.44133],[-83.64769,35.44126],[-83.64737,35.44146],[-83.64689,35.44262],[-83.64654,35.44307],[-83.6464,35.44366],[-83.64651,35.4439],[-83.64694,35.44422],[-83.64765,35.44437],[-83.64814,35.44464],[-83.64854,35.44458],[-83.64967,35.44528],[-83.65077,35.44534],[-83.65123,35.44564],[-83.65127,35.44583],[-83.65031,35.44615],[-83.64975,35.44667],[-83.64923,35.44639],[-83.64838,35.4464],[-83.64801,35.44699],[-83.64752,35.44699],[-83.64714,35.44736],[-83.64652,35.44743],[-83.6458,35.44773],[-83.64528,35.44764],[-83.64414,35.4468],[-83.64319,35.44636],[-83.64296,35.4464],[-83.64262,35.44675],[-83.64229,35.44686],[-83.64144,35.44686],[-83.64106,35.44658],[-83.64025,35.4466],[-83.63957,35.44612],[-83.63906,35.44602],[-83.63868,35.44568],[-83.63801,35.44573],[-83.63784,35.44559],[-83.63776,35.44513],[-83.63735,35.44497],[-83.63715,35.44503],[-83.63686,35.44542],[-83.63685,35.44651],[-83.63648,35.44721],[-83.63639,35.44768],[-83.63617,35.44784],[-83.63573,35.44727],[-83.63568,35.44698],[-83.63585,35.44666],[-83.6357,35.44643],[-83.63523,35.44638],[-83.6346,35.44686],[-83.63433,35.44681],[-83.63424,35.44669],[-83.63425,35.44644],[-83.63463,35.44615],[-83.63482,35.44584],[-83.63482,35.44571],[-83.63462,35.44556],[-83.63442,35.44464],[-83.63431,35.44459],[-83.63399,35.44476],[-83.6339,35.44504],[-83.63353,35.44536],[-83.63342,35.44568],[-83.63309,35.44578],[-83.6324,35.44636],[-83.63204,35.44605],[-83.63172,35.44604],[-83.63177,35.44565],[-83.632,35.44521],[-83.632,35.4449],[-83.63163,35.44465],[-83.63139,35.44433],[-83.6306,35.44474],[-83.63018,35.44526],[-83.63001,35.4453],[-83.62979,35.44525],[-83.62964,35.44503],[-83.62924,35.44517],[-83.62885,35.4448],[-83.62807,35.44524],[-83.62769,35.44507],[-83.6259,35.44484],[-83.62524,35.44465],[-83.62424,35.4449],[-83.62403,35.44535],[-83.62307,35.44531],[-83.62274,35.44517],[-83.62225,35.44522],[-83.62149,35.4461],[-83.62134,35.4461],[-83.62058,35.44562],[-83.62041,35.44566],[-83.62015,35.44598],[-83.62016,35.44619],[-83.61984,35.44623],[-83.61955,35.44586],[-83.61873,35.44569],[-83.61854,35.44586],[-83.61851,35.44605],[-83.61816,35.44608],[-83.61779,35.44637],[-83.61753,35.44627],[-83.61675,35.44625],[-83.61604,35.44646],[-83.6155,35.44676],[-83.61502,35.44667],[-83.61442,35.44691],[-83.61342,35.44707],[-83.61287,35.44738],[-83.61271,35.44758],[-83.61207,35.44771],[-83.61175,35.44765],[-83.61132,35.4478],[-83.61077,35.4482],[-83.61018,35.44837],[-83.6096,35.44896],[-83.6093,35.449],[-83.60925,35.44919],[-83.60897,35.44867],[-83.60863,35.4484],[-83.60856,35.44812],[-83.60825,35.44807],[-83.60798,35.44789],[-83.60574,35.44785],[-83.60539,35.44772],[-83.60511,35.44743],[-83.60511,35.44686],[-83.60475,35.44665],[-83.6049,35.44623],[-83.60472,35.44601],[-83.60414,35.44585],[-83.60345,35.44591],[-83.60249,35.44563],[-83.60192,35.44593],[-83.60056,35.44599],[-83.59952,35.44653],[-83.59937,35.44665],[-83.59956,35.4468],[-83.59918,35.44709],[-83.59875,35.44719],[-83.59845,35.44745],[-83.59743,35.4477],[-83.59677,35.44852],[-83.59663,35.44893],[-83.59615,35.44915],[-83.59662,35.44936],[-83.59688,35.44981],[-83.59673,35.44997],[-83.59693,35.45006],[-83.59731,35.45054],[-83.59792,35.45057],[-83.59794,35.45109],[-83.59837,35.45118],[-83.59851,35.45153],[-83.59854,35.45165],[-83.59827,35.45199],[-83.59885,35.45224],[-83.59883,35.45235],[-83.59905,35.45248],[-83.59911,35.45308],[-83.59972,35.45343],[-83.59964,35.45354],[-83.59903,35.45354],[-83.59831,35.4533],[-83.59847,35.45364],[-83.59824,35.45396],[-83.59859,35.45448],[-83.59854,35.45461],[-83.59808,35.45461],[-83.59731,35.45427],[-83.59734,35.45469],[-83.59705,35.45475],[-83.59703,35.45536],[-83.59661,35.45501],[-83.59627,35.45508],[-83.59617,35.456],[-83.59488,35.45535],[-83.59433,35.45536],[-83.59422,35.45542],[-83.5945,35.456],[-83.59452,35.4563],[-83.59402,35.45612],[-83.5939,35.45618],[-83.59405,35.4566],[-83.59382,35.45674],[-83.59351,35.45661],[-83.59338,35.45714],[-83.59224,35.45715],[-83.59189,35.45729],[-83.59176,35.45758],[-83.59134,35.45738],[-83.5912,35.4577],[-83.59093,35.45794],[-83.59065,35.45782],[-83.59028,35.45784],[-83.59013,35.45769],[-83.59003,35.45701],[-83.58994,35.45698],[-83.5896,35.4571],[-83.58901,35.45787],[-83.58882,35.45832],[-83.5887,35.45836],[-83.58838,35.45804],[-83.58821,35.45754],[-83.5876,35.45726],[-83.58705,35.45725],[-83.58714,35.45774],[-83.58702,35.45834],[-83.58655,35.45815],[-83.58616,35.45782],[-83.58571,35.45781],[-83.5852,35.45823],[-83.58509,35.45898],[-83.58457,35.45882],[-83.58409,35.45886],[-83.58427,35.45999],[-83.58446,35.46023],[-83.58414,35.4603],[-83.58402,35.46045],[-83.58366,35.46049],[-83.58331,35.46034],[-83.58306,35.46006],[-83.58245,35.45984],[-83.58219,35.45993],[-83.58181,35.4597],[-83.58121,35.45977],[-83.58109,35.45968],[-83.58121,35.45944],[-83.58104,35.45927],[-83.58054,35.45925],[-83.58025,35.4595],[-83.58004,35.45917],[-83.57969,35.45923],[-83.57958,35.45901],[-83.57957,35.45844],[-83.57981,35.45796],[-83.57977,35.45783],[-83.57882,35.45787],[-83.57854,35.45801],[-83.57842,35.45819],[-83.57797,35.45806],[-83.57745,35.45821],[-83.57717,35.45787],[-83.57744,35.45709],[-83.57725,35.45685],[-83.57693,35.4567],[-83.57746,35.45634],[-83.57709,35.45635],[-83.57623,35.45667],[-83.57582,35.45701],[-83.57509,35.45696],[-83.5747,35.4571],[-83.57461,35.45681],[-83.57445,35.45669],[-83.57363,35.45649],[-83.57381,35.45632],[-83.57447,35.45613],[-83.57433,35.45579],[-83.57319,35.45595],[-83.57268,35.45618],[-83.5726,35.45645],[-83.572,35.45678],[-83.57159,35.45773],[-83.57171,35.45821],[-83.57094,35.45882],[-83.57069,35.45871],[-83.57072,35.45833],[-83.57061,35.45822],[-83.57006,35.45825],[-83.57015,35.4575],[-83.5699,35.45725],[-83.56903,35.45743],[-83.56865,35.45743],[-83.56837,35.45729],[-83.56809,35.45783],[-83.56696,35.45768],[-83.56621,35.45774],[-83.56628,35.45808],[-83.56691,35.45836],[-83.56703,35.4588],[-83.56727,35.459],[-83.56726,35.45918],[-83.56656,35.45907],[-83.56641,35.45965],[-83.56588,35.45951],[-83.56567,35.45954],[-83.56556,35.45979],[-83.56495,35.45968],[-83.56473,35.45985],[-83.56431,35.45994],[-83.56396,35.46031],[-83.56421,35.46047],[-83.56428,35.46073],[-83.56411,35.46091],[-83.56419,35.46131],[-83.56504,35.46183],[-83.56552,35.46188],[-83.56558,35.46198],[-83.56492,35.46237],[-83.56484,35.46259],[-83.56445,35.46293],[-83.56446,35.46305],[-83.56495,35.4633],[-83.56455,35.46361],[-83.56445,35.46409],[-83.564,35.46398],[-83.56371,35.46415],[-83.56352,35.46476],[-83.56371,35.46512],[-83.56355,35.46544],[-83.56362,35.46562],[-83.56342,35.46602],[-83.56333,35.46672],[-83.56371,35.46704],[-83.56442,35.46732],[-83.56515,35.46722],[-83.56596,35.46744],[-83.56366,35.46779],[-83.56277,35.4673],[-83.56223,35.4668],[-83.56157,35.46754],[-83.56119,35.46719],[-83.56119,35.46693],[-83.56093,35.46679],[-83.56105,35.46662],[-83.56091,35.46595],[-83.56027,35.46574],[-83.55987,35.46615],[-83.55949,35.46576],[-83.55906,35.46578],[-83.55888,35.46563],[-83.55864,35.46582],[-83.55863,35.46605],[-83.55827,35.4666],[-83.55876,35.46699],[-83.55858,35.46723],[-83.55871,35.4677],[-83.55861,35.46845],[-83.55879,35.46876],[-83.55839,35.46882],[-83.5582,35.46864],[-83.55835,35.46965],[-83.55812,35.46995],[-83.55778,35.47009],[-83.55582,35.47019],[-83.55535,35.47038],[-83.55537,35.47001],[-83.55513,35.46945],[-83.55474,35.46932],[-83.55416,35.46934],[-83.55435,35.46848],[-83.55348,35.46806],[-83.55349,35.46754],[-83.55329,35.46723],[-83.55324,35.46684],[-83.55339,35.46665],[-83.55333,35.46639],[-83.55304,35.4663],[-83.55272,35.46645],[-83.55256,35.46599],[-83.55226,35.46577],[-83.55188,35.46578],[-83.55158,35.46518],[-83.55074,35.46483],[-83.55051,35.46419],[-83.5499,35.46412],[-83.54989,35.46321],[-83.54975,35.46288],[-83.54901,35.46283],[-83.54905,35.46207],[-83.54823,35.46213],[-83.54832,35.46129],[-83.54717,35.46124],[-83.54748,35.46064],[-83.54742,35.46048],[-83.54699,35.46053],[-83.54677,35.46021],[-83.54662,35.46023],[-83.54652,35.4608],[-83.54608,35.4607],[-83.54566,35.46078],[-83.54541,35.46109],[-83.54499,35.4611],[-83.54421,35.46144],[-83.54364,35.46145],[-83.53951,35.45996],[-83.53794,35.45895],[-83.52776,35.45842],[-83.52898,35.45835],[-83.53068,35.45884],[-83.53212,35.45898],[-83.53339,35.45884],[-83.53542,35.45827],[-83.53667,35.45833],[-83.53731,35.45856],[-83.53794,35.45895],[-83.52674,35.45795],[-83.5271,35.45826],[-83.52757,35.4584],[-83.52776,35.45842],[-83.52666,35.45782],[-83.52674,35.45795],[-83.52666,35.45782],[-83.52696,35.45749],[-83.52706,35.45711],[-83.5272,35.45719],[-83.52737,35.45755],[-83.52729,35.458],[-83.52714,35.45821],[-83.52637,35.45846],[-83.52483,35.45845],[-83.52425,35.45868],[-83.52399,35.45893],[-83.52412,35.45984],[-83.52384,35.46098],[-83.52384,35.46137],[-83.52416,35.46198],[-83.52498,35.46283],[-83.52511,35.46324],[-83.52496,35.46403],[-83.5244,35.46441],[-83.52291,35.46447],[-83.52267,35.46485],[-83.52251,35.46546],[-83.52209,35.46597],[-83.52032,35.46614],[-83.51979,35.46635],[-83.51921,35.4671],[-83.51894,35.46787],[-83.51887,35.46862],[-83.51894,35.46975],[-83.51678,35.47123],[-83.51653,35.4716],[-83.51638,35.47228],[-83.51603,35.47285],[-83.51485,35.47404],[-83.51435,35.47527],[-83.5135,35.47593],[-83.51174,35.47617],[-83.51076,35.47656],[-83.51048,35.47676],[-83.51,35.47762],[-83.5091,35.47809],[-83.50874,35.47846],[-83.50872,35.47928],[-83.50903,35.47967],[-83.50905,35.48045],[-83.5092,35.4808],[-83.50878,35.48283],[-83.50881,35.48438],[-83.50871,35.48464],[-83.50779,35.48517],[-83.50704,35.48504],[-83.50519,35.4852],[-83.50391,35.48562],[-83.5035,35.48616],[-83.50304,35.48742],[-83.50269,35.48772],[-83.50236,35.48824],[-83.50226,35.48859],[-83.50238,35.489],[-83.5033,35.49077],[-83.50376,35.49122],[-83.50436,35.49147],[-83.50523,35.4921],[-83.50573,35.49305],[-83.50681,35.49402],[-83.5071,35.49445],[-83.50715,35.49488],[-83.50705,35.49509],[-83.50561,35.49652],[-83.50541,35.49692],[-83.50459,35.49703],[-83.50359,35.49687],[-83.5028,35.49742],[-83.50189,35.49774],[-83.50039,35.49723],[-83.50029,35.4971],[-83.4998,35.49705],[-83.49885,35.4967],[-83.49818,35.49619],[-83.49729,35.49583],[-83.49608,35.49594],[-83.49523,35.49639],[-83.49454,35.49638],[-83.49397,35.49671],[-83.49352,35.49679],[-83.4934,35.49693],[-83.49284,35.49867],[-83.49233,35.49904],[-83.49151,35.4993],[-83.49121,35.49956],[-83.49095,35.50036],[-83.49093,35.50077],[-83.48986,35.50219],[-83.48979,35.50265],[-83.49056,35.50393],[-83.49048,35.50434],[-83.48994,35.50528],[-83.48973,35.50548],[-83.48873,35.50594],[-83.48663,35.50627],[-83.48552,35.50697],[-83.4851,35.50743],[-83.48425,35.50779],[-83.48396,35.50813],[-83.48279,35.5085],[-83.48192,35.50851],[-83.48074,35.50916],[-83.48041,35.509],[-83.48007,35.50909],[-83.47943,35.50881],[-83.47873,35.50902],[-83.47789,35.50877],[-83.47764,35.50908],[-83.47668,35.50973],[-83.47657,35.50999],[-83.47619,35.51019],[-83.47606,35.51084],[-83.4758,35.51114],[-83.47497,35.51167],[-83.47459,35.51243],[-83.47399,35.51315],[-83.47334,35.51349],[-83.47233,35.51377],[-83.47131,35.51423],[-83.47017,35.5142],[-83.46956,35.51391],[-83.46896,35.51416],[-83.46778,35.514],[-83.4667,35.51428],[-83.46635,35.51458],[-83.4654,35.51464],[-83.46489,35.51484],[-83.46454,35.51542],[-83.46447,35.51606],[-83.46425,35.51642],[-83.4642,35.5177],[-83.46376,35.51854],[-83.46335,35.51895],[-83.46302,35.51948],[-83.46324,35.51977],[-83.46301,35.52045],[-83.46314,35.52109],[-83.46377,35.52249],[-83.4639,35.52335],[-83.46438,35.52405],[-83.46452,35.52455],[-83.46337,35.52673],[-83.46342,35.5271],[-83.46392,35.52758],[-83.46416,35.5281],[-83.46448,35.52841],[-83.46447,35.52889],[-83.46464,35.52919],[-83.46498,35.52941],[-83.46528,35.52943],[-83.466,35.52999],[-83.46679,35.53027],[-83.4672,35.5308],[-83.46735,35.53137],[-83.46643,35.53077],[-83.46492,35.53055],[-83.46458,35.53076],[-83.46404,35.53082],[-83.46336,35.53119],[-83.46085,35.53168],[-83.46038,35.5319],[-83.45984,35.53239],[-83.45941,35.53226],[-83.45906,35.53236],[-83.45786,35.53235],[-83.45757,35.53262],[-83.45663,35.5328],[-83.45655,35.53252],[-83.45626,35.53239],[-83.45565,35.53282],[-83.4554,35.53253],[-83.45435,35.53224],[-83.45421,35.53233],[-83.45406,35.5327],[-83.45386,35.53334],[-83.45385,35.534],[-83.4536,35.53439],[-83.45359,35.53453],[-83.45404,35.53508],[-83.45377,35.53564],[-83.45328,35.53574],[-83.45319,35.53592],[-83.45278,35.53606],[-83.45269,35.53663],[-83.4529,35.53674],[-83.45263,35.53705],[-83.45165,35.5373],[-83.45101,35.53725],[-83.45078,35.53712],[-83.45043,35.53716],[-83.45025,35.53704],[-83.44985,35.53731],[-83.44944,35.53709],[-83.44905,35.53737],[-83.4488,35.53733],[-83.44707,35.53788],[-83.44629,35.53783],[-83.44601,35.53771],[-83.4455,35.53781],[-83.44543,35.53827],[-83.44568,35.53842],[-83.44618,35.53847],[-83.44666,35.53894],[-83.44698,35.53902],[-83.44735,35.53967],[-83.44795,35.54001],[-83.44851,35.54064],[-83.44798,35.54068],[-83.44762,35.54047],[-83.44727,35.54054],[-83.44639,35.54003],[-83.44598,35.54002],[-83.44436,35.54032],[-83.44266,35.54024],[-83.44191,35.53986],[-83.44189,35.53979],[-83.44217,35.53966],[-83.44188,35.53896],[-83.44197,35.53763],[-83.44179,35.53737],[-83.44133,35.53708],[-83.43973,35.53683],[-83.43815,35.53695],[-83.43789,35.5367],[-83.43689,35.53683],[-83.43566,35.53631],[-83.43533,35.53595],[-83.43528,35.53569],[-83.43464,35.53542],[-83.4345,35.53514],[-83.43417,35.53499],[-83.43336,35.5343],[-83.43241,35.534],[-83.43217,35.53404],[-83.43202,35.53421],[-83.4314,35.5341],[-83.4302,35.53336],[-83.42961,35.53236],[-83.42854,35.5317],[-83.42801,35.53121],[-83.42791,35.53092],[-83.42714,35.5301],[-83.42632,35.52952],[-83.42572,35.52946],[-83.42541,35.52978],[-83.42507,35.52992],[-83.42464,35.52989],[-83.42391,35.52962],[-83.42375,35.52938],[-83.42348,35.52929],[-83.42223,35.52947],[-83.42183,35.52932],[-83.42144,35.52783],[-83.42158,35.52716],[-83.4212,35.52611],[-83.42038,35.52496],[-83.4201,35.52437],[-83.41956,35.5242],[-83.41933,35.52397],[-83.41919,35.52336],[-83.4195,35.52205],[-83.41928,35.52078],[-83.41898,35.52077],[-83.41881,35.52055],[-83.40793,35.51925],[-83.40824,35.51903],[-83.40872,35.51897],[-83.40886,35.51873],[-83.40918,35.5187],[-83.40936,35.51835],[-83.41002,35.51846],[-83.41063,35.51817],[-83.41127,35.51821],[-83.41159,35.51784],[-83.41174,35.51742],[-83.4128,35.51636],[-83.41301,35.51686],[-83.4132,35.51699],[-83.41376,35.51677],[-83.41406,35.51683],[-83.4143,35.51658],[-83.41468,35.51679],[-83.41535,35.51684],[-83.41545,35.5174],[-83.41568,35.51733],[-83.41631,35.5168],[-83.41693,35.51676],[-83.41755,35.51688],[-83.41734,35.51737],[-83.41713,35.51754],[-83.41661,35.51738],[-83.41574,35.51785],[-83.41541,35.51868],[-83.41552,35.51918],[-83.41539,35.51932],[-83.41512,35.51934],[-83.41454,35.51888],[-83.41442,35.51891],[-83.41465,35.51966],[-83.41471,35.52036],[-83.41591,35.52073],[-83.41596,35.52087],[-83.41584,35.52107],[-83.41664,35.52074],[-83.41881,35.52055],[-83.40793,35.51925],[-83.40776,35.51969],[-83.40813,35.52046],[-83.40807,35.52086],[-83.40733,35.52102],[-83.40706,35.52133],[-83.40666,35.5212],[-83.40655,35.52189],[-83.40576,35.52173],[-83.40544,35.52187],[-83.40497,35.52184],[-83.40473,35.52212],[-83.40433,35.52222],[-83.40414,35.52268],[-83.40388,35.5229],[-83.40413,35.52331],[-83.40421,35.52389],[-83.40356,35.52362],[-83.40293,35.5238],[-83.40272,35.52369],[-83.40209,35.52392],[-83.40303,35.52504],[-83.40305,35.52575],[-83.4039,35.5258],[-83.40409,35.52601],[-83.40408,35.52621],[-83.40457,35.52661],[-83.40441,35.52674],[-83.40458,35.5271],[-83.40456,35.52735],[-83.40424,35.52752],[-83.40427,35.52787],[-83.40408,35.52807],[-83.40423,35.52845],[-83.40381,35.52846],[-83.40339,35.5288],[-83.40357,35.52904],[-83.40388,35.52917],[-83.40414,35.52976],[-83.40456,35.52997],[-83.40455,35.53018],[-83.40428,35.53041],[-83.40436,35.53075],[-83.40429,35.53087],[-83.40476,35.53074],[-83.40487,35.53108],[-83.40528,35.5314],[-83.40522,35.53162],[-83.40553,35.53231],[-83.40539,35.53258],[-83.40537,35.5334],[-83.40515,35.53404],[-83.40521,35.53443],[-83.40503,35.53474],[-83.40439,35.53466],[-83.40428,35.53438],[-83.40393,35.53417],[-83.40425,35.53377],[-83.40424,35.53353],[-83.40367,35.53336],[-83.40358,35.53328],[-83.40361,35.53299],[-83.40332,35.53293],[-83.40325,35.53311],[-83.40282,35.53335],[-83.40286,35.53391],[-83.40253,35.53418],[-83.40251,35.53461],[-83.40217,35.53481],[-83.40181,35.53611],[-83.40091,35.53582],[-83.40026,35.53605],[-83.4002,35.53618],[-83.4003,35.53668],[-83.40002,35.53724],[-83.40002,35.53786],[-83.39978,35.53816],[-83.39968,35.5387],[-83.39943,35.53898],[-83.3995,35.53959],[-83.39932,35.53981],[-83.39944,35.54019],[-83.39936,35.54046],[-83.3988,35.54116],[-83.39796,35.54157],[-83.39754,35.54159],[-83.39733,35.54145],[-83.39694,35.54186],[-83.39664,35.54199],[-83.39627,35.54195],[-83.39614,35.54178],[-83.3959,35.54172],[-83.39583,35.54181],[-83.39606,35.54232],[-83.39603,35.54251],[-83.39584,35.54265],[-83.39512,35.54266],[-83.39502,35.54296],[-83.39454,35.54316],[-83.39341,35.54336],[-83.39293,35.54248],[-83.39243,35.54268],[-83.39198,35.54228],[-83.39172,35.54227],[-83.39109,35.54188],[-83.39073,35.54213],[-83.3907,35.54262],[-83.39019,35.54286],[-83.38982,35.54286],[-83.38993,35.54327],[-83.38964,35.54343],[-83.38916,35.54347],[-83.38869,35.5437],[-83.38799,35.54383],[-83.38763,35.54365],[-83.38665,35.54366],[-83.38613,35.54337],[-83.38537,35.54314],[-83.38493,35.54337],[-83.38491,35.54387],[-83.38377,35.54472],[-83.38355,35.54475],[-83.38328,35.54501],[-83.38265,35.5453],[-83.38159,35.54542],[-83.38137,35.54528],[-83.38096,35.54533],[-83.38055,35.54513],[-83.38038,35.54492],[-83.37988,35.5447],[-83.3797,35.54436],[-83.37947,35.54426],[-83.37847,35.54508],[-83.37813,35.54518],[-83.37769,35.54497],[-83.37628,35.5451],[-83.37577,35.54567],[-83.37486,35.54615],[-83.37406,35.5464],[-83.37313,35.5469],[-83.37206,35.54718],[-83.3715,35.54687],[-83.37116,35.54635],[-83.37053,35.54612],[-83.36982,35.54616],[-83.36884,35.54571],[-83.36855,35.54518],[-83.36845,35.5447],[-83.36792,35.54379],[-83.36785,35.54324],[-83.36805,35.54234],[-83.36763,35.5417],[-83.35867,35.54229],[-83.35862,35.5425],[-83.35887,35.54272],[-83.35974,35.54312],[-83.36031,35.54361],[-83.36109,35.54387],[-83.36405,35.54435],[-83.36523,35.54408],[-83.36646,35.54323],[-83.36713,35.54312],[-83.36729,35.54288],[-83.36707,35.54227],[-83.36712,35.54172],[-83.30982,35.5528],[-83.31008,35.55291],[-83.31047,35.554],[-83.31103,35.55439],[-83.31109,35.55391],[-83.31156,35.55385],[-83.31167,35.55371],[-83.31131,35.55348],[-83.31117,35.55321],[-83.31203,35.55321],[-83.31252,35.55338],[-83.31402,35.55321],[-83.31439,35.55305],[-83.31472,35.55259],[-83.31505,35.55237],[-83.31517,35.5525],[-83.31512,35.55267],[-83.31582,35.55255],[-83.31598,35.55233],[-83.31592,35.55214],[-83.31599,35.55208],[-83.31631,35.55216],[-83.31645,35.55206],[-83.31715,35.55204],[-83.31709,35.55243],[-83.31735,35.55252],[-83.31771,35.55289],[-83.31756,35.55315],[-83.31759,35.55326],[-83.31815,35.55345],[-83.3186,35.55327],[-83.31822,35.55285],[-83.31814,35.55232],[-83.31827,35.5522],[-83.31908,35.55211],[-83.3193,35.55229],[-83.31974,35.55231],[-83.32004,35.55258],[-83.32035,35.55211],[-83.32113,35.55156],[-83.3213,35.55171],[-83.32205,35.55172],[-83.32217,35.55228],[-83.32255,35.55229],[-83.32271,35.55251],[-83.32317,35.55238],[-83.32391,35.55285],[-83.32422,35.55267],[-83.32508,35.5525],[-83.32524,35.55224],[-83.32574,35.55241],[-83.32608,35.55176],[-83.32624,35.5518],[-83.32646,35.55216],[-83.32683,35.55221],[-83.32709,35.55184],[-83.32717,35.55147],[-83.32751,35.55134],[-83.32766,35.5511],[-83.32765,35.55045],[-83.3285,35.55023],[-83.32895,35.55023],[-83.32916,35.55003],[-83.32933,35.55012],[-83.32943,35.55063],[-83.33019,35.55062],[-83.33053,35.55078],[-83.33053,35.55088],[-83.33017,35.55108],[-83.33008,35.55141],[-83.33088,35.5516],[-83.33091,35.55211],[-83.33104,35.55224],[-83.33147,35.55213],[-83.33207,35.55239],[-83.33248,35.5522],[-83.33293,35.55229],[-83.33323,35.55212],[-83.33335,35.55227],[-83.33359,35.55233],[-83.33389,35.55216],[-83.33418,35.55177],[-83.33443,35.55233],[-83.33483,35.55245],[-83.3343,35.55315],[-83.33526,35.55353],[-83.33538,35.5541],[-83.33548,35.55416],[-83.33592,35.55426],[-83.33667,35.55469],[-83.33704,35.55469],[-83.33726,35.5545],[-83.33731,35.55413],[-83.33773,35.55407],[-83.33761,35.55359],[-83.33781,35.55324],[-83.33841,35.55338],[-83.33877,35.55334],[-83.33863,35.5527],[-83.33886,35.55256],[-83.3389,35.55231],[-83.33936,35.5523],[-83.33939,35.55201],[-83.33957,35.55176],[-83.34013,35.55169],[-83.34047,35.55129],[-83.34052,35.55108],[-83.34087,35.55093],[-83.34128,35.55098],[-83.34159,35.55074],[-83.34223,35.55073],[-83.34243,35.55033],[-83.3427,35.55054],[-83.34312,35.55035],[-83.34299,35.54975],[-83.3423,35.54898],[-83.343,35.54885],[-83.34304,35.54839],[-83.34316,35.54831],[-83.34347,35.54831],[-83.3438,35.54797],[-83.34416,35.54791],[-83.34492,35.54741],[-83.3451,35.54745],[-83.34533,35.5478],[-83.34573,35.54796],[-83.34643,35.54794],[-83.34661,35.54721],[-83.34646,35.54696],[-83.34662,35.54674],[-83.34722,35.54691],[-83.34734,35.54685],[-83.34769,35.54625],[-83.34814,35.54617],[-83.34817,35.54599],[-83.34845,35.54578],[-83.34886,35.54567],[-83.349,35.54538],[-83.35139,35.54423],[-83.35185,35.54418],[-83.35285,35.54453],[-83.3534,35.54459],[-83.35421,35.54448],[-83.35587,35.54398],[-83.35682,35.54351],[-83.35755,35.5435],[-83.35786,35.54267],[-83.35823,35.54212],[-83.35838,35.54153],[-83.35848,35.54141],[-83.35873,35.54147],[-83.35881,35.5416],[-83.35867,35.54229],[-83.30981,35.5529],[-83.30982,35.5528],[-83.30981,35.5529],[-83.30919,35.55296],[-83.30931,35.56329],[-83.31024,35.56277],[-83.31035,35.56227],[-83.31072,35.5618],[-83.31075,35.56124],[-83.31058,35.56081],[-83.31098,35.56031],[-83.31101,35.55974],[-83.31093,35.55893],[-83.31075,35.55876],[-83.31031,35.55785],[-83.30988,35.55758],[-83.31017,35.55661],[-83.30952,35.5564],[-83.31011,35.55596],[-83.31001,35.55538],[-83.30956,35.55486],[-83.30924,35.55481],[-83.30934,35.55468],[-83.30929,35.55431],[-83.30906,35.5541],[-83.30881,35.55299],[-83.30919,35.55296],[-83.30931,35.56329],[-83.30891,35.56353],[-83.30869,35.564],[-83.30883,35.56433],[-83.30935,35.56488],[-83.30947,35.5652],[-83.30935,35.56544],[-83.30879,35.56592],[-83.30865,35.56651],[-83.30904,35.56728],[-83.30917,35.56859],[-83.30978,35.56918],[-83.30989,35.56943],[-83.30978,35.57095],[-83.30985,35.57185],[-83.30964,35.57254],[-83.30962,35.57322],[-83.30978,35.57398],[-83.3102,35.57456],[-83.31146,35.57559],[-83.31273,35.57632],[-83.31317,35.57705],[-83.31275,35.57823],[-83.31297,35.579],[-83.3129,35.5795],[-83.31158,35.58287],[-83.31091,35.58419],[-83.31047,35.58606],[-83.31051,35.58684],[-83.31025,35.58802],[-83.31006,35.58823],[-83.30832,35.58841],[-83.30844,35.58861],[-83.30914,35.58884],[-83.30922,35.58904],[-83.30885,35.58976],[-83.30769,35.59043],[-83.30738,35.59072],[-83.30673,35.59097],[-83.30684,35.59144],[-83.3072,35.59182],[-83.30719,35.59234],[-83.3069,35.59262],[-83.3064,35.59343],[-83.30622,35.59447],[-83.30549,35.59475],[-83.30515,35.59473],[-83.30496,35.59509],[-83.30463,35.59535],[-83.30315,35.59562],[-83.30279,35.59553],[-83.30224,35.5957],[-83.30201,35.59569],[-83.30179,35.59547],[-83.30125,35.59564],[-83.30074,35.59596],[-83.30021,35.59608],[-83.29979,35.5966],[-83.29905,35.59645],[-83.29881,35.59676],[-83.29828,35.59706],[-83.2983,35.59722],[-83.29793,35.59735],[-83.29616,35.59733],[-83.29542,35.59696],[-83.29509,35.59733],[-83.29451,35.59767],[-83.29384,35.59778],[-83.2934,35.59771],[-83.29329,35.59794],[-83.29085,35.59887],[-83.28954,35.59961],[-83.28723,35.59989],[-83.28675,35.5997],[-83.28627,35.59988],[-83.28426,35.60004],[-83.28356,35.60092],[-83.28341,35.60246],[-83.28379,35.60233],[-83.28418,35.60242],[-83.28433,35.60255],[-83.28432,35.60297],[-83.28441,35.60308],[-83.28564,35.60315],[-83.28577,35.60334],[-83.28567,35.60453],[-83.28618,35.6045],[-83.28646,35.60473],[-83.28617,35.60468],[-83.28517,35.60503],[-83.28492,35.60448],[-83.2847,35.60439],[-83.28381,35.60463],[-83.28315,35.60457],[-83.283,35.60465],[-83.28272,35.60516],[-83.28184,35.60538],[-83.28119,35.60509],[-83.28098,35.60524],[-83.28077,35.60561],[-83.28022,35.60515],[-83.27961,35.60519],[-83.27971,35.60444],[-83.27962,35.60428],[-83.27928,35.60462],[-83.27914,35.60534],[-83.27869,35.60603],[-83.27873,35.60613],[-83.27918,35.60623],[-83.2794,35.6071],[-83.2799,35.60719],[-83.28071,35.60839],[-83.28133,35.60878],[-83.25472,35.61033],[-83.25538,35.61049],[-83.25663,35.61031],[-83.25793,35.61065],[-83.25845,35.61072],[-83.25893,35.61065],[-83.25919,35.61076],[-83.25927,35.61099],[-83.26001,35.61157],[-83.26105,35.61206],[-83.26131,35.61229],[-83.26143,35.61231],[-83.26173,35.61198],[-83.26205,35.61198],[-83.26236,35.61221],[-83.26261,35.61205],[-83.26386,35.61237],[-83.26468,35.61296],[-83.26611,35.61312],[-83.26656,35.61303],[-83.26768,35.6137],[-83.26808,35.61416],[-83.26813,35.61409],[-83.27003,35.61401],[-83.27095,35.61375],[-83.27167,35.61388],[-83.27219,35.61421],[-83.27219,35.6148],[-83.27247,35.61559],[-83.27315,35.61594],[-83.27406,35.61671],[-83.27539,35.61726],[-83.27548,35.61751],[-83.27567,35.61758],[-83.27564,35.61805],[-83.2768,35.61843],[-83.27714,35.61808],[-83.27753,35.61824],[-83.27825,35.61819],[-83.27855,35.6179],[-83.27896,35.61706],[-83.27908,35.6166],[-83.27891,35.61616],[-83.27918,35.61557],[-83.27953,35.61542],[-83.27959,35.6151],[-83.2801,35.61481],[-83.27995,35.61419],[-83.27969,35.61468],[-83.27964,35.61417],[-83.27996,35.61387],[-83.27996,35.61347],[-83.2802,35.61325],[-83.28026,35.61291],[-83.28102,35.61202],[-83.2811,35.61097],[-83.2817,35.61044],[-83.28154,35.61027],[-83.28165,35.60999],[-83.28135,35.60974],[-83.28136,35.60933],[-83.2811,35.60911],[-83.28133,35.60878],[-83.2547,35.61013],[-83.25472,35.61033],[-83.24298,35.61283],[-83.2435,35.61252],[-83.24399,35.61277],[-83.2445,35.61269],[-83.24516,35.6129],[-83.24556,35.61259],[-83.24577,35.61274],[-83.24622,35.61274],[-83.24691,35.61311],[-83.24729,35.613],[-83.24752,35.61321],[-83.24771,35.61324],[-83.24825,35.6128],[-83.24859,35.61292],[-83.24907,35.61289],[-83.25018,35.61219],[-83.25032,35.61184],[-83.25082,35.61155],[-83.25089,35.61119],[-83.25143,35.61096],[-83.25152,35.6105],[-83.25224,35.61018],[-83.2521,35.60963],[-83.25408,35.61004],[-83.25507,35.60986],[-83.25518,35.60995],[-83.25503,35.60999],[-83.25523,35.61001],[-83.24298,35.61283],[-83.24308,35.61306],[-83.24283,35.61356],[-83.24223,35.61416],[-83.24212,35.61503],[-83.24144,35.61647],[-83.24073,35.61718],[-83.24054,35.61759],[-83.24026,35.61785],[-83.24031,35.61822],[-83.24048,35.61836],[-83.24102,35.61848],[-83.24102,35.61867],[-83.24021,35.61893],[-83.23983,35.61875],[-83.23933,35.61884],[-83.23836,35.61989],[-83.23631,35.62127],[-83.23637,35.62145],[-83.23671,35.62145],[-83.23691,35.62162],[-83.2367,35.62206],[-83.23679,35.62234],[-83.23653,35.62241],[-83.23659,35.62289],[-83.23641,35.62309],[-83.23645,35.62355],[-83.23602,35.62397],[-83.23563,35.62419],[-83.23546,35.62496],[-83.23564,35.62515],[-83.23586,35.62521],[-83.23585,35.62548],[-83.23617,35.62574],[-83.23758,35.62601],[-83.23705,35.62685],[-83.23637,35.6273],[-83.23625,35.62777],[-83.23546,35.62902],[-83.23494,35.62926],[-83.23433,35.63028],[-83.21087,35.62117],[-83.21149,35.62158],[-83.21282,35.62285],[-83.21351,35.6227],[-83.21365,35.62287],[-83.21406,35.62285],[-83.21421,35.62295],[-83.21519,35.62245],[-83.21508,35.62292],[-83.21516,35.62302],[-83.21644,35.62297],[-83.21606,35.62367],[-83.21609,35.62398],[-83.21629,35.62419],[-83.21725,35.62414],[-83.21733,35.62457],[-83.21709,35.62495],[-83.2171,35.62512],[-83.21718,35.62537],[-83.21753,35.62571],[-83.21838,35.62557],[-83.22046,35.62363],[-83.22068,35.62427],[-83.22054,35.62452],[-83.22066,35.62515],[-83.22111,35.62557],[-83.22145,35.6255],[-83.22203,35.62594],[-83.22227,35.62599],[-83.22353,35.62607],[-83.22314,35.62659],[-83.22324,35.62683],[-83.22309,35.6272],[-83.22335,35.62761],[-83.22307,35.62804],[-83.22307,35.62852],[-83.22288,35.62897],[-83.22328,35.62962],[-83.22382,35.62949],[-83.22389,35.62962],[-83.22423,35.62968],[-83.22434,35.63],[-83.22448,35.63006],[-83.22495,35.62993],[-83.22497,35.62967],[-83.22537,35.62972],[-83.22551,35.62986],[-83.22572,35.63065],[-83.22538,35.6316],[-83.22538,35.63191],[-83.22565,35.63212],[-83.2255,35.63233],[-83.22548,35.63262],[-83.22584,35.63324],[-83.22619,35.63324],[-83.22666,35.63367],[-83.22657,35.63408],[-83.22626,35.63439],[-83.22622,35.63487],[-83.22606,35.63525],[-83.22617,35.63543],[-83.22666,35.63537],[-83.22699,35.6348],[-83.22705,35.63442],[-83.2288,35.63294],[-83.22917,35.63279],[-83.2294,35.63224],[-83.22961,35.63209],[-83.22999,35.63212],[-83.23067,35.6324],[-83.23102,35.63235],[-83.23159,35.63181],[-83.23304,35.63121],[-83.23367,35.63082],[-83.23397,35.63036],[-83.23433,35.63028],[-83.21092,35.62131],[-83.21087,35.62117],[-83.21117,35.62168],[-83.21092,35.62131],[-83.21129,35.62215],[-83.21118,35.62173],[-83.21149,35.62397],[-83.21156,35.62369],[-83.21135,35.6224],[-83.21129,35.62215],[-83.21142,35.62412],[-83.21149,35.62397],[-83.21142,35.62412],[-83.2119,35.62448],[-83.21171,35.6254],[-83.21149,35.62563],[-83.21072,35.6259],[-83.20955,35.6269],[-83.20932,35.62732],[-83.20929,35.62764],[-83.20911,35.62781],[-83.20911,35.62804],[-83.20877,35.62824],[-83.20862,35.62891],[-83.20837,35.62921],[-83.20865,35.6292],[-83.20907,35.62945],[-83.20935,35.62948],[-83.20947,35.62908],[-83.21024,35.62871],[-83.21048,35.62897],[-83.2107,35.62902],[-83.21083,35.62935],[-83.2113,35.62952],[-83.21067,35.63009],[-83.21101,35.63042],[-83.21057,35.63099],[-83.21036,35.63106],[-83.21045,35.63129],[-83.21041,35.63157],[-83.20844,35.63186],[-83.20793,35.63208],[-83.20787,35.63232],[-83.2073,35.63276],[-83.20712,35.63314],[-83.20623,35.63418],[-83.20585,35.63444],[-83.20551,35.63509],[-83.20571,35.63538],[-83.20595,35.63535],[-83.20616,35.63548],[-83.20697,35.63535],[-83.20733,35.63555],[-83.20795,35.63528],[-83.2081,35.63556],[-83.20806,35.63582],[-83.20834,35.63619],[-83.20818,35.63646],[-83.20795,35.63652],[-83.2076,35.63745],[-83.20727,35.63757],[-83.20693,35.63752],[-83.20642,35.63828],[-83.20676,35.63862],[-83.20684,35.63883],[-83.20674,35.63905],[-83.2057,35.63939],[-83.20547,35.63955],[-83.20604,35.63978],[-83.20627,35.64012],[-83.20607,35.64038],[-83.20562,35.64057],[-83.20573,35.64089],[-83.20555,35.64133],[-83.20599,35.64168],[-83.20594,35.64232],[-83.20562,35.64254],[-83.20532,35.64304],[-83.20474,35.64338],[-83.2045,35.64384],[-83.20411,35.64398],[-83.20349,35.64532],[-83.20282,35.64586],[-83.20264,35.64615],[-83.20209,35.64631],[-83.20204,35.64648],[-83.20226,35.64741],[-83.20185,35.64855],[-83.20234,35.64929],[-83.20236,35.64991],[-83.20224,35.6502],[-83.2014,35.65108],[-83.20046,35.65155],[-83.19985,35.65169],[-83.19932,35.65205],[-83.19912,35.65246],[-83.19879,35.65268],[-83.19775,35.65314],[-83.19737,35.65348],[-83.19668,35.65372],[-83.19612,35.65444],[-83.19614,35.65472],[-83.19544,35.65554],[-83.19554,35.65594],[-83.19582,35.65625],[-83.19588,35.65652],[-83.19549,35.65726],[-83.19552,35.65812],[-83.1945,35.65876],[-83.19466,35.6595],[-83.19456,35.65997],[-83.19348,35.66101],[-83.1916,35.66147],[-83.1914,35.66168],[-83.1912,35.6625],[-83.19078,35.66319],[-83.19011,35.66382],[-83.18991,35.66416],[-83.18945,35.66415],[-83.1881,35.66532],[-83.18776,35.66531],[-83.18784,35.66559],[-83.18762,35.66617],[-83.18721,35.66644],[-83.18681,35.66696],[-83.18631,35.66728],[-83.18413,35.66673],[-83.18217,35.6667],[-83.18126,35.66648],[-83.1805,35.66763],[-83.18038,35.66724],[-83.18014,35.66694],[-83.1795,35.6665],[-83.17806,35.66582],[-83.17692,35.66546],[-83.17587,35.66551],[-83.1753,35.6657],[-83.17497,35.66634],[-83.17503,35.66708],[-83.17483,35.66758],[-83.174,35.66785],[-83.17374,35.66783],[-83.17326,35.66817],[-83.17194,35.66781],[-83.17141,35.66797],[-83.1696,35.66784],[-83.16697,35.66713],[-83.16661,35.66716],[-83.16635,35.66743],[-83.16672,35.66809],[-83.16643,35.66868],[-83.16604,35.66863],[-83.165,35.66888],[-83.16433,35.6689],[-83.1637,35.66911],[-83.16335,35.66948],[-83.16334,35.67083],[-83.16285,35.67119],[-83.16257,35.67115],[-83.16214,35.67136],[-83.16214,35.6723],[-83.16231,35.67245],[-83.16314,35.67272],[-83.16317,35.67288],[-83.16294,35.67341],[-83.16351,35.67429],[-83.1634,35.6745],[-83.16291,35.67471],[-83.16274,35.67503],[-83.16207,35.67544],[-83.16176,35.6758],[-83.16135,35.676],[-83.15885,35.67626],[-83.15837,35.67661],[-83.15834,35.67677],[-83.15861,35.67719],[-83.15959,35.67816],[-83.15959,35.67873],[-83.15922,35.67928],[-83.1581,35.68018],[-83.15619,35.68088],[-83.15419,35.68082],[-83.15325,35.68142],[-83.15062,35.68255],[-83.14768,35.68294],[-83.14549,35.68273],[-83.14529,35.68291],[-83.14445,35.68434],[-83.14403,35.6854],[-83.14336,35.68561],[-83.14235,35.68656],[-83.14088,35.68652],[-83.14005,35.68667],[-83.13962,35.68702],[-83.13874,35.68743],[-83.13691,35.68869],[-83.13672,35.68865],[-83.1363,35.68826],[-83.13597,35.68821],[-83.13569,35.68838],[-83.13518,35.68908],[-83.13311,35.69022],[-83.13245,35.69089],[-83.13086,35.69164],[-83.12945,35.69258],[-83.12895,35.69337],[-83.12828,35.694],[-83.12759,35.69438],[-83.12705,35.69501],[-83.12625,35.69649],[-83.12611,35.69704],[-83.12589,35.69726],[-83.12581,35.69779],[-83.1236,35.70071],[-83.1229,35.70142],[-83.12269,35.70208],[-83.12243,35.70231],[-83.12215,35.70233],[-83.10886,35.75068],[-83.10915,35.75016],[-83.10976,35.7497],[-83.10999,35.74937],[-83.11048,35.74914],[-83.11096,35.7487],[-83.11151,35.74859],[-83.11214,35.74799],[-83.11244,35.74815],[-83.11307,35.74767],[-83.1144,35.74632],[-83.11473,35.7452],[-83.11371,35.74269],[-83.11413,35.74276],[-83.11445,35.74249],[-83.11443,35.74234],[-83.11473,35.7419],[-83.11453,35.74138],[-83.11466,35.74123],[-83.11448,35.74082],[-83.11449,35.74055],[-83.11415,35.74044],[-83.11375,35.73992],[-83.11225,35.73917],[-83.11212,35.7389],[-83.11185,35.73885],[-83.1115,35.7383],[-83.11091,35.73791],[-83.11042,35.7374],[-83.11048,35.73734],[-83.11118,35.73749],[-83.11139,35.73768],[-83.11172,35.73776],[-83.1125,35.7378],[-83.11339,35.73829],[-83.1139,35.73833],[-83.11488,35.73742],[-83.11496,35.7372],[-83.11531,35.73717],[-83.11618,35.73751],[-83.11606,35.73782],[-83.11634,35.73793],[-83.11641,35.73808],[-83.11637,35.73823],[-83.11654,35.73856],[-83.11644,35.73887],[-83.11682,35.73899],[-83.11738,35.73871],[-83.11753,35.73855],[-83.11757,35.73828],[-83.1178,35.73813],[-83.11815,35.73808],[-83.11829,35.7379],[-83.11874,35.73791],[-83.11913,35.73811],[-83.11952,35.73801],[-83.11974,35.73811],[-83.11995,35.73793],[-83.11932,35.73742],[-83.11857,35.73732],[-83.11779,35.73693],[-83.11738,35.73639],[-83.11738,35.73624],[-83.11776,35.7357],[-83.11782,35.73533],[-83.11849,35.73503],[-83.11757,35.73429],[-83.11745,35.73378],[-83.11758,35.73324],[-83.1173,35.73255],[-83.11663,35.73202],[-83.11646,35.73142],[-83.1167,35.73099],[-83.11713,35.73077],[-83.11754,35.73078],[-83.11763,35.73062],[-83.11756,35.73052],[-83.11649,35.73025],[-83.11622,35.72981],[-83.11594,35.7289],[-83.1154,35.72834],[-83.11489,35.72813],[-83.11448,35.72763],[-83.11315,35.72703],[-83.11206,35.72619],[-83.11161,35.7257],[-83.11109,35.7254],[-83.11089,35.72512],[-83.11056,35.72507],[-83.11009,35.72538],[-83.10967,35.7255],[-83.10922,35.72518],[-83.10847,35.72529],[-83.10815,35.72517],[-83.10853,35.72456],[-83.10955,35.72346],[-83.10985,35.72348],[-83.11095,35.72294],[-83.11193,35.72173],[-83.11216,35.72094],[-83.11209,35.72046],[-83.11167,35.71939],[-83.11137,35.71902],[-83.11099,35.71888],[-83.11024,35.7193],[-83.10987,35.71919],[-83.10963,35.71894],[-83.10951,35.71843],[-83.10934,35.7182],[-83.10897,35.718],[-83.10985,35.71807],[-83.11068,35.71671],[-83.11116,35.71641],[-83.11212,35.71648],[-83.11269,35.71694],[-83.11277,35.7169],[-83.11331,35.71586],[-83.11327,35.715],[-83.11306,35.71461],[-83.11317,35.71397],[-83.11353,35.71343],[-83.11351,35.71314],[-83.11364,35.71293],[-83.11417,35.71239],[-83.11343,35.71247],[-83.11305,35.71262],[-83.11405,35.71184],[-83.1147,35.71162],[-83.1156,35.711],[-83.11647,35.71066],[-83.11739,35.71057],[-83.11791,35.71001],[-83.11872,35.70961],[-83.11803,35.70944],[-83.11874,35.70906],[-83.11898,35.70873],[-83.11936,35.70852],[-83.11953,35.70664],[-83.11983,35.70593],[-83.11993,35.70505],[-83.12013,35.70469],[-83.12006,35.70408],[-83.12098,35.70309],[-83.12164,35.70283],[-83.12215,35.70233],[-83.10911,35.75086],[-83.10886,35.75068],[-83.10951,35.75157],[-83.10923,35.75096],[-83.10911,35.75086],[-83.10954,35.75165],[-83.10986,35.75175],[-83.10482,35.76244],[-83.10484,35.7613],[-83.10464,35.75995],[-83.10479,35.75981],[-83.10546,35.75977],[-83.1059,35.75956],[-83.10594,35.75926],[-83.10568,35.75871],[-83.10599,35.75777],[-83.10667,35.75693],[-83.10823,35.75455],[-83.10985,35.75304],[-83.1103,35.75218],[-83.11022,35.75188],[-83.10986,35.75175],[-83.10482,35.76244],[-83.10622,35.76318],[-83.10767,35.76278],[-83.10769,35.76288],[-83.10733,35.76319],[-83.10714,35.76355],[-83.10719,35.76388],[-83.10736,35.76415],[-83.10857,35.7652],[-83.11046,35.76586],[-83.11118,35.76631],[-83.11104,35.76642],[-83.11028,35.76625],[-83.10995,35.76642],[-83.10976,35.76701],[-83.10977,35.76798],[-83.10909,35.76764],[-83.10868,35.76711],[-83.10834,35.76687],[-83.10826,35.7669],[-83.10864,35.76734],[-83.10874,35.7678],[-83.10942,35.76855],[-83.10962,35.76959],[-83.10986,35.77002],[-83.1103,35.77035],[-83.11113,35.77056],[-84.45174,35.10794],[-84.4523,35.10794],[-84.45237,35.10839],[-84.45223,35.1087],[-84.45258,35.1087],[-84.45308,35.10832],[-84.45342,35.10825],[-84.45384,35.10833],[-84.45405,35.10865],[-84.45376,35.10976],[-84.45396,35.11002],[-84.45427,35.11009],[-84.45416,35.11055],[-84.4544,35.11077],[-84.456,35.11037],[-84.45675,35.10959],[-84.45827,35.10932],[-84.45902,35.1095],[-84.45956,35.10934],[-84.4598,35.10956],[-84.45984,35.1098],[-84.46066,35.10996],[-84.46141,35.10958],[-84.46181,35.10961],[-84.46256,35.10998],[-84.46364,35.11018],[-84.46395,35.11069],[-84.46428,35.11081],[-84.46443,35.11098],[-84.46396,35.11124],[-84.46388,35.11165],[-84.46341,35.11212],[-84.46342,35.11233],[-84.46377,35.11287],[-84.4634,35.11342],[-84.46326,35.11401],[-84.46357,35.11389],[-84.46387,35.11443],[-84.46364,35.1149],[-84.46384,35.11508],[-84.46411,35.11512],[-84.46451,35.11476],[-84.46484,35.11495],[-84.46499,35.11534],[-84.46528,35.11563],[-84.46632,35.11598],[-84.46647,35.11622],[-84.46631,35.11638],[-84.46603,35.11716],[-84.46595,35.11771],[-84.4666,35.11951],[-84.46744,35.11989],[-84.46717,35.1204],[-84.46719,35.12054],[-84.46757,35.12037],[-84.46832,35.11944],[-84.46848,35.11946],[-84.46869,35.11972],[-84.46865,35.11994],[-84.46772,35.12079],[-84.46764,35.12117],[-84.46636,35.1218],[-84.46616,35.12199],[-84.46632,35.12273],[-84.46656,35.12279],[-84.46678,35.12211],[-84.46732,35.1217],[-84.46761,35.12161],[-84.46792,35.1216],[-84.46856,35.12186],[-84.46905,35.12229],[-84.46992,35.12202],[-84.47046,35.12146],[-84.47074,35.12065],[-84.47128,35.1204],[-84.47171,35.12052],[-84.47238,35.12033],[-84.47251,35.12058],[-84.47318,35.1208],[-84.47377,35.12122],[-84.47419,35.12129],[-84.47447,35.12148],[-84.47466,35.12236],[-84.47461,35.12271],[-84.47416,35.12294],[-84.47368,35.12352],[-84.47263,35.12367],[-84.47191,35.12337],[-84.47183,35.12366],[-84.47186,35.12466],[-84.47165,35.12483],[-84.47195,35.12556],[-84.47179,35.12571],[-84.47091,35.12535],[-84.47046,35.12531],[-84.47035,35.12542],[-84.47146,35.12631],[-84.4715,35.12655],[-84.47097,35.12705],[-84.47103,35.12728],[-84.47137,35.12758],[-84.4714,35.12782],[-84.47112,35.12806],[-84.4707,35.12812],[-84.4703,35.12804],[-84.46964,35.12769],[-84.4689,35.12773],[-84.4686,35.12793],[-84.46855,35.12821],[-84.4691,35.12857],[-84.46908,35.12884],[-84.46863,35.12935],[-84.46877,35.12994],[-84.4676,35.1299],[-84.46736,35.13004],[-84.46729,35.13023],[-84.46806,35.13123],[-84.46805,35.13142],[-84.46778,35.13146],[-84.46699,35.13091],[-84.46644,35.13141],[-84.46635,35.13175],[-84.4664,35.13229],[-84.46662,35.13253],[-84.46734,35.13278],[-84.46757,35.13316],[-84.46677,35.13377],[-84.46617,35.13377],[-84.4657,35.13399],[-84.46602,35.13482],[-84.46589,35.13506],[-84.46463,35.13543],[-84.4645,35.13571],[-84.46461,35.13683],[-84.46512,35.13704],[-84.46527,35.13737],[-84.46473,35.13811],[-84.46469,35.13844],[-84.46476,35.13874],[-84.46469,35.13932],[-84.46501,35.13985],[-84.46535,35.1402],[-84.46576,35.14036],[-84.46757,35.14036],[-84.4677,35.14051],[-84.46892,35.14072],[-84.46948,35.14145],[-84.46975,35.1424],[-84.46957,35.14271],[-84.46947,35.14321],[-84.46986,35.14414],[-84.46993,35.14466],[-84.47039,35.14547],[-84.4709,35.14564],[-84.47125,35.14594],[-84.47097,35.14717],[-84.47109,35.14815],[-84.47087,35.14895],[-84.47132,35.14919],[-84.47195,35.15167],[-84.47349,35.15388],[-84.47279,35.15452],[-84.47259,35.15479],[-84.47245,35.15534],[-84.4722,35.15555],[-84.47155,35.15574],[-84.47076,35.1564],[-84.47054,35.15617],[-84.47024,35.15612],[-84.47006,35.15646],[-84.47061,35.15701],[-84.47081,35.15699],[-84.47077,35.15722],[-84.47041,35.15719],[-84.46956,35.15673],[-84.46953,35.15686],[-84.46979,35.15741],[-84.47007,35.1576],[-84.4704,35.15765],[-84.47034,35.15783],[-84.46992,35.15803],[-84.46917,35.15795],[-84.46945,35.15839]]}},{"type":"Feature","properties":{"id":"d7da25f9e4a8","name":"Clingmans Dome Bypass Trail","length_mi":0.51,"country":"United States","state":"North Carolina","park":"Great Smoky Mountains National Park","park_type":"National park or forest","note":"","source":"OpenStreetMap","osm_id":"7552917","osm_ids":[],"created_at":"2025-12-22T16:12:31.895583"},"geometry":{"type":"LineString","coordinates":[[-83.49751,35.55785],[-83.49797,35.5587],[-83.49975,35.56061],[-83.50054,35.56126],[-83.50169,35.56171],[-83.50344,35.56184],[-83.50422,35.56208]]}},{"type":"Feature","properties":{"id":"1d307fb1e456","name":"Deep Creek Trail","length_mi":13.9,"country":"United States","state":"North Carolina","park":"Great Smoky Mountains National Park","park_type":"National park or forest","note":"","source":"OpenStreetMap","osm_id":"7552883","osm_ids":[],"created_at":"2025-12-22T16:12:31.894583"},"geometry":{"type":"LineString","coordinates":[[-83.4298,35.46908],[-83.42962,35.46873],[-83.4295,35.46812],[-83.42958,35.46773],[-83.42995,35.46711],[-83.43086,35.46636],[-83.4323,35.46563],[-83.43372,35.46473],[-83.42963,35.46926],[-83.4298,35.46908],[-83.42432,35.48482],[-83.42437,35.48476],[-83.42401,35.48415],[-83.42412,35.48329],[-83.42619,35.48061],[-83.4267,35.47964],[-83.4269,35.4785],[-83.42884,35.47644],[-83.42897,35.47556],[-83.4294,35.47432],[-83.42995,35.47367],[-83.42958,35.4729],[-83.42876,35.47256],[-83.42797,35.47201],[-83.4278,35.47169],[-83.42774,35.47119],[-83.42791,35.47048],[-83.42811,35.4702],[-83.42939,35.4697],[-83.42959,35.46954],[-83.42963,35.46926],[-83.42207,35.52946],[-83.42183,35.52932],[-83.42154,35.52841],[-83.42156,35.52805],[-83.42144,35.52783],[-83.42158,35.52716],[-83.4212,35.52611],[-83.42038,35.52496],[-83.4201,35.52437],[-83.41956,35.5242],[-83.41933,35.52397],[-83.41919,35.52336],[-83.4195,35.52205],[-83.41937,35.5209],[-83.41918,35.52074],[-83.41898,35.52077],[-83.41881,35.52055],[-83.42402,35.56293],[-83.42346,35.56224],[-83.42302,35.56195],[-83.42274,35.56095],[-83.42241,35.56072],[-83.42129,35.56067],[-83.42059,35.56048],[-83.41991,35.56068],[-83.41887,35.56144],[-83.41775,35.56142],[-83.41723,35.561],[-83.41684,35.56045],[-83.41565,35.56033],[-83.41504,35.55955],[-83.41393,35.55922],[-83.41282,35.55907],[-83.41242,35.55883],[-83.41201,35.55894],[-83.4114,35.55856],[-83.41177,35.55757],[-83.41252,35.55686],[-83.41302,35.55662],[-83.41327,35.55625],[-83.4132,35.55574],[-83.41299,35.55543],[-83.41269,35.55519],[-83.41236,35.55511],[-83.41229,35.55494],[-83.41181,35.55468],[-83.41164,35.55432],[-83.41244,35.55375],[-83.41374,35.5536],[-83.41402,35.55342],[-83.41392,35.55324],[-83.41313,35.55274],[-83.41285,35.55224],[-83.41254,35.55209],[-83.41215,35.55161],[-83.41207,35.55137],[-83.412,35.55037],[-83.41236,35.54973],[-83.41231,35.54922],[-83.41241,35.54881],[-83.41217,35.54842],[-83.41194,35.54855],[-83.41166,35.54817],[-83.41183,35.54781],[-83.41184,35.54738],[-83.41234,35.54739],[-83.41272,35.54696],[-83.41179,35.54566],[-83.41184,35.5452],[-83.41172,35.54449],[-83.41185,35.54422],[-83.41183,35.5438],[-83.41197,35.54329],[-83.41243,35.54213],[-83.41291,35.54131],[-83.41337,35.54091],[-83.41424,35.54054],[-83.41448,35.53995],[-83.41475,35.53972],[-83.41554,35.53951],[-83.41568,35.53913],[-83.41617,35.53891],[-83.41611,35.5378],[-83.41622,35.53751],[-83.41645,35.53719],[-83.41677,35.53699],[-83.41787,35.53533],[-83.41864,35.53468],[-83.42035,35.534],[-83.42046,35.53388],[-83.42042,35.53374],[-83.42118,35.53315],[-83.42131,35.53257],[-83.42161,35.53208],[-83.42209,35.53157],[-83.42201,35.53079],[-83.42218,35.53051],[-83.42221,35.53015],[-83.42207,35.52946],[-83.41256,35.55895],[-83.42537,35.58767],[-83.42534,35.5876],[-83.42255,35.59933],[-83.42312,35.59939],[-83.42323,35.59977],[-83.42343,35.59929],[-83.42326,35.59917],[-83.42356,35.59928],[-83.4235,35.59957],[-83.42364,35.59982],[-83.42352,35.60014],[-83.42362,35.60032],[-83.4237,35.60013],[-83.42409,35.59983],[-83.42406,35.59948],[-83.42443,35.59918],[-83.4248,35.59865],[-83.42467,35.5995],[-83.42486,35.59976],[-83.42482,35.60014],[-83.42525,35.60003],[-83.42549,35.60014],[-83.42568,35.59994],[-83.42609,35.60003],[-83.42624,35.59963],[-83.4271,35.59891],[-83.42729,35.59905],[-83.42741,35.59942],[-83.42771,35.59919],[-83.4281,35.59924],[-83.42807,35.5988],[-83.42791,35.59842],[-83.42795,35.59801],[-83.42806,35.59793],[-83.42825,35.59802],[-83.42836,35.59745],[-83.42863,35.59726],[-83.42891,35.59681],[-83.42965,35.59692],[-83.42913,35.59611],[-83.42916,35.59475],[-83.42883,35.59298],[-83.42896,35.59188],[-83.42963,35.59215],[-83.42969,35.59204],[-83.42884,35.59101],[-83.4286,35.59055],[-83.42684,35.58965],[-83.42655,35.58932],[-83.42587,35.58889],[-83.42561,35.58836],[-83.4256,35.58798],[-83.42547,35.58791],[-83.42527,35.58746],[-83.42495,35.58737],[-83.42468,35.58709],[-83.42461,35.58681],[-83.42497,35.58603],[-83.42517,35.58378],[-83.42415,35.58272],[-83.42379,35.58249],[-83.42353,35.58192],[-83.42325,35.58159],[-83.42301,35.5815],[-83.42289,35.58124],[-83.42203,35.58064],[-83.42199,35.58037],[-83.42195,35.57911],[-83.42233,35.57796],[-83.42325,35.57737],[-83.42382,35.57646],[-83.42455,35.57601],[-83.42492,35.57546],[-83.42512,35.57491],[-83.42511,35.57454],[-83.42489,35.57422],[-83.42484,35.57394],[-83.42502,35.57345],[-83.42464,35.5726],[-83.42488,35.57171],[-83.42475,35.57094],[-83.42516,35.57022],[-83.42516,35.56914],[-83.42527,35.56855],[-83.42489,35.56753],[-83.42507,35.56661],[-83.42459,35.56606],[-83.42467,35.56593],[-83.42446,35.56534],[-83.42494,35.56474],[-83.42482,35.56448],[-83.42444,35.56427],[-83.42424,35.56311],[-83.42402,35.56293],[-83.41881,35.52055],[-83.41925,35.51994],[-83.41929,35.51972],[-83.41985,35.51927],[-83.42041,35.51923],[-83.42202,35.51853],[-83.42324,35.51846],[-83.42417,35.51856],[-83.42479,35.5185],[-83.42541,35.51822],[-83.42558,35.51744],[-83.42518,35.51705],[-83.42507,35.51698],[-83.42458,35.51708],[-83.42403,35.51671],[-83.42367,35.5167],[-83.42347,35.51653],[-83.42346,35.51497],[-83.42392,35.51473],[-83.42441,35.51473],[-83.42495,35.51488],[-83.42543,35.51472],[-83.42558,35.51451],[-83.42557,35.51387],[-83.42518,35.51325],[-83.4247,35.51325],[-83.42481,35.51236],[-83.42528,35.51185],[-83.42656,35.51171],[-83.42763,35.51218],[-83.428,35.51217],[-83.42829,35.51187],[-83.42824,35.51159],[-83.42712,35.51157],[-83.42694,35.51146],[-83.42649,35.51102],[-83.42674,35.51052],[-83.42752,35.51008],[-83.42909,35.50991],[-83.43017,35.50952],[-83.43114,35.50867],[-83.43104,35.50829],[-83.43051,35.50788],[-83.43002,35.50773],[-83.4297,35.50722],[-83.43077,35.50559],[-83.43094,35.50478],[-83.43076,35.50427],[-83.43079,35.50263],[-83.43088,35.50231],[-83.43144,35.50184],[-83.43222,35.50085],[-83.43409,35.49984],[-83.43428,35.49918],[-83.43392,35.49854],[-83.43363,35.49827],[-83.43362,35.49781],[-83.43348,35.49748],[-83.43396,35.49705],[-83.43442,35.49684],[-83.43436,35.49674],[-83.43395,35.49674],[-83.43333,35.49656],[-83.43278,35.49608],[-83.43224,35.49592],[-83.43127,35.49592],[-83.43128,35.49567],[-83.43116,35.49555],[-83.43051,35.49569],[-83.43047,35.49558],[-83.43082,35.495],[-83.43077,35.49485],[-83.43018,35.49427],[-83.42972,35.49404],[-83.4293,35.4939],[-83.42895,35.494],[-83.4286,35.49385],[-83.42741,35.4937],[-83.42683,35.49319],[-83.42657,35.49313],[-83.42573,35.49299],[-83.42498,35.49303],[-83.42434,35.49281],[-83.42406,35.49244],[-83.4242,35.49156],[-83.42466,35.49043],[-83.42462,35.48998],[-83.42483,35.4893],[-83.42476,35.48881],[-83.42409,35.48826],[-83.42281,35.48755],[-83.42254,35.48706],[-83.42259,35.48674],[-83.42374,35.48569],[-83.42413,35.48495],[-83.42432,35.48482]]}},{"type":"Feature","properties":{"id":"acde38d24f6e","name":"Elmer Hollow Trail","length_mi":1.09,"country":"United States","state":"North Carolina","park":"Nantahala National Forest","park_type":"National park or forest","note":"","source":"OpenStreetMap","osm_id":"13302583","osm_ids":[],"created_at":"2025-12-22T16:12:31.896583"},"geometry":{"type":"LineString","coordinates":[[-83.82035,35.43216],[-83.82017,35.43193],[-83.81994,35.43112],[-83.82004,35.43097],[-83.82028,35.43095],[-83.82093,35.43156],[-83.82136,35.43179],[-83.82158,35.43176],[-83.82171,35.43145],[-83.82219,35.4316],[-83.82249,35.43157],[-83.82252,35.43134],[-83.8223,35.4311],[-83.82267,35.43068],[-83.82281,35.43064],[-83.82306,35.43081],[-83.8233,35.43075],[-83.82338,35.43064],[-83.82333,35.43021],[-83.82351,35.43005],[-83.82403,35.43007],[-83.82413,35.42984],[-83.82444,35.42971],[-83.82487,35.42924],[-83.82585,35.42878],[-83.82676,35.42891],[-83.82741,35.42845],[-83.82769,35.4287],[-83.82798,35.42876],[-83.82816,35.42869],[-83.8285,35.42829],[-83.8289,35.42826],[-83.82925,35.42839],[-83.82958,35.4282],[-83.83011,35.42831],[-83.83032,35.42814],[-83.83062,35.42821],[-83.83088,35.42798],[-83.83121,35.42822],[-83.83156,35.42815],[-83.8317,35.42786],[-83.83196,35.42827],[-83.83208,35.42829],[-83.83213,35.42817]]}},{"type":"Feature","properties":{"id":"a7074fd03746","name":"Fork Ridge Trail","length_mi":4.97,"country":"United States","state":"North Carolina","park":"Great Smoky Mountains National Park","park_type":"National park or forest","note":"","source":"OpenStreetMap","osm_id":"7552889","osm_ids":[],"created_at":"2025-12-22T16:12:31.894583"},"geometry":{"type":"LineString","coordinates":[[-83.46966,35.59073],[-83.46942,35.59021],[-83.47001,35.58967],[-83.46981,35.5889],[-83.46928,35.58812],[-83.46827,35.58768],[-83.46662,35.58731],[-83.46473,35.58628],[-83.46134,35.5857],[-83.45967,35.58588],[-83.45819,35.58534],[-83.45744,35.58541],[-83.45701,35.58504],[-83.45676,35.58497],[-83.45522,35.58495],[-83.45454,35.5845],[-83.45381,35.58373],[-83.45287,35.58321],[-83.45232,35.58277],[-83.45214,35.58242],[-83.45142,35.58189],[-83.45132,35.58166],[-83.4508,35.58112],[-83.44998,35.58048],[-83.44919,35.58005],[-83.44919,35.57974],[-83.44965,35.57953],[-83.45005,35.57893],[-83.45003,35.57846],[-83.44972,35.57771],[-83.44978,35.57709],[-83.44969,35.57697],[-83.44953,35.57715],[-83.44935,35.57824],[-83.4492,35.57854],[-83.4489,35.57871],[-83.44852,35.57864],[-83.44809,35.5788],[-83.44732,35.5784],[-83.4468,35.57859],[-83.44571,35.57795],[-83.44491,35.57798],[-83.44412,35.57718],[-83.44221,35.57605],[-83.44205,35.57609],[-83.44204,35.57624],[-83.4416,35.57674],[-83.44118,35.57672],[-83.43983,35.57539],[-83.43949,35.57488],[-83.43959,35.57429],[-83.43996,35.57342],[-83.4399,35.57324],[-83.43886,35.57279],[-83.43873,35.57238],[-83.43825,35.57196],[-83.43808,35.57143],[-83.4378,35.57132],[-83.43755,35.57076],[-83.43775,35.57022],[-83.43662,35.56983],[-83.43617,35.5698],[-83.43573,35.56958],[-83.43532,35.56928],[-83.43496,35.56866],[-83.43425,35.56838],[-83.43376,35.5687],[-83.43307,35.56853],[-83.43226,35.56874],[-83.43178,35.56846],[-83.43147,35.56847],[-83.43069,35.56793],[-83.43048,35.56735],[-83.42959,35.56665],[-83.42959,35.56617],[-83.42897,35.56531],[-83.42875,35.56448],[-83.4284,35.56409],[-83.4285,35.56307],[-83.42812,35.56219],[-83.4282,35.5618],[-83.42834,35.56165],[-83.42975,35.56092],[-83.42994,35.56011],[-83.42962,35.55985],[-83.42929,35.55974],[-83.42888,35.56005],[-83.42844,35.56009],[-83.42789,35.56032],[-83.42711,35.56007],[-83.42639,35.56013],[-83.42584,35.55994],[-83.42509,35.55995],[-83.4247,35.55986],[-83.42402,35.55948],[-83.42368,35.55915],[-83.42278,35.5588],[-83.42275,35.55934],[-83.42331,35.55974],[-83.42378,35.5605],[-83.42381,35.56094],[-83.42402,35.56129],[-83.42442,35.56161],[-83.42454,35.56197],[-83.42476,35.56213],[-83.42477,35.56227],[-83.42453,35.56257],[-83.42435,35.56261],[-83.42402,35.56293]]}},{"type":"Feature","properties":{"id":"3ef1bc46fbd4","name":"Forney Creek Trail","length_mi":11.09,"country":"United States","state":"North Carolina","park":"Great Smoky Mountains National Park","park_type":"National park or forest","note":"","source":"OpenStreetMap","osm_id":"7552919","osm_ids":[],"created_at":"2025-12-22T16:12:31.895583"},"geometry":{"type":"LineString","coordinates":[[-83.49179,35.5479],[-83.49208,35.54802],[-83.4925,35.54912],[-83.49306,35.55009],[-83.49352,35.55038],[-83.49438,35.55048],[-83.49554,35.55024],[-83.49729,35.55053],[-83.49813,35.55053],[-83.49888,35.55035],[-83.49956,35.54963],[-83.50025,35.54945],[-83.5012,35.54968],[-83.50162,35.5505],[-83.50276,35.55125],[-83.50251,35.55037],[-83.50376,35.54808],[-83.50389,35.54753],[-83.50358,35.54733],[-83.50236,35.54714],[-83.50051,35.54665],[-83.49992,35.54661],[-83.49997,35.54655],[-83.50104,35.54643],[-83.50512,35.54513],[-83.50646,35.5446],[-83.50682,35.5447],[-83.50739,35.54515],[-83.50748,35.54511],[-83.50809,35.54404],[-83.50802,35.54396],[-83.50745,35.54417],[-83.50743,35.54406],[-83.50781,35.54362],[-83.50854,35.54329],[-83.50917,35.54266],[-83.51055,35.54196],[-83.51105,35.54128],[-83.51175,35.54077],[-83.51288,35.54058],[-83.51246,35.54047],[-83.51247,35.54037],[-83.5138,35.54024],[-83.51465,35.54003],[-83.51494,35.54064],[-83.51509,35.54067],[-83.51527,35.54038],[-83.51577,35.54016],[-83.51627,35.53973],[-83.51665,35.53914],[-83.51764,35.5391],[-83.51812,35.5385],[-83.51858,35.53834],[-83.51866,35.53813],[-83.51908,35.538],[-83.51928,35.53781],[-83.51974,35.53786],[-83.51999,35.5377],[-83.52063,35.53776],[-83.52114,35.53754],[-83.52195,35.5377],[-83.52221,35.53748],[-83.52226,35.53712],[-83.52237,35.53702],[-83.52423,35.53605],[-83.52477,35.53598],[-83.52521,35.53542],[-83.52609,35.53502],[-83.52654,35.53529],[-83.52657,35.53504],[-83.5259,35.53487],[-83.5252,35.53493],[-83.52466,35.53518],[-83.52416,35.53497],[-83.52371,35.53517],[-83.52258,35.53524],[-83.52414,35.53469],[-83.52464,35.53468],[-83.525,35.5344],[-83.52607,35.53412],[-83.52722,35.53401],[-83.52782,35.53429],[-83.52802,35.53417],[-83.52832,35.53332],[-83.52873,35.53324],[-83.52878,35.533],[-83.52917,35.53269],[-83.52916,35.53253],[-83.52859,35.53295],[-83.52791,35.5331],[-83.52736,35.53262],[-83.52734,35.53227],[-83.52743,35.53205],[-83.52825,35.53168],[-83.52894,35.53091],[-83.52921,35.52928],[-83.52938,35.52905],[-83.52941,35.5286],[-83.52967,35.52818],[-83.53045,35.52771],[-83.53064,35.52707],[-83.53105,35.52685],[-83.5324,35.52649],[-83.53273,35.52626],[-83.53341,35.52545],[-83.53393,35.52507],[-83.53446,35.52489],[-83.53592,35.5248],[-83.53637,35.5246],[-83.53686,35.5239],[-83.53687,35.52327],[-83.53592,35.5232],[-83.53668,35.52307],[-83.53726,35.52318],[-83.5372,35.52431],[-83.53703,35.52464],[-83.53742,35.5241],[-83.53767,35.52309],[-83.53852,35.52248],[-83.53878,35.52253],[-83.53892,35.52268],[-83.53893,35.52306],[-83.53922,35.52352],[-83.54006,35.52392],[-83.54066,35.52391],[-83.54091,35.52364],[-83.54092,35.52324],[-83.54144,35.5226],[-83.54161,35.52221],[-83.54157,35.52198],[-83.54172,35.5219],[-83.54194,35.52152],[-83.54274,35.52095],[-83.54307,35.52045],[-83.54321,35.51994],[-83.54355,35.51968],[-83.54615,35.51866],[-83.5475,35.51838],[-83.54849,35.51784],[-83.5509,35.51732],[-83.55113,35.51709],[-83.55158,35.51613],[-83.55274,35.51512],[-83.55419,35.5146],[-83.55532,35.51386],[-83.55703,35.51352],[-83.55779,35.51296],[-83.55817,35.51142],[-83.55876,35.51015],[-83.55841,35.50917],[-83.55836,35.50859],[-83.55941,35.50694],[-83.55929,35.50668],[-83.55936,35.50617],[-83.56004,35.50586],[-83.56091,35.50506],[-83.56098,35.50489],[-83.56142,35.50463],[-83.56156,35.50433],[-83.56153,35.50392],[-83.56173,35.50352],[-83.5617,35.50284],[-83.56151,35.50263],[-83.56165,35.50227],[-83.56167,35.50168],[-83.56125,35.50132],[-83.56161,35.501],[-83.56167,35.50034],[-83.56152,35.50019],[-83.56155,35.49965],[-83.5618,35.49827],[-83.56203,35.49794],[-83.56125,35.4975],[-83.56059,35.49729],[-83.56022,35.49681],[-83.56002,35.49579],[-83.55952,35.49526],[-83.55937,35.49482],[-83.55963,35.49445],[-83.55974,35.49404],[-83.5595,35.49347],[-83.5598,35.49333],[-83.55996,35.49286],[-83.56036,35.49254],[-83.56048,35.49211],[-83.56085,35.49178],[-83.5616,35.49165],[-83.56364,35.49167],[-83.56454,35.49131],[-83.565,35.49075],[-83.56561,35.48957],[-83.56609,35.48903],[-83.56653,35.48781],[-83.56644,35.48724],[-83.56603,35.4865],[-83.5649,35.48523],[-83.56316,35.48467],[-83.56274,35.48473],[-83.56271,35.48456],[-83.56305,35.48396],[-83.56268,35.48348],[-83.56504,35.4819],[-83.56555,35.48129],[-83.56567,35.48055],[-83.56519,35.47945],[-83.56509,35.47844],[-83.56534,35.47796],[-83.5659,35.47734],[-83.56614,35.47637],[-83.56611,35.4754],[-83.56628,35.47507],[-83.56716,35.47382],[-83.56814,35.47306],[-83.56837,35.47275],[-83.5683,35.47251],[-83.56642,35.47159],[-83.56591,35.47117],[-83.56578,35.47084],[-83.5658,35.46983],[-83.56629,35.46844],[-83.56615,35.46766],[-83.56596,35.46744]]}},{"type":"Feature","properties":{"id":"4c8a79a9389b","name":"Forney Ridge Trail","length_mi":1.68,"country":"United States","state":"North Carolina","park":"Great Smoky Mountains National Park","park_type":"National park or forest","note":"","source":"OpenStreetMap","osm_id":"7552918","osm_ids":[],"created_at":"2025-12-22T16:12:31.895583"},"geometry":{"type":"LineString","coordinates":[[-83.4961,35.55674],[-83.49627,35.55685],[-83.49638,35.55713],[-83.4965,35.5568],[-83.49675,35.55669],[-83.49694,35.55715],[-83.49751,35.55785],[-83.49737,35.55655],[-83.49753,35.55572],[-83.49643,35.55403],[-83.49556,35.55347],[-83.49328,35.55263],[-83.49172,35.55144],[-83.49124,35.55065],[-83.49146,35.54975],[-83.49179,35.54899],[-83.49169,35.54862],[-83.49189,35.54761],[-83.49181,35.54729],[-83.49195,35.54708],[-83.4918,35.54558],[-83.49191,35.54539],[-83.49187,35.54499],[-83.49169,35.54437],[-83.49241,35.54351],[-83.49254,35.54325],[-83.49245,35.54292],[-83.49259,35.54272],[-83.49396,35.54209],[-83.49435,35.54164],[-83.49428,35.54125],[-83.49403,35.54094],[-83.49355,35.53985]]}},{"type":"Feature","properties":{"id":"44617c4fec03","name":"Gold Branch Trail","length_mi":2.96,"country":"United States","state":"North Carolina","park":"Nantahala National Forest","park_type":"National park or forest","note":"","source":"OpenStreetMap","osm_id":"13302577","osm_ids":[],"created_at":"2025-12-22T16:12:31.896583"},"geometry":{"type":"LineString","coordinates":[[-83.80449,35.43764],[-83.80439,35.43741],[-83.8044,35.43692],[-83.80466,35.43667],[-83.80428,35.43603],[-83.80394,35.43595],[-83.80377,35.43576],[-83.80336,35.43575],[-83.80336,35.43508],[-83.80458,35.43779],[-83.80449,35.43764],[-83.80458,35.43779],[-83.80403,35.43817],[-83.80372,35.43824],[-83.80321,35.43817],[-83.80278,35.43837],[-83.80216,35.43828],[-83.80169,35.4384],[-83.80105,35.43823],[-83.80044,35.43852],[-83.79996,35.43838],[-83.79952,35.43849],[-83.7995,35.43816],[-83.79962,35.43792],[-83.79928,35.43752],[-83.79848,35.43768],[-83.79829,35.43756],[-83.7982,35.43732],[-83.79794,35.43725],[-83.79745,35.43762],[-83.79745,35.43802],[-83.79732,35.43755],[-83.79718,35.43788],[-83.79664,35.43792],[-83.79698,35.43776],[-83.79697,35.43732],[-83.7973,35.4372],[-83.79734,35.43682],[-83.79761,35.43676],[-83.79794,35.43683],[-83.79864,35.43661],[-83.79888,35.43691],[-83.79923,35.43684],[-83.79898,35.4368],[-83.79898,35.43665],[-83.79919,35.43674],[-83.7998,35.43655],[-83.80036,35.43668],[-83.8005,35.43681],[-83.80038,35.43736],[-83.80075,35.43767],[-83.80054,35.43727],[-83.80077,35.43698],[-83.801,35.43615],[-83.8014,35.43556],[-83.8012,35.43542],[-83.80048,35.43535],[-83.80057,35.43498],[-83.80026,35.43468],[-83.80067,35.43443],[-83.8007,35.43413],[-83.80096,35.43378],[-83.8017,35.43369],[-83.80246,35.43344],[-83.8027,35.4331],[-83.80264,35.43287],[-83.80286,35.43261],[-83.80277,35.43214],[-83.80296,35.43159],[-83.80362,35.43133],[-83.80386,35.43112],[-83.80367,35.43149],[-83.8034,35.43171],[-83.80372,35.43165],[-83.80406,35.43141],[-83.80418,35.43146],[-83.80449,35.43764],[-83.80417,35.4373],[-83.80403,35.43651],[-83.80358,35.43629],[-83.80275,35.43639],[-83.80252,35.43626],[-83.80239,35.4359],[-83.80186,35.4359],[-83.80179,35.43539],[-83.80127,35.43489],[-83.80142,35.43434],[-83.8028,35.43388],[-83.80336,35.43343],[-83.80355,35.4321],[-83.80369,35.43183],[-83.80418,35.43146],[-83.80449,35.43764],[-83.80439,35.43741],[-83.8044,35.43692],[-83.80466,35.43667],[-83.80428,35.43603],[-83.80394,35.43595],[-83.80377,35.43576],[-83.80336,35.43575],[-83.80336,35.43508]]}},{"type":"Feature","properties":{"id":"4a5f89678d56","name":"Hoor Hollow Trail","length_mi":0.97,"country":"United States","state":"North Carolina","park":"Nantahala National Forest","park_type":"National park or forest","note":"","source":"OpenStreetMap","osm_id":"13302579","osm_ids":[],"created_at":"2025-12-22T16:12:31.896583"},"geometry":{"type":"LineString","coordinates":[[-83.82418,35.43693],[-83.82367,35.43689],[-83.82263,35.43711],[-83.82367,35.43712],[-83.82392,35.4373],[-83.82389,35.43739],[-83.82359,35.43719],[-83.82263,35.4373],[-83.82186,35.43725],[-83.82165,35.43699],[-83.821,35.43722],[-83.82068,35.43682],[-83.82016,35.43727],[-83.82007,35.43716],[-83.82009,35.43656],[-83.81933,35.43631],[-83.81891,35.43691],[-83.81888,35.43747],[-83.81879,35.43759],[-83.8184,35.43737],[-83.81823,35.43702],[-83.81734,35.43623],[-83.81637,35.43565],[-83.81645,35.43553],[-83.81697,35.43585],[-83.81729,35.43566],[-83.81675,35.43513]]}},{"type":"Feature","properties":{"id":"65a43dbb7997","name":"Lakeshore Trail","length_mi":33.48,"country":"United States","state":"North Carolina","park":"Great Smoky Mountains National Park","park_type":"National park or forest","note":"","source":"OpenStreetMap","osm_id":"7552924","osm_ids":[],"created_at":"2025-12-22T16:12:31.895583"},"geometry":{"type":"LineString","coordinates":[[-83.81105,35.46105],[-83.81089,35.46163],[-83.81064,35.46194],[-83.81025,35.46215],[-83.80871,35.46232],[-83.80779,35.46221],[-83.80733,35.46192],[-83.80727,35.46212],[-83.80632,35.46246],[-83.80518,35.46253],[-83.80517,35.46274],[-83.80567,35.46316],[-83.80537,35.46347],[-83.80526,35.46394],[-83.80496,35.46395],[-83.80448,35.46369],[-83.80397,35.46373],[-83.80372,35.46364],[-83.80319,35.46381],[-83.80286,35.46437],[-83.80288,35.46489],[-83.80307,35.46506],[-83.80282,35.46544],[-83.80261,35.46545],[-83.80234,35.46541],[-83.80208,35.46506],[-83.80157,35.46485],[-83.80151,35.46469],[-83.80113,35.46477],[-83.79989,35.46466],[-83.79964,35.46424],[-83.79949,35.46423],[-83.79918,35.46372],[-83.79873,35.46333],[-83.79854,35.46283],[-83.79813,35.46252],[-83.79818,35.46172],[-83.79765,35.46067],[-83.79723,35.46025],[-83.79641,35.45989],[-83.79572,35.45937],[-83.79544,35.45941],[-83.79478,35.45983],[-83.79436,35.46033],[-83.79429,35.46056],[-83.79441,35.46103],[-83.79404,35.46177],[-83.79321,35.46249],[-83.79325,35.46286],[-83.7944,35.46358],[-83.79427,35.46367],[-83.79371,35.46361],[-83.79313,35.46372],[-83.79325,35.46465],[-83.79296,35.46526],[-83.79267,35.46509],[-83.79266,35.46471],[-83.79252,35.46459],[-83.79172,35.46456],[-83.7916,35.46472],[-83.79148,35.46538],[-83.79127,35.4657],[-83.79141,35.46605],[-83.79169,35.46623],[-83.79211,35.46696],[-83.79183,35.4674],[-83.7918,35.46781],[-83.79191,35.46811],[-83.79217,35.46848],[-83.79255,35.46866],[-83.79253,35.46896],[-83.79263,35.46911],[-83.7931,35.46917],[-83.79339,35.46944],[-83.79329,35.46958],[-83.79238,35.46999],[-83.79251,35.4706],[-83.7915,35.47117],[-83.79159,35.47147],[-83.79193,35.47165],[-83.79201,35.47267],[-83.79307,35.47296],[-83.79305,35.4734],[-83.79271,35.47358],[-83.79261,35.47381],[-83.79264,35.47457],[-83.79253,35.47464],[-83.79223,35.47457],[-83.79171,35.47418],[-83.79106,35.47415],[-83.79083,35.47391],[-83.7897,35.47419],[-83.78967,35.47436],[-83.78998,35.47461],[-83.78992,35.47514],[-83.79016,35.47537],[-83.79116,35.47579],[-83.79033,35.47633],[-83.79028,35.47672],[-83.79308,35.47335],[-83.79028,35.47672],[-83.78972,35.47707],[-83.78919,35.47701],[-83.78862,35.47674],[-83.78812,35.47667],[-83.78807,35.47693],[-83.78829,35.47738],[-83.78814,35.47747],[-83.78658,35.47672],[-83.78604,35.47667],[-83.78579,35.47684],[-83.78591,35.47738],[-83.78583,35.47793],[-83.78454,35.47804],[-83.78441,35.47873],[-83.78419,35.47883],[-83.78373,35.47885],[-83.78263,35.47866],[-83.78289,35.47929],[-83.78272,35.47973],[-83.78275,35.47996],[-83.78301,35.4804],[-83.78249,35.48058],[-83.78199,35.48043],[-83.7815,35.48059],[-83.78139,35.48076],[-83.7814,35.48111],[-83.78097,35.48162],[-83.78166,35.48184],[-83.78174,35.48194],[-83.78167,35.48206],[-83.78101,35.48229],[-83.78091,35.48248],[-83.78048,35.48255],[-83.78018,35.48291],[-83.77914,35.48341],[-83.77936,35.48383],[-83.7793,35.48423],[-83.77982,35.48485],[-83.77961,35.48604],[-83.77995,35.48631],[-83.78065,35.48625],[-83.78073,35.48633],[-83.78067,35.48642],[-83.78098,35.48659],[-83.77957,35.48656],[-83.77899,35.48624],[-83.77851,35.48497],[-83.77806,35.48449],[-83.77762,35.48425],[-83.77744,35.48358],[-83.77729,35.48385],[-83.77691,35.48403],[-83.77683,35.48429],[-83.77617,35.48466],[-83.7759,35.48456],[-83.77471,35.48455],[-83.77423,35.48479],[-83.77406,35.48508],[-83.77402,35.48548],[-83.77429,35.48628],[-83.77429,35.48751],[-83.77401,35.48774],[-83.77399,35.48825],[-83.7732,35.4884],[-83.77266,35.48824],[-83.7723,35.48784],[-83.77233,35.48774],[-83.7728,35.48781],[-83.77296,35.48771],[-83.773,35.48735],[-83.77275,35.487],[-83.77232,35.48588],[-83.77198,35.48548],[-83.77202,35.48523],[-83.77178,35.48472],[-83.77153,35.48452],[-83.77138,35.484],[-83.77063,35.48324],[-83.77015,35.48348],[-83.7699,35.48375],[-83.76883,35.4838],[-83.76704,35.48347],[-83.76665,35.48315],[-83.76614,35.48319],[-83.76615,35.48299],[-83.76574,35.48277],[-83.76538,35.48282],[-83.76479,35.48307],[-83.76475,35.4835],[-83.76456,35.48381],[-83.76459,35.48423],[-83.76376,35.48473],[-83.76303,35.48485],[-83.7628,35.4848],[-83.76269,35.48463],[-83.76226,35.4846],[-83.76152,35.48417],[-83.76133,35.48394],[-83.76133,35.48353],[-83.761,35.4835],[-83.76077,35.48329],[-83.76025,35.48337],[-83.75927,35.48324],[-83.75925,35.48354],[-83.75889,35.48407],[-83.75841,35.48384],[-83.75764,35.48375],[-83.75759,35.48334],[-83.75709,35.48305],[-83.75662,35.48302],[-83.75656,35.48335],[-83.75603,35.48333],[-83.75565,35.48372],[-83.75528,35.48387],[-83.75489,35.48375],[-83.75475,35.48358],[-83.75459,35.48317],[-83.75455,35.48198],[-83.75442,35.48177],[-83.75414,35.48161],[-83.75267,35.4815],[-83.75232,35.48173],[-83.75223,35.48199],[-83.75239,35.48219],[-83.75229,35.48244],[-83.75218,35.48246],[-83.75166,35.48204],[-83.75098,35.48175],[-83.75079,35.48151],[-83.75034,35.48128],[-83.74965,35.48116],[-83.74911,35.48128],[-83.7488,35.48113],[-83.7482,35.48152],[-83.7481,35.48139],[-83.74817,35.48092],[-83.74807,35.48039],[-83.74745,35.47998],[-83.7464,35.48004],[-83.74563,35.48026],[-83.74508,35.48003],[-83.74376,35.4803],[-83.7433,35.48033],[-83.74273,35.4802],[-83.7415,35.4793],[-83.73972,35.47915],[-83.73793,35.47774],[-83.73696,35.47758],[-83.73673,35.47721],[-83.73604,35.47687],[-83.73549,35.47677],[-83.73527,35.47662],[-83.73432,35.47634],[-83.73402,35.47611],[-83.73333,35.47611],[-83.73241,35.4758],[-83.73212,35.47525],[-83.73084,35.47489],[-83.72898,35.47377],[-83.72801,35.47393],[-83.72789,35.47418],[-83.7277,35.47428],[-83.72693,35.47417],[-83.72649,35.47397],[-83.72617,35.47404],[-83.72582,35.47441],[-83.72576,35.47477],[-83.72541,35.47532],[-83.72542,35.47562],[-83.72493,35.476],[-83.72426,35.47615],[-83.72366,35.47596],[-83.72322,35.47544],[-83.72299,35.47496],[-83.72169,35.47389],[-83.72201,35.47359],[-83.72189,35.47341],[-83.72087,35.47293],[-83.72102,35.47258],[-83.7198,35.47101],[-83.71939,35.47064],[-83.7175,35.46964],[-83.71736,35.46932],[-83.71707,35.46938],[-83.71676,35.46922],[-83.71712,35.46918],[-83.71804,35.46865],[-83.71867,35.46808],[-83.71867,35.46794],[-83.7183,35.46738],[-83.71779,35.4675],[-83.71763,35.46744],[-83.71759,35.46707],[-83.71773,35.4668],[-83.71808,35.46657],[-83.71826,35.46614],[-83.71853,35.46599],[-83.71844,35.46563],[-83.71805,35.46543],[-83.71701,35.46554],[-83.71612,35.46536],[-83.71598,35.46524],[-83.71623,35.46461],[-83.71663,35.46423],[-83.71705,35.46417],[-83.7176,35.46381],[-83.71701,35.46317],[-83.7171,35.46267],[-83.71656,35.46237],[-83.71651,35.46219],[-83.71681,35.46202],[-83.71697,35.46176],[-83.71748,35.46155],[-83.71766,35.46096],[-83.71792,35.46091],[-83.71776,35.46053],[-83.71811,35.45962],[-83.71911,35.45879],[-83.71911,35.45842],[-83.71806,35.45819],[-83.71749,35.45823],[-83.71688,35.45799],[-83.71633,35.45812],[-83.71585,35.45779],[-83.71503,35.45753],[-83.71503,35.4573],[-83.71487,35.45715],[-83.71446,35.45742],[-83.71367,35.45734],[-83.71323,35.45693],[-83.71288,35.45686],[-83.71218,35.45644],[-83.7115,35.45585],[-83.71096,35.45578],[-83.71089,35.45544],[-83.71061,35.45524],[-83.71008,35.45509],[-83.70968,35.45459],[-83.70993,35.45452],[-83.71033,35.45471],[-83.71046,35.45458],[-83.71012,35.45396],[-83.71009,35.45344],[-83.70925,35.45324],[-83.70807,35.45315],[-83.70763,35.45213],[-83.70778,35.45157],[-83.70795,35.45145],[-83.70809,35.45109],[-83.70789,35.45065],[-83.70811,35.45035],[-83.70856,35.45012],[-83.70885,35.44948],[-83.70873,35.4494],[-83.7076,35.44942],[-83.70721,35.44921],[-83.7067,35.44925],[-83.70609,35.44904],[-83.70598,35.44952],[-83.70549,35.44994],[-83.70445,35.45013],[-83.70394,35.45044],[-83.70332,35.45227],[-83.70322,35.453],[-83.70252,35.45282],[-83.70167,35.45364],[-83.70134,35.45356],[-83.70166,35.45302],[-83.70169,35.45264],[-83.7016,35.45239],[-83.70132,35.45213],[-83.7014,35.45194],[-83.70129,35.45187],[-83.70107,35.45209],[-83.70072,35.45278],[-83.69995,35.45294],[-83.6995,35.45317],[-83.69936,35.4532],[-83.69901,35.45273],[-83.69883,35.45271],[-83.69855,35.45321],[-83.69802,35.45332],[-83.69723,35.4529],[-83.69685,35.45326],[-83.69662,35.45382],[-83.69604,35.45335],[-83.69568,35.45359],[-83.69519,35.45371],[-83.69474,35.45362],[-83.69432,35.45313],[-83.69408,35.45315],[-83.6938,35.453],[-83.69505,35.45182],[-83.69484,35.45144],[-83.69464,35.4513],[-83.69457,35.45096],[-83.69517,35.45025],[-83.69524,35.44999],[-83.69554,35.44988],[-83.69572,35.44953],[-83.69592,35.44941],[-83.69609,35.44838],[-83.69545,35.44835],[-83.69556,35.44813],[-83.69529,35.44792],[-83.69528,35.4472],[-83.6944,35.44705],[-83.69321,35.44721],[-83.6929,35.44708],[-83.69316,35.44608],[-83.69364,35.44558],[-83.69343,35.4451],[-83.69325,35.44507],[-83.69274,35.44566],[-83.69241,35.44568],[-83.69216,35.44616],[-83.69189,35.44624],[-83.69149,35.44616],[-83.69121,35.44648],[-83.69066,35.44641],[-83.69039,35.44652],[-83.69,35.44629],[-83.68913,35.44653],[-83.68889,35.44603],[-83.68841,35.4459],[-83.68821,35.44549],[-83.68796,35.44546],[-83.68772,35.44527],[-83.68737,35.44546],[-83.68713,35.44539],[-83.68699,35.44544],[-83.6867,35.44588],[-83.68577,35.44596],[-83.68541,35.4468],[-83.68523,35.44695],[-83.68491,35.44704],[-83.68448,35.44699],[-83.6844,35.44715],[-83.6841,35.44723],[-83.68331,35.44787],[-83.68298,35.44794],[-83.68234,35.44859],[-83.68155,35.44883],[-83.68138,35.44809],[-83.68111,35.4479],[-83.68045,35.44774],[-83.67941,35.44659],[-83.67938,35.44567],[-83.6798,35.44522],[-83.67988,35.44456],[-83.67938,35.4444],[-83.67886,35.44406],[-83.67789,35.44415],[-83.67744,35.44382],[-83.67665,35.44354],[-83.67642,35.44369],[-83.67639,35.44386],[-83.67687,35.4445],[-83.67656,35.44498],[-83.67676,35.44552],[-83.67716,35.44554],[-83.6771,35.4464],[-83.67697,35.44667],[-83.67675,35.44681],[-83.67572,35.44705],[-83.6755,35.44729],[-83.67549,35.4478],[-83.67438,35.44774],[-83.67389,35.44814],[-83.67251,35.44795],[-83.67199,35.44827],[-83.67172,35.44889],[-83.6714,35.44917],[-83.67108,35.44914],[-83.67101,35.44894],[-83.67083,35.44907],[-83.67064,35.44883],[-83.67034,35.44873],[-83.6692,35.44885],[-83.66853,35.44917],[-83.6683,35.44963],[-83.66793,35.44956],[-83.66752,35.44972],[-83.66766,35.44925],[-83.66716,35.44775],[-83.66734,35.44701],[-83.66662,35.4471],[-83.66631,35.44772],[-83.66576,35.44832],[-83.66563,35.44826],[-83.6658,35.44762],[-83.66575,35.44648],[-83.66596,35.44579],[-83.66572,35.44463],[-83.66538,35.44392],[-83.66537,35.4434],[-83.66452,35.44252],[-83.66368,35.4432],[-83.66374,35.44239],[-83.66366,35.4421],[-83.66413,35.44173],[-83.66465,35.44108],[-83.6648,35.44068],[-83.66564,35.43991],[-83.66568,35.4392],[-83.66614,35.43888],[-83.6662,35.43867],[-83.66586,35.4385],[-83.66455,35.43872],[-83.66371,35.43862],[-83.66285,35.43878],[-83.66239,35.43951],[-83.66217,35.43946],[-83.66192,35.43912],[-83.66173,35.43906],[-83.6612,35.43917],[-83.65959,35.44007],[-83.6595,35.4406],[-83.65924,35.44082],[-83.65722,35.43934],[-83.65685,35.43921],[-83.65601,35.4398],[-83.65469,35.43996],[-83.65461,35.4403],[-83.65476,35.44144],[-83.65461,35.44154],[-83.65358,35.44035],[-83.65341,35.4403],[-83.65308,35.44037],[-83.6526,35.44079],[-83.65242,35.44081],[-83.65116,35.43982],[-83.65062,35.44],[-83.65021,35.43978],[-83.64981,35.43978],[-83.64913,35.44005],[-83.64863,35.44037],[-83.64872,35.44103],[-83.64847,35.44133],[-83.64769,35.44126],[-83.64737,35.44146],[-83.64689,35.44262],[-83.64654,35.44307],[-83.6464,35.44366],[-83.64651,35.4439],[-83.64694,35.44422],[-83.64765,35.44437],[-83.64814,35.44464],[-83.64854,35.44458],[-83.64967,35.44528],[-83.65077,35.44534],[-83.65123,35.44564],[-83.65127,35.44583],[-83.65031,35.44615],[-83.64975,35.44667],[-83.64923,35.44639],[-83.64838,35.4464],[-83.64801,35.44699],[-83.64752,35.44699],[-83.64714,35.44736],[-83.64652,35.44743],[-83.6458,35.44773],[-83.64528,35.44764],[-83.64414,35.4468],[-83.64319,35.44636],[-83.64296,35.4464],[-83.64262,35.44675],[-83.64229,35.44686],[-83.64144,35.44686],[-83.64106,35.44658],[-83.64025,35.4466],[-83.63957,35.44612],[-83.63906,35.44602],[-83.63868,35.44568],[-83.63801,35.44573],[-83.63784,35.44559],[-83.63776,35.44513],[-83.63735,35.44497],[-83.63715,35.44503],[-83.63686,35.44542],[-83.63685,35.44651],[-83.63648,35.44721],[-83.63639,35.44768],[-83.63617,35.44784],[-83.63573,35.44727],[-83.63568,35.44698],[-83.63585,35.44666],[-83.6357,35.44643],[-83.63523,35.44638],[-83.6346,35.44686],[-83.63433,35.44681],[-83.63424,35.44669],[-83.63425,35.44644],[-83.63463,35.44615],[-83.63482,35.44584],[-83.63482,35.44571],[-83.63462,35.44556],[-83.63442,35.44464],[-83.63431,35.44459],[-83.63399,35.44476],[-83.6339,35.44504],[-83.63353,35.44536],[-83.63342,35.44568],[-83.63309,35.44578],[-83.6324,35.44636],[-83.63204,35.44605],[-83.63172,35.44604],[-83.63177,35.44565],[-83.632,35.44521],[-83.632,35.4449],[-83.63163,35.44465],[-83.63139,35.44433],[-83.6306,35.44474],[-83.63018,35.44526],[-83.63001,35.4453],[-83.62979,35.44525],[-83.62964,35.44503],[-83.62924,35.44517],[-83.62885,35.4448],[-83.62807,35.44524],[-83.62769,35.44507],[-83.6259,35.44484],[-83.62524,35.44465],[-83.62424,35.4449],[-83.62403,35.44535],[-83.62307,35.44531],[-83.62274,35.44517],[-83.62225,35.44522],[-83.62149,35.4461],[-83.62134,35.4461],[-83.62058,35.44562],[-83.62041,35.44566],[-83.62015,35.44598],[-83.62016,35.44619],[-83.61984,35.44623],[-83.61955,35.44586],[-83.61873,35.44569],[-83.61854,35.44586],[-83.61851,35.44605],[-83.61816,35.44608],[-83.61779,35.44637],[-83.61753,35.44627],[-83.61675,35.44625],[-83.61604,35.44646],[-83.6155,35.44676],[-83.61502,35.44667],[-83.61442,35.44691],[-83.61342,35.44707],[-83.61287,35.44738],[-83.61271,35.44758],[-83.61207,35.44771],[-83.61175,35.44765],[-83.61132,35.4478],[-83.61077,35.4482],[-83.61018,35.44837],[-83.6096,35.44896],[-83.6093,35.449],[-83.60925,35.44919],[-83.60897,35.44867],[-83.60863,35.4484],[-83.60856,35.44812],[-83.60825,35.44807],[-83.60798,35.44789],[-83.60574,35.44785],[-83.60539,35.44772],[-83.60511,35.44743],[-83.60511,35.44686],[-83.60475,35.44665],[-83.6049,35.44623],[-83.60472,35.44601],[-83.60414,35.44585],[-83.60345,35.44591],[-83.60249,35.44563],[-83.60192,35.44593],[-83.60056,35.44599],[-83.59952,35.44653],[-83.59937,35.44665],[-83.59956,35.4468],[-83.59918,35.44709],[-83.59875,35.44719],[-83.59845,35.44745],[-83.59743,35.4477],[-83.59677,35.44852],[-83.59663,35.44893],[-83.59615,35.44915],[-83.59662,35.44936],[-83.59688,35.44981],[-83.59673,35.44997],[-83.59693,35.45006],[-83.59731,35.45054],[-83.59792,35.45057],[-83.59794,35.45109],[-83.59837,35.45118],[-83.59851,35.45153],[-83.59854,35.45165],[-83.59827,35.45199],[-83.59885,35.45224],[-83.59883,35.45235],[-83.59905,35.45248],[-83.59911,35.45308],[-83.59972,35.45343],[-83.59964,35.45354],[-83.59903,35.45354],[-83.59831,35.4533],[-83.59847,35.45364],[-83.59824,35.45396],[-83.59859,35.45448],[-83.59854,35.45461],[-83.59808,35.45461],[-83.59731,35.45427],[-83.59734,35.45469],[-83.59705,35.45475],[-83.59703,35.45536],[-83.59661,35.45501],[-83.59627,35.45508],[-83.59617,35.456],[-83.59488,35.45535],[-83.59433,35.45536],[-83.59422,35.45542],[-83.5945,35.456],[-83.59452,35.4563],[-83.59402,35.45612],[-83.5939,35.45618],[-83.59405,35.4566],[-83.59382,35.45674],[-83.59351,35.45661],[-83.59338,35.45714],[-83.59224,35.45715],[-83.59189,35.45729],[-83.59176,35.45758],[-83.59134,35.45738],[-83.5912,35.4577],[-83.59093,35.45794],[-83.59065,35.45782],[-83.59028,35.45784],[-83.59013,35.45769],[-83.59003,35.45701],[-83.58994,35.45698],[-83.5896,35.4571],[-83.58901,35.45787],[-83.58882,35.45832],[-83.5887,35.45836],[-83.58838,35.45804],[-83.58821,35.45754],[-83.5876,35.45726],[-83.58705,35.45725],[-83.58714,35.45774],[-83.58702,35.45834],[-83.58655,35.45815],[-83.58616,35.45782],[-83.58571,35.45781],[-83.5852,35.45823],[-83.58509,35.45898],[-83.58457,35.45882],[-83.58409,35.45886],[-83.58427,35.45999],[-83.58446,35.46023],[-83.58414,35.4603],[-83.58402,35.46045],[-83.58366,35.46049],[-83.58331,35.46034],[-83.58306,35.46006],[-83.58245,35.45984],[-83.58219,35.45993],[-83.58181,35.4597],[-83.58121,35.45977],[-83.58109,35.45968],[-83.58121,35.45944],[-83.58104,35.45927],[-83.58054,35.45925],[-83.58025,35.4595],[-83.58004,35.45917],[-83.57969,35.45923],[-83.57958,35.45901],[-83.57957,35.45844],[-83.57981,35.45796],[-83.57977,35.45783],[-83.57882,35.45787],[-83.57854,35.45801],[-83.57842,35.45819],[-83.57797,35.45806],[-83.57745,35.45821],[-83.57717,35.45787],[-83.57744,35.45709],[-83.57725,35.45685],[-83.57693,35.4567],[-83.57746,35.45634],[-83.57709,35.45635],[-83.57623,35.45667],[-83.57582,35.45701],[-83.57509,35.45696],[-83.5747,35.4571],[-83.57461,35.45681],[-83.57445,35.45669],[-83.57363,35.45649],[-83.57381,35.45632],[-83.57447,35.45613],[-83.57433,35.45579],[-83.57319,35.45595],[-83.57268,35.45618],[-83.5726,35.45645],[-83.572,35.45678],[-83.57159,35.45773],[-83.57171,35.45821],[-83.57094,35.45882],[-83.57069,35.45871],[-83.57072,35.45833],[-83.57061,35.45822],[-83.57006,35.45825],[-83.57015,35.4575],[-83.5699,35.45725],[-83.56903,35.45743],[-83.56865,35.45743],[-83.56837,35.45729],[-83.56809,35.45783],[-83.56696,35.45768],[-83.56621,35.45774],[-83.56628,35.45808],[-83.56691,35.45836],[-83.56703,35.4588],[-83.56727,35.459],[-83.56726,35.45918],[-83.56656,35.45907],[-83.56641,35.45965],[-83.56588,35.45951],[-83.56567,35.45954],[-83.56556,35.45979],[-83.56495,35.45968],[-83.56473,35.45985],[-83.56431,35.45994],[-83.56396,35.46031],[-83.56421,35.46047],[-83.56428,35.46073],[-83.56411,35.46091],[-83.56419,35.46131],[-83.56504,35.46183],[-83.56552,35.46188],[-83.56558,35.46198],[-83.56492,35.46237],[-83.56484,35.46259],[-83.56445,35.46293],[-83.56446,35.46305],[-83.56495,35.4633],[-83.56455,35.46361],[-83.56445,35.46409],[-83.564,35.46398],[-83.56371,35.46415],[-83.56352,35.46476],[-83.56371,35.46512],[-83.56355,35.46544],[-83.56362,35.46562],[-83.56342,35.46602],[-83.56333,35.46672],[-83.56371,35.46704],[-83.56442,35.46732],[-83.56515,35.46722],[-83.56596,35.46744],[-83.56366,35.46779],[-83.56277,35.4673],[-83.56223,35.4668],[-83.56157,35.46754],[-83.56119,35.46719],[-83.56119,35.46693],[-83.56093,35.46679],[-83.56105,35.46662],[-83.56091,35.46595],[-83.56027,35.46574],[-83.55987,35.46615],[-83.55949,35.46576],[-83.55906,35.46578],[-83.55888,35.46563],[-83.55864,35.46582],[-83.55863,35.46605],[-83.55827,35.4666],[-83.55876,35.46699],[-83.55858,35.46723],[-83.55871,35.4677],[-83.55861,35.46845],[-83.55879,35.46876],[-83.55839,35.46882],[-83.5582,35.46864],[-83.55835,35.46965],[-83.55812,35.46995],[-83.55778,35.47009],[-83.55582,35.47019],[-83.55535,35.47038],[-83.55537,35.47001],[-83.55513,35.46945],[-83.55474,35.46932],[-83.55416,35.46934],[-83.55435,35.46848],[-83.55348,35.46806],[-83.55349,35.46754],[-83.55329,35.46723],[-83.55324,35.46684],[-83.55339,35.46665],[-83.55333,35.46639],[-83.55304,35.4663],[-83.55272,35.46645],[-83.55256,35.46599],[-83.55226,35.46577],[-83.55188,35.46578],[-83.55158,35.46518],[-83.55074,35.46483],[-83.55051,35.46419],[-83.5499,35.46412],[-83.54989,35.46321],[-83.54975,35.46288],[-83.54901,35.46283],[-83.54905,35.46207],[-83.54823,35.46213],[-83.54832,35.46129],[-83.54717,35.46124],[-83.54748,35.46064],[-83.54742,35.46048],[-83.54699,35.46053],[-83.54677,35.46021],[-83.54662,35.46023],[-83.54652,35.4608],[-83.54608,35.4607],[-83.54566,35.46078],[-83.54541,35.46109],[-83.54499,35.4611],[-83.54421,35.46144],[-83.54364,35.46145],[-83.53951,35.45996],[-83.53794,35.45895]]}},{"type":"Feature","properties":{"id":"c71f40c5456f","name":"Lewellyn Cove Nature Trail","length_mi":0.5,"country":"United States","state":"North Carolina","park":"Nantahala National Forest","park_type":"National park or forest","note":"","source":"OpenStreetMap","osm_id":"16498216","osm_ids":[],"created_at":"2025-12-22T16:12:31.897583"},"geometry":{"type":"LineString","coordinates":[[-83.80574,35.44141],[-83.8058,35.44122],[-83.80628,35.44101],[-83.807,35.44031],[-83.80702,35.44004],[-83.8077,35.43986],[-83.80769,35.43919],[-83.80753,35.43879],[-83.80769,35.43919],[-83.80753,35.43879],[-83.8072,35.43865],[-83.80674,35.43889],[-83.80657,35.43922],[-83.80582,35.43964],[-83.80571,35.44015],[-83.80587,35.44097],[-83.80574,35.44141],[-83.80577,35.44125]]}},{"type":"Feature","properties":{"id":"91aadf145d56","name":"Lewellyn Cove Trail","length_mi":2.75,"country":"United States","state":"North Carolina","park":"Nantahala National Forest","park_type":"National park or forest","note":"","source":"OpenStreetMap","osm_id":"13302578","osm_ids":[],"created_at":"2025-12-22T16:12:31.896583"},"geometry":{"type":"LineString","coordinates":[[-83.81655,35.43511],[-83.81629,35.43484],[-83.8159,35.43498],[-83.81506,35.43503],[-83.81465,35.43472],[-83.81432,35.43468],[-83.81381,35.43391],[-83.81346,35.43381],[-83.81305,35.43437],[-83.81305,35.43458],[-83.81275,35.43477],[-83.81264,35.43505],[-83.81181,35.43553],[-83.81203,35.43605],[-83.81144,35.43632],[-83.81109,35.43727],[-83.81078,35.43743],[-83.81022,35.43733],[-83.80966,35.43745],[-83.80902,35.43692],[-83.80904,35.43667],[-83.80875,35.43614],[-83.80803,35.43596],[-83.80849,35.43548],[-83.8083,35.4351],[-83.80725,35.43444],[-83.80636,35.43443],[-83.80486,35.43381],[-83.80425,35.43446],[-83.80339,35.43462],[-83.80336,35.43508],[-83.80371,35.43543],[-83.80408,35.43547],[-83.80428,35.43565],[-83.80465,35.4356],[-83.80517,35.43586],[-83.80536,35.43614],[-83.8057,35.43626],[-83.80588,35.43666],[-83.80643,35.43693],[-83.80626,35.43668],[-83.80637,35.43666],[-83.80676,35.43697],[-83.807,35.43729],[-83.80699,35.43764],[-83.80724,35.43791],[-83.80729,35.43833],[-83.80769,35.43919],[-83.80766,35.43818],[-83.80779,35.43782],[-83.80848,35.43826],[-83.80883,35.43881],[-83.80931,35.4393],[-83.80936,35.43953],[-83.80957,35.43966],[-83.80982,35.43951],[-83.81016,35.43861],[-83.81034,35.43868],[-83.81077,35.4392],[-83.81134,35.43922],[-83.81189,35.43895],[-83.81191,35.43874],[-83.81167,35.43841],[-83.81248,35.43815],[-83.81242,35.43786],[-83.8121,35.43774],[-83.81224,35.43727],[-83.81247,35.43717],[-83.81256,35.43696],[-83.81288,35.43697],[-83.81317,35.43669],[-83.81308,35.4361],[-83.81282,35.43574],[-83.81314,35.43562],[-83.81331,35.43521],[-83.81359,35.43496],[-83.81387,35.43488],[-83.81498,35.43521],[-83.81642,35.43492],[-83.81655,35.43511],[-83.81642,35.43492]]}},{"type":"Feature","properties":{"id":"d2757d48bc43","name":"Lookout Rock Trail","length_mi":1.21,"country":"United States","state":"North Carolina","park":"Nantahala National Forest","park_type":"National park or forest","note":"","source":"OpenStreetMap","osm_id":"11576389","osm_ids":[],"created_at":"2025-12-22T16:12:31.895583"},"geometry":{"type":"LineString","coordinates":[[-83.83392,35.42966],[-83.83369,35.4291],[-83.83348,35.42891],[-83.83391,35.42861],[-83.83424,35.42878],[-83.83497,35.42864],[-83.83495,35.42829],[-83.83472,35.4281],[-83.83586,35.42773],[-83.83587,35.42713],[-83.83559,35.427],[-83.83485,35.42714],[-83.83469,35.42681],[-83.83424,35.4264],[-83.83376,35.42664],[-83.83343,35.42642],[-83.8332,35.42669],[-83.83307,35.42643],[-83.83309,35.426],[-83.83341,35.42578],[-83.83321,35.42542],[-83.83348,35.42524],[-83.83351,35.42509],[-83.83316,35.4247],[-83.83229,35.42442],[-83.83177,35.42461],[-83.83086,35.42454],[-83.83053,35.42432],[-83.83003,35.42431],[-83.82935,35.42382],[-83.82802,35.42337],[-83.82892,35.42322],[-83.83001,35.42327],[-83.83085,35.42307],[-83.83103,35.4232]]}},{"type":"Feature","properties":{"id":"41dee4b23bfc","name":"Mountains-to-Sea Trail: Segment 1","length_mi":45.5,"country":"United States","state":"North Carolina","park":"Great Smoky Mountains National Park","park_type":"National park or forest","note":"","source":"OpenStreetMap","osm_id":"11612231","osm_ids":[],"created_at":"2025-12-22T16:12:31.896583"},"geometry":{"type":"LineString","coordinates":[[-83.49868,35.56302],[-83.49841,35.56287],[-83.49958,35.56271],[-83.49879,35.56302],[-83.49868,35.56302],[-83.49998,35.56266],[-83.49995,35.56282],[-83.49972,35.56298],[-83.49859,35.56342],[-83.49833,35.56338],[-83.49771,35.56292],[-83.49754,35.56398],[-83.4974,35.56404],[-83.49688,35.56392],[-83.49635,35.56478],[-83.49631,35.56506],[-83.4958,35.56532],[-83.49532,35.56578],[-83.49344,35.56682],[-83.48958,35.56718],[-83.48805,35.56764],[-83.48601,35.56795],[-83.48513,35.56858],[-83.48518,35.56882],[-83.4858,35.5693],[-83.48413,35.57051],[-83.48259,35.57229],[-83.48279,35.57238],[-83.48344,35.57219],[-83.48292,35.57349],[-83.48253,35.57384],[-83.4818,35.57424],[-83.48162,35.57473],[-83.48115,35.57526],[-83.48101,35.57664],[-83.48049,35.57804],[-83.48019,35.5784],[-83.47965,35.57871],[-83.47907,35.57929],[-83.47837,35.57959],[-83.47841,35.57987],[-83.47827,35.58002],[-83.47856,35.58042],[-83.47859,35.58083],[-83.47905,35.58171],[-83.4793,35.58252],[-83.47903,35.58275],[-83.47881,35.58331],[-83.47833,35.58365],[-83.47645,35.58424],[-83.47549,35.58443],[-83.47537,35.58484],[-83.47423,35.58511],[-83.47388,35.5853],[-83.47305,35.58615],[-83.47239,35.58664],[-83.47235,35.58737],[-83.47267,35.58763],[-83.47277,35.58797],[-83.47252,35.58854],[-83.47307,35.58922],[-83.47359,35.58918],[-83.47388,35.58947],[-83.47431,35.59023],[-83.47422,35.59068],[-83.47388,35.59074],[-83.47245,35.59041],[-83.4715,35.59055],[-83.47065,35.5905],[-83.46966,35.59073],[-83.46942,35.59021],[-83.47001,35.58967],[-83.46999,35.58947],[-83.46981,35.5889],[-83.46928,35.58812],[-83.46827,35.58768],[-83.46662,35.58731],[-83.46473,35.58628],[-83.46134,35.5857],[-83.45967,35.58588],[-83.45819,35.58534],[-83.45744,35.58541],[-83.45701,35.58504],[-83.45676,35.58497],[-83.45522,35.58495],[-83.45408,35.58411],[-83.45381,35.58373],[-83.45287,35.58321],[-83.45232,35.58277],[-83.45214,35.58242],[-83.45142,35.58189],[-83.45132,35.58166],[-83.4508,35.58112],[-83.44998,35.58048],[-83.44919,35.58005],[-83.44919,35.57974],[-83.44965,35.57953],[-83.45005,35.57893],[-83.45003,35.57846],[-83.44972,35.57771],[-83.44977,35.57702],[-83.44959,35.57701],[-83.44953,35.57715],[-83.44935,35.57824],[-83.4492,35.57854],[-83.4489,35.57871],[-83.44852,35.57864],[-83.44809,35.5788],[-83.44732,35.5784],[-83.4468,35.57859],[-83.44571,35.57795],[-83.44491,35.57798],[-83.44412,35.57718],[-83.44221,35.57605],[-83.44205,35.57609],[-83.44204,35.57624],[-83.4416,35.57674],[-83.44118,35.57672],[-83.43983,35.57539],[-83.43949,35.57488],[-83.43959,35.57429],[-83.43996,35.57342],[-83.4399,35.57324],[-83.43886,35.57279],[-83.43873,35.57238],[-83.43825,35.57196],[-83.43808,35.57143],[-83.4378,35.57132],[-83.43755,35.57076],[-83.43775,35.57022],[-83.43662,35.56983],[-83.43617,35.5698],[-83.43573,35.56958],[-83.43532,35.56928],[-83.43496,35.56866],[-83.43425,35.56838],[-83.43376,35.5687],[-83.43307,35.56853],[-83.43226,35.56874],[-83.43178,35.56846],[-83.43147,35.56847],[-83.43069,35.56793],[-83.43048,35.56735],[-83.42959,35.56665],[-83.42959,35.56617],[-83.42897,35.56531],[-83.42875,35.56448],[-83.4284,35.56409],[-83.4285,35.56307],[-83.42831,35.56249],[-83.42814,35.56231],[-83.4282,35.5618],[-83.42834,35.56165],[-83.42975,35.56092],[-83.42994,35.56011],[-83.42962,35.55985],[-83.42929,35.55974],[-83.42888,35.56005],[-83.42844,35.56009],[-83.42789,35.56032],[-83.42711,35.56007],[-83.42639,35.56013],[-83.42584,35.55994],[-83.42509,35.55995],[-83.4247,35.55986],[-83.42402,35.55948],[-83.42368,35.55915],[-83.42278,35.5588],[-83.42275,35.55934],[-83.42331,35.55974],[-83.42378,35.5605],[-83.42381,35.56094],[-83.42402,35.56129],[-83.42442,35.56161],[-83.42454,35.56197],[-83.42476,35.56213],[-83.42477,35.56227],[-83.42453,35.56257],[-83.42435,35.56261],[-83.42402,35.56293],[-83.41256,35.55895],[-83.42402,35.56293],[-83.42346,35.56224],[-83.42302,35.56195],[-83.42274,35.56095],[-83.42241,35.56072],[-83.42129,35.56067],[-83.42059,35.56048],[-83.41991,35.56068],[-83.41887,35.56144],[-83.41775,35.56142],[-83.41723,35.561],[-83.41684,35.56045],[-83.41565,35.56033],[-83.41504,35.55955],[-83.41393,35.55922],[-83.41282,35.55907],[-83.41242,35.55883],[-83.41201,35.55894],[-83.4114,35.55856],[-83.41177,35.55757],[-83.41252,35.55686],[-83.41302,35.55662],[-83.41327,35.55625],[-83.4132,35.55574],[-83.41299,35.55543],[-83.41269,35.55519],[-83.41236,35.55511],[-83.41229,35.55494],[-83.41181,35.55468],[-83.41164,35.55432],[-83.41244,35.55375],[-83.41374,35.5536],[-83.41402,35.55342],[-83.41392,35.55324],[-83.41313,35.55274],[-83.4128,35.55219],[-83.41254,35.55209],[-83.41215,35.55161],[-83.41202,35.55114],[-83.412,35.55037],[-83.41236,35.54973],[-83.41231,35.54922],[-83.41241,35.54881],[-83.41217,35.54842],[-83.41194,35.54855],[-83.41166,35.54817],[-83.41183,35.54781],[-83.41184,35.54738],[-83.41234,35.54739],[-83.41272,35.54696],[-83.41179,35.54566],[-83.41184,35.5452],[-83.41172,35.54449],[-83.41185,35.54422],[-83.41183,35.5438],[-83.41197,35.54329],[-83.41243,35.54213],[-83.41303,35.54117],[-83.41337,35.54091],[-83.41424,35.54054],[-83.41448,35.53995],[-83.41475,35.53972],[-83.41554,35.53951],[-83.41568,35.53913],[-83.41617,35.53891],[-83.41611,35.5378],[-83.41622,35.53751],[-83.41645,35.53719],[-83.41677,35.53699],[-83.41787,35.53533],[-83.41864,35.53468],[-83.42035,35.534],[-83.42046,35.53388],[-83.42042,35.53374],[-83.42118,35.53315],[-83.42131,35.53257],[-83.42161,35.53208],[-83.42209,35.53157],[-83.42201,35.53079],[-83.42218,35.53051],[-83.4222,35.52978],[-83.42207,35.52946],[-83.42183,35.52932],[-83.42154,35.52841],[-83.42156,35.52805],[-83.42144,35.52783],[-83.42158,35.52716],[-83.4212,35.52611],[-83.42038,35.52496],[-83.4201,35.52437],[-83.41956,35.5242],[-83.41933,35.52397],[-83.41919,35.52336],[-83.4195,35.52205],[-83.41928,35.52078],[-83.41898,35.52077],[-83.41881,35.52055],[-83.40793,35.51925],[-83.40824,35.51903],[-83.40872,35.51897],[-83.40886,35.51873],[-83.40918,35.5187],[-83.40936,35.51835],[-83.41002,35.51846],[-83.41063,35.51817],[-83.41127,35.51821],[-83.41159,35.51784],[-83.41174,35.51742],[-83.4128,35.51636],[-83.41301,35.51686],[-83.4132,35.51699],[-83.41376,35.51677],[-83.41406,35.51683],[-83.4143,35.51658],[-83.41468,35.51679],[-83.41535,35.51684],[-83.41545,35.5174],[-83.41568,35.51733],[-83.41631,35.5168],[-83.41693,35.51676],[-83.41755,35.51688],[-83.41734,35.51737],[-83.41713,35.51754],[-83.41661,35.51738],[-83.41574,35.51785],[-83.41541,35.51868],[-83.41547,35.51926],[-83.41512,35.51934],[-83.41454,35.51888],[-83.41442,35.51891],[-83.41465,35.51966],[-83.41471,35.52036],[-83.41591,35.52073],[-83.41596,35.52087],[-83.41584,35.52107],[-83.41664,35.52074],[-83.41881,35.52055],[-83.40793,35.51925],[-83.40776,35.51969],[-83.40813,35.52046],[-83.40807,35.52086],[-83.40733,35.52102],[-83.40706,35.52133],[-83.40666,35.5212],[-83.40655,35.52189],[-83.40576,35.52173],[-83.40544,35.52187],[-83.40497,35.52184],[-83.40473,35.52212],[-83.40433,35.52222],[-83.40414,35.52268],[-83.40388,35.5229],[-83.40413,35.52331],[-83.40421,35.52389],[-83.40356,35.52362],[-83.40293,35.5238],[-83.40272,35.52369],[-83.40209,35.52392],[-83.40303,35.52504],[-83.40305,35.52575],[-83.4039,35.5258],[-83.40409,35.52601],[-83.40408,35.52621],[-83.40457,35.52661],[-83.40441,35.52674],[-83.40458,35.5271],[-83.40456,35.52735],[-83.40424,35.52752],[-83.40427,35.52787],[-83.40408,35.52807],[-83.40423,35.52845],[-83.40381,35.52846],[-83.40339,35.5288],[-83.40357,35.52904],[-83.40388,35.52917],[-83.40414,35.52976],[-83.40456,35.52997],[-83.40455,35.53018],[-83.40428,35.53041],[-83.40436,35.53075],[-83.40429,35.53087],[-83.40476,35.53074],[-83.40487,35.53108],[-83.40528,35.5314],[-83.40522,35.53162],[-83.40553,35.53231],[-83.40539,35.53258],[-83.40537,35.5334],[-83.40515,35.53404],[-83.40521,35.53443],[-83.40503,35.53474],[-83.40439,35.53466],[-83.40428,35.53438],[-83.40393,35.53417],[-83.40425,35.53377],[-83.40424,35.53353],[-83.40367,35.53336],[-83.40355,35.53293],[-83.40332,35.53293],[-83.40325,35.53311],[-83.40282,35.53335],[-83.40286,35.53391],[-83.40253,35.53418],[-83.40251,35.53461],[-83.40217,35.53481],[-83.40181,35.53611],[-83.40091,35.53582],[-83.40026,35.53605],[-83.4002,35.53618],[-83.4003,35.53668],[-83.40002,35.53724],[-83.40002,35.53786],[-83.39978,35.53816],[-83.39968,35.5387],[-83.39943,35.53898],[-83.3995,35.53959],[-83.39932,35.53981],[-83.39944,35.54019],[-83.39936,35.54046],[-83.39866,35.54127],[-83.39796,35.54157],[-83.39754,35.54159],[-83.39733,35.54145],[-83.39694,35.54186],[-83.39664,35.54199],[-83.39627,35.54195],[-83.39614,35.54178],[-83.3959,35.54172],[-83.39587,35.54201],[-83.39606,35.54232],[-83.39594,35.54261],[-83.39521,35.54262],[-83.39502,35.54296],[-83.39478,35.54307],[-83.39355,35.54335],[-83.39334,35.54331],[-83.39311,35.54267],[-83.39293,35.54248],[-83.39243,35.54268],[-83.39198,35.54228],[-83.39172,35.54227],[-83.39109,35.54188],[-83.39073,35.54213],[-83.3907,35.54262],[-83.39019,35.54286],[-83.38982,35.54286],[-83.38989,35.54332],[-83.38916,35.54347],[-83.38869,35.5437],[-83.38799,35.54383],[-83.38763,35.54365],[-83.38665,35.54366],[-83.38613,35.54337],[-83.38537,35.54314],[-83.38501,35.54326],[-83.38491,35.54387],[-83.38421,35.54445],[-83.38355,35.54475],[-83.38328,35.54501],[-83.38249,35.54533],[-83.38159,35.54542],[-83.38137,35.54528],[-83.38096,35.54533],[-83.37988,35.5447],[-83.3797,35.54436],[-83.37947,35.54426],[-83.37847,35.54508],[-83.37813,35.54518],[-83.37769,35.54497],[-83.37628,35.5451],[-83.37577,35.54567],[-83.37486,35.54615],[-83.37406,35.5464],[-83.37313,35.5469],[-83.37206,35.54718],[-83.3715,35.54687],[-83.37116,35.54635],[-83.37053,35.54612],[-83.36982,35.54616],[-83.36884,35.54571],[-83.36855,35.54518],[-83.36845,35.5447],[-83.36792,35.54379],[-83.36785,35.54324],[-83.36805,35.54234],[-83.36763,35.5417],[-83.35867,35.54229],[-83.35862,35.5425],[-83.35887,35.54272],[-83.35974,35.54312],[-83.36031,35.54361],[-83.36109,35.54387],[-83.36405,35.54435],[-83.36523,35.54408],[-83.36646,35.54323],[-83.36713,35.54312],[-83.36729,35.54288],[-83.36707,35.54227],[-83.36712,35.54172],[-83.34765,35.51177],[-83.34782,35.51218],[-83.3475,35.51303],[-83.34729,35.51466],[-83.34767,35.51487],[-83.34775,35.51531],[-83.34757,35.51627],[-83.34805,35.51748],[-83.3481,35.51843],[-83.34829,35.51875],[-83.34919,35.51952],[-83.34976,35.52075],[-83.3504,35.52147],[-83.35112,35.52205],[-83.3512,35.52243],[-83.35145,35.5228],[-83.35155,35.52355],[-83.3513,35.52466],[-83.35131,35.52547],[-83.35137,35.52563],[-83.35167,35.52569],[-83.35164,35.52595],[-83.35202,35.52646],[-83.35192,35.52675],[-83.3516,35.52687],[-83.35151,35.52701],[-83.35199,35.5276],[-83.35195,35.52801],[-83.35227,35.52834],[-83.35262,35.52842],[-83.35337,35.52916],[-83.35375,35.52939],[-83.35466,35.53057],[-83.35472,35.5308],[-83.35546,35.53083],[-83.35636,35.5313],[-83.35656,35.53148],[-83.35663,35.5319],[-83.35753,35.53266],[-83.35734,35.53229],[-83.35736,35.53155],[-83.35755,35.53193],[-83.35796,35.5323],[-83.35792,35.53209],[-83.35813,35.53193],[-83.35802,35.53203],[-83.35808,35.53222],[-83.35864,35.53317],[-83.35872,35.53241],[-83.35894,35.53267],[-83.35912,35.53353],[-83.35892,35.53464],[-83.359,35.5352],[-83.35915,35.53579],[-83.35958,35.53611],[-83.35974,35.53655],[-83.35927,35.53795],[-83.35864,35.53815],[-83.35828,35.53872],[-83.3582,35.54065],[-83.35924,35.54148],[-83.35891,35.5421],[-83.35867,35.54229],[-83.30975,35.52074],[-83.31011,35.52015],[-83.31214,35.51932],[-83.31285,35.51886],[-83.31476,35.51888],[-83.31569,35.51856],[-83.31602,35.5183],[-83.31668,35.51804],[-83.31711,35.51815],[-83.31899,35.51796],[-83.31943,35.51803],[-83.31987,35.5183],[-83.32064,35.51835],[-83.32267,35.51787],[-83.32382,35.51726],[-83.32426,35.51719],[-83.32485,35.51734],[-83.326,35.5173],[-83.3266,35.51682],[-83.3274,35.51668],[-83.32765,35.51672],[-83.32803,35.51706],[-83.32883,35.51739],[-83.33007,35.51727],[-83.33027,35.51719],[-83.33053,35.51673],[-83.331,35.51654],[-83.33114,35.51636],[-83.33164,35.5162],[-83.33211,35.51585],[-83.33337,35.51435],[-83.335,35.5141],[-83.33534,35.51387],[-83.33571,35.5138],[-83.33697,35.51319],[-83.33796,35.51305],[-83.33902,35.51246],[-83.33991,35.51238],[-83.34129,35.5118],[-83.34194,35.51179],[-83.3426,35.51163],[-83.34274,35.51172],[-83.34261,35.51187],[-83.34322,35.51176],[-83.34358,35.51183],[-83.34373,35.51126],[-83.34387,35.51114],[-83.3441,35.51161],[-83.34452,35.51177],[-83.34437,35.51196],[-83.34452,35.5123],[-83.34388,35.51264],[-83.34389,35.51293],[-83.34397,35.5128],[-83.34421,35.51275],[-83.34481,35.51289],[-83.34529,35.51285],[-83.34544,35.51294],[-83.34553,35.51333],[-83.34564,35.51311],[-83.34621,35.51288],[-83.34672,35.51251],[-83.34651,35.51314],[-83.34654,35.51337],[-83.34665,35.51317],[-83.3472,35.51277],[-83.34765,35.51177],[-83.30811,35.5212],[-83.30949,35.52084],[-83.30811,35.5212],[-83.30793,35.52035],[-83.30691,35.51869],[-83.3067,35.51748],[-83.30681,35.51461],[-83.30676,35.51625],[-83.30686,35.51468],[-83.30662,35.51416],[-83.30661,35.5145],[-83.30681,35.51461],[-83.30664,35.51361],[-83.30662,35.51416],[-83.30621,35.51341],[-83.30664,35.51361],[-83.30617,35.51337],[-83.30361,35.50899],[-83.30351,35.50915],[-83.30356,35.50945],[-83.30341,35.50999],[-83.30345,35.51054],[-83.30332,35.51121],[-83.30396,35.51141],[-83.30428,35.51184],[-83.30517,35.51251],[-83.30552,35.513],[-83.3056,35.51333],[-83.30583,35.51341],[-83.30615,35.51332],[-83.30362,35.50896],[-83.30091,35.50582],[-83.3014,35.50572],[-83.30217,35.50609],[-83.30296,35.50689],[-83.30351,35.50825],[-83.30362,35.50896],[-83.30075,35.50567],[-83.29994,35.50663],[-83.30063,35.50581],[-83.27218,35.51057],[-83.27246,35.51006],[-83.27307,35.50974],[-83.27365,35.50978],[-83.27421,35.51023],[-83.27444,35.51085],[-83.27449,35.51189],[-83.27472,35.51232],[-83.27636,35.51308],[-83.27777,35.51341],[-83.27805,35.51379],[-83.27821,35.5147],[-83.27865,35.5152],[-83.27939,35.51534],[-83.2803,35.5152],[-83.28084,35.51525],[-83.28258,35.51599],[-83.28328,35.51651],[-83.2844,35.51702],[-83.28459,35.51737],[-83.28493,35.51876],[-83.28545,35.51962],[-83.28573,35.52064],[-83.286,35.52092],[-83.28645,35.52102],[-83.28684,35.52091],[-83.28729,35.52056],[-83.28748,35.52027],[-83.28781,35.51899],[-83.2894,35.51733],[-83.29014,35.5168],[-83.29157,35.51616],[-83.29322,35.51495],[-83.29355,35.5144],[-83.294,35.51239],[-83.29426,35.5119],[-83.29572,35.511],[-83.29658,35.50961],[-83.29847,35.50838],[-83.29994,35.50663],[-83.27218,35.51057],[-83.27256,35.51168],[-83.27229,35.51234],[-83.27182,35.5125],[-83.27064,35.51244],[-83.27016,35.51787],[-83.27032,35.5164],[-83.27008,35.51345],[-83.27029,35.51285],[-83.27064,35.51244],[-83.27016,35.51787],[-83.26994,35.51785],[-83.26977,35.51751],[-83.26942,35.51736],[-83.26912,35.51734],[-83.26881,35.5175],[-83.26868,35.51778],[-83.26881,35.51827],[-83.26876,35.51848],[-83.26812,35.51874],[-83.26808,35.51932],[-83.26726,35.52007],[-83.26721,35.5204],[-83.22897,35.52508],[-83.23168,35.5246],[-83.23255,35.52464],[-83.23308,35.52486],[-83.234,35.52589],[-83.23422,35.52641],[-83.23413,35.52685],[-83.23359,35.528],[-83.23362,35.52848],[-83.23402,35.52893],[-83.2346,35.52909],[-83.23526,35.52892],[-83.23646,35.52795],[-83.2381,35.52778],[-83.23844,35.52755],[-83.23892,35.52693],[-83.23929,35.52674],[-83.23981,35.52674],[-83.24096,35.52701],[-83.24166,35.52684],[-83.24198,35.52652],[-83.2421,35.52616],[-83.24182,35.52499],[-83.24186,35.5246],[-83.24206,35.52423],[-83.24244,35.52389],[-83.24381,35.5233],[-83.24449,35.52285],[-83.24491,35.52233],[-83.24538,35.52116],[-83.24571,35.52076],[-83.24621,35.52055],[-83.24734,35.52042],[-83.24804,35.52005],[-83.24863,35.5195],[-83.24896,35.51852],[-83.24943,35.5181],[-83.25005,35.51793],[-83.25215,35.51772],[-83.25262,35.51744],[-83.25313,35.51657],[-83.25347,35.51629],[-83.25409,35.51616],[-83.25505,35.5163],[-83.25559,35.51627],[-83.25685,35.51545],[-83.25753,35.51517],[-83.25825,35.51514],[-83.2588,35.51544],[-83.25899,35.51576],[-83.2591,35.51662],[-83.25927,35.517],[-83.26065,35.51839],[-83.26076,35.51935],[-83.2609,35.51974],[-83.26206,35.52089],[-83.26283,35.52146],[-83.26407,35.52186],[-83.26535,35.52194],[-83.26594,35.52164],[-83.26683,35.52067],[-83.26721,35.5204],[-83.21904,35.52464],[-83.21966,35.52472],[-83.22188,35.52463],[-83.22598,35.52502],[-83.22897,35.52508],[-83.21904,35.52464],[-83.21872,35.52496],[-83.21821,35.52515],[-83.17877,35.51086],[-83.17891,35.51096],[-83.17889,35.51111],[-83.17782,35.51204],[-83.17788,35.51214],[-83.17836,35.51202],[-83.17874,35.51214],[-83.1795,35.51292],[-83.18048,35.51325],[-83.18072,35.51374],[-83.18097,35.51395],[-83.18181,35.51373],[-83.18248,35.51395],[-83.18311,35.5137],[-83.18407,35.51385],[-83.18487,35.51374],[-83.18559,35.51384],[-83.18625,35.51378],[-83.18649,35.51395],[-83.18689,35.51468],[-83.18782,35.51517],[-83.18786,35.51504],[-83.18724,35.51439],[-83.18734,35.51275],[-83.18744,35.51258],[-83.18756,35.51263],[-83.18804,35.51386],[-83.18828,35.51402],[-83.18897,35.51406],[-83.18952,35.51435],[-83.19061,35.51425],[-83.19125,35.5144],[-83.19289,35.51431],[-83.193,35.51445],[-83.19285,35.5149],[-83.19291,35.51528],[-83.19373,35.51635],[-83.19388,35.51713],[-83.19447,35.51869],[-83.19483,35.51915],[-83.19495,35.5195],[-83.1951,35.51959],[-83.19609,35.51963],[-83.19706,35.51934],[-83.19805,35.51919],[-83.19948,35.51975],[-83.20063,35.51927],[-83.20173,35.51899],[-83.20403,35.51913],[-83.20546,35.51891],[-83.20632,35.51863],[-83.20671,35.51816],[-83.20721,35.51725],[-83.20751,35.51712],[-83.20832,35.5177],[-83.20909,35.51877],[-83.2102,35.51892],[-83.21086,35.51934],[-83.21135,35.51992],[-83.21196,35.51979],[-83.21218,35.51988],[-83.21231,35.52043],[-83.2122,35.52163],[-83.21228,35.52189],[-83.21249,35.52202],[-83.21266,35.52194],[-83.2128,35.52129],[-83.21308,35.52078],[-83.2132,35.51963],[-83.21374,35.51878],[-83.21389,35.51876],[-83.21389,35.51901],[-83.21364,35.51962],[-83.21386,35.5203],[-83.21408,35.52057],[-83.21401,35.52094],[-83.21409,35.5213],[-83.21473,35.52193],[-83.21514,35.52201],[-83.21557,35.52236],[-83.21639,35.52242],[-83.21678,35.52302],[-83.21726,35.52307],[-83.21745,35.5232],[-83.2178,35.52389],[-83.21702,35.52511],[-83.21821,35.52515],[-83.16963,35.50921],[-83.16969,35.50948],[-83.16994,35.50964],[-83.17212,35.50959],[-83.17319,35.51007],[-83.1764,35.51064],[-83.17722,35.51119],[-83.17763,35.51115],[-83.17825,35.51077],[-83.1786,35.5108],[-83.17877,35.51086],[-83.16963,35.50921],[-83.16857,35.50918],[-83.1676,35.50895],[-83.1672,35.50898],[-83.16678,35.50917],[-83.16653,35.50911],[-83.16614,35.5093],[-83.16578,35.50925],[-83.16541,35.50885],[-83.16522,35.50823],[-83.16485,35.50789],[-83.16394,35.50769],[-83.16367,35.50751],[-83.1631,35.50691],[-83.16279,35.5062],[-83.16266,35.50624],[-83.16231,35.50728],[-83.16186,35.50773],[-83.16146,35.50782],[-83.16175,35.50669],[-83.16134,35.50619],[-83.16097,35.50546],[-83.15921,35.50457],[-83.15696,35.50391],[-83.15641,35.50364],[-83.15623,35.50343],[-83.15654,35.50272],[-83.15669,35.50201],[-83.15657,35.50172],[-83.15664,35.50125],[-83.15623,35.50052],[-83.15621,35.50004],[-83.15663,35.49936],[-83.15758,35.49857],[-83.15773,35.49792],[-83.15815,35.49717],[-83.15815,35.49685],[-83.15772,35.49629],[-83.1574,35.49497],[-83.15657,35.49502],[-83.1569,35.49503],[-83.15657,35.49502],[-83.15646,35.49476],[-83.15591,35.49461],[-83.15559,35.49433],[-83.15546,35.49405],[-83.15521,35.49395],[-83.15504,35.49367],[-83.15521,35.49395],[-83.15504,35.49367],[-83.1547,35.49373],[-83.15443,35.49403],[-83.15405,35.49403],[-83.15364,35.4946],[-83.15336,35.49457],[-83.1532,35.49385],[-83.15369,35.4916],[-83.1536,35.49128],[-83.15338,35.49111],[-83.1534,35.49146],[-83.15331,35.49149],[-83.15308,35.49131],[-83.15269,35.4913],[-83.15248,35.49088],[-83.15219,35.49083],[-83.15125,35.49113],[-83.15049,35.49162],[-83.15022,35.49149],[-83.15012,35.49162],[-83.15044,35.4918],[-83.15086,35.49187],[-83.15128,35.49161],[-83.1517,35.49158],[-83.15134,35.49188],[-83.15126,35.49222],[-83.15098,35.4926],[-83.15067,35.49271],[-83.15027,35.49246],[-83.14926,35.49227],[-83.14898,35.4919],[-83.14842,35.49155],[-83.14816,35.49156],[-83.14744,35.49212],[-83.14707,35.49224],[-83.14648,35.49185],[-83.14631,35.49147],[-83.14573,35.49123],[-83.14516,35.49126],[-83.14482,35.49082],[-83.14526,35.49015],[-83.14524,35.48987],[-83.14501,35.48942],[-83.14462,35.48911],[-83.14449,35.48886],[-83.14535,35.48874],[-83.14623,35.48877],[-83.14664,35.48862],[-83.14783,35.4875],[-83.14776,35.48691],[-83.147,35.48643],[-83.14622,35.48673],[-83.14539,35.48679],[-83.14507,35.48655],[-83.14452,35.48639],[-83.14446,35.48632],[-83.14471,35.48562],[-83.14439,35.48526],[-83.14441,35.48408],[-83.14413,35.48377],[-83.1432,35.48335],[-83.14313,35.48314],[-83.14329,35.4827],[-83.14169,35.48268],[-83.14119,35.48237],[-83.14016,35.48229],[-83.13974,35.48213],[-83.13922,35.48152],[-83.1391,35.48076],[-83.1387,35.48043],[-83.13841,35.47992],[-83.1378,35.47923],[-83.13786,35.47833],[-83.1382,35.47765],[-83.13794,35.47665],[-83.13852,35.47564],[-83.13834,35.4751],[-83.13849,35.47391],[-83.13793,35.47219],[-83.13768,35.47238],[-83.13768,35.47221],[-83.1375,35.47201],[-83.13745,35.47134],[-83.13785,35.47083],[-83.1381,35.47074],[-83.13871,35.4702],[-83.13879,35.47],[-83.13846,35.4694],[-83.13865,35.46838],[-83.13848,35.4673],[-83.13854,35.46641],[-83.13897,35.46568],[-83.1395,35.46547],[-83.14023,35.46418],[-83.14053,35.46397],[-83.14063,35.4634],[-83.14038,35.4629],[-83.14029,35.46215],[-83.1405,35.46052],[-83.14087,35.46094],[-83.14048,35.46126],[-83.14029,35.46163],[-83.14029,35.46215]]}},{"type":"Feature","properties":{"id":"caf89f21ad18","name":"Old Fontana Forest Road","length_mi":3.56,"country":"United States","state":"North Carolina","park":"Nantahala National Forest","park_type":"National park or forest","note":"","source":"OpenStreetMap","osm_id":"13302576","osm_ids":[],"created_at":"2025-12-22T16:12:31.896583"},"geometry":{"type":"LineString","coordinates":[[-83.78978,35.4399],[-83.79013,35.43951],[-83.79039,35.43946],[-83.79084,35.43962],[-83.79131,35.43916],[-83.7917,35.43908],[-83.79234,35.4393],[-83.79249,35.43963],[-83.79377,35.43979],[-83.79419,35.43999],[-83.79508,35.4401],[-83.79571,35.43993],[-83.79629,35.43996],[-83.79694,35.43961],[-83.79784,35.43871],[-83.79816,35.43857],[-83.79845,35.43865],[-83.79875,35.4391],[-83.79905,35.43929],[-83.79938,35.43932],[-83.79978,35.43914],[-83.80037,35.43932],[-83.80115,35.43883],[-83.80203,35.43915],[-83.80239,35.4388],[-83.80302,35.43882],[-83.80336,35.43847],[-83.80399,35.43843],[-83.80442,35.43808],[-83.80458,35.43779],[-83.80417,35.4373],[-83.80408,35.43656],[-83.80358,35.43629],[-83.80275,35.43639],[-83.80252,35.43626],[-83.80239,35.4359],[-83.80186,35.4359],[-83.80179,35.43539],[-83.80127,35.43489],[-83.80142,35.43434],[-83.8028,35.43388],[-83.80336,35.43343],[-83.80339,35.43279],[-83.80369,35.43183],[-83.80436,35.43128],[-83.80493,35.43127],[-83.80522,35.43144],[-83.80512,35.4322],[-83.80526,35.43241],[-83.80624,35.4323],[-83.8067,35.43245],[-83.80732,35.43214],[-83.80794,35.43222],[-83.80816,35.43256],[-83.80942,35.43309],[-83.81,35.4338],[-83.81067,35.43374],[-83.81096,35.4333],[-83.81105,35.43295],[-83.81097,35.43266],[-83.8111,35.43232],[-83.81094,35.43201],[-83.81102,35.43136],[-83.81138,35.43096],[-83.81149,35.43034],[-83.81193,35.43006],[-83.81274,35.42991],[-83.81347,35.43035],[-83.81405,35.43028],[-83.81485,35.43094],[-83.81525,35.43112],[-83.81527,35.43143],[-83.81537,35.43151],[-83.81597,35.43103],[-83.81634,35.43055],[-83.816,35.43023],[-83.8164,35.42999],[-83.81663,35.42944],[-83.81623,35.42911],[-83.81633,35.42868],[-83.81617,35.42822],[-83.81645,35.42794],[-83.81694,35.42788],[-83.81723,35.4275],[-83.81684,35.427],[-83.8171,35.42651],[-83.81691,35.42647],[-83.81649,35.42673],[-83.81667,35.42738],[-83.81599,35.42749],[-83.8154,35.42801],[-83.81544,35.42863],[-83.81536,35.42878],[-83.81471,35.42923],[-83.81433,35.42934],[-83.814,35.42934],[-83.81361,35.42909]]}},{"type":"Feature","properties":{"id":"b72db46390d9","name":"Piney Ridge Trail","length_mi":0.64,"country":"United States","state":"North Carolina","park":"Nantahala National Forest","park_type":"National park or forest","note":"","source":"OpenStreetMap","osm_id":"13302580","osm_ids":[],"created_at":"2025-12-22T16:12:31.896583"},"geometry":{"type":"LineString","coordinates":[[-83.8332,35.43063],[-83.83302,35.43071],[-83.83308,35.43092],[-83.8328,35.43134],[-83.83182,35.43198],[-83.83118,35.43218],[-83.83107,35.43279],[-83.83071,35.43333],[-83.83061,35.4333],[-83.83071,35.43266],[-83.8305,35.43286],[-83.83057,35.43306],[-83.83042,35.43321],[-83.82936,35.43356],[-83.82936,35.43345],[-83.82981,35.43319],[-83.83029,35.43311],[-83.8302,35.43276],[-83.83035,35.43246],[-83.83007,35.43226],[-83.82915,35.43232],[-83.82927,35.43209]]}},{"type":"Feature","properties":{"id":"14959bdc9134","name":"Pinnacle Park Tour","length_mi":4.75,"country":"United States","state":"North Carolina","park":"Nantahala National Forest","park_type":"National park or forest","note":"","source":"OpenStreetMap","osm_id":"15700322","osm_ids":[],"created_at":"2025-12-22T16:12:31.897583"},"geometry":{"type":"LineString","coordinates":[[-83.19125,35.42262],[-83.19095,35.42335],[-83.19082,35.42407],[-83.19062,35.42442],[-83.19058,35.42488],[-83.19024,35.42521],[-83.19047,35.42561],[-83.19054,35.42608],[-83.19115,35.42669],[-83.19153,35.42785],[-83.19141,35.42974],[-83.19156,35.43011],[-83.1934,35.42891],[-83.19425,35.42927],[-83.19413,35.42957],[-83.19366,35.42971],[-83.19364,35.43031],[-83.193,35.43061],[-83.1932,35.43076],[-83.19399,35.43087],[-83.19411,35.43098],[-83.19403,35.43151],[-83.19383,35.43195],[-83.1938,35.43225],[-83.19397,35.43258],[-83.19384,35.43284],[-83.1943,35.43329],[-83.19452,35.43405],[-83.19444,35.43418],[-83.19382,35.4344],[-83.19371,35.4346],[-83.19377,35.43501],[-83.19357,35.4353],[-83.19315,35.43558],[-83.19407,35.43605],[-83.19388,35.43672],[-83.19428,35.43745],[-83.19436,35.43789],[-83.19461,35.43803],[-83.19465,35.43822],[-83.19393,35.43858],[-83.19306,35.43872],[-83.19269,35.43863],[-83.19216,35.43896],[-83.19166,35.43892],[-83.1915,35.43898],[-83.19098,35.43966],[-83.19033,35.43948],[-83.18966,35.43987],[-83.18933,35.44022],[-83.18897,35.44114],[-83.18966,35.44109],[-83.18999,35.44123],[-83.18977,35.44138],[-83.18958,35.44179],[-83.18939,35.44179],[-83.18865,35.44239],[-83.18812,35.44224],[-83.1879,35.44238],[-83.18747,35.44226],[-83.18625,35.44242],[-83.18567,35.44235],[-83.18555,35.44217],[-83.18609,35.44105],[-83.18599,35.44035],[-83.18604,35.43962],[-83.1858,35.43928],[-83.18639,35.43848],[-83.18681,35.43812],[-83.18689,35.438],[-83.18682,35.43775],[-83.18658,35.43766],[-83.18638,35.43796],[-83.18607,35.43813],[-83.18521,35.43796],[-83.18476,35.43826],[-83.18441,35.43821],[-83.18305,35.43712],[-83.18263,35.43701],[-83.18248,35.43629],[-83.18275,35.43535],[-83.18294,35.43543],[-83.18301,35.43583],[-83.1832,35.43584],[-83.1834,35.43562],[-83.18363,35.43558],[-83.18436,35.43618],[-83.18453,35.43621],[-83.18469,35.43557],[-83.18537,35.43501],[-83.18548,35.43439],[-83.18579,35.43403],[-83.18584,35.43357],[-83.18619,35.43288],[-83.18607,35.43284],[-83.18523,35.43318],[-83.18491,35.43359],[-83.18442,35.4338],[-83.18426,35.43405],[-83.18406,35.43411],[-83.18302,35.43287],[-83.18208,35.43266],[-83.18185,35.43255],[-83.18167,35.43229],[-83.18199,35.4324],[-83.18223,35.43223],[-83.18247,35.43119],[-83.18297,35.43136],[-83.18293,35.43042],[-83.18379,35.42978],[-83.1844,35.429],[-83.18498,35.42863],[-83.18567,35.42788],[-83.18625,35.42678],[-83.18692,35.42614],[-83.1873,35.42602],[-83.18962,35.42619],[-83.18991,35.42635],[-83.19021,35.42678],[-83.19115,35.42669]]}},{"type":"Feature","properties":{"id":"9a33e41d5803","name":"Pinnacle Trail","length_mi":1.36,"country":"United States","state":"North Carolina","park":null,"park_type":null,"note":"","source":"OpenStreetMap","osm_id":"15700321","osm_ids":[],"created_at":"2025-12-22T16:12:31.897583"},"geometry":{"type":"LineString","coordinates":[[-83.20085,35.42961],[-83.20106,35.43031],[-83.20069,35.43128],[-83.20029,35.4318],[-83.19939,35.43246],[-83.1992,35.43278],[-83.19887,35.43299],[-83.19846,35.43349],[-83.19841,35.43372],[-83.19872,35.4339],[-83.19886,35.43442],[-83.19882,35.43506],[-83.19865,35.43537],[-83.19867,35.43578],[-83.19796,35.43628],[-83.19721,35.4371],[-83.1972,35.43729],[-83.19743,35.43747],[-83.19737,35.43784],[-83.1978,35.43884],[-83.19721,35.43948],[-83.1968,35.44024],[-83.19612,35.44072],[-83.19556,35.44089],[-83.19351,35.44086],[-83.19261,35.44118],[-83.19215,35.44114],[-83.19198,35.44095],[-83.19159,35.44089],[-83.1909,35.44128],[-83.19054,35.44101],[-83.19016,35.44052],[-83.18928,35.44037]]}},{"type":"Feature","properties":{"id":"1c17c7c8a2cf","name":"Smokemont Loop Trail","length_mi":3.76,"country":"United States","state":"North Carolina","park":"Great Smoky Mountains National Park","park_type":"National park or forest","note":"","source":"OpenStreetMap","osm_id":"7552569","osm_ids":[],"created_at":"2025-12-22T16:12:31.894583"},"geometry":{"type":"LineString","coordinates":[[-83.31188,35.55583],[-83.31272,35.55594],[-83.31396,35.55671],[-83.3148,35.5574],[-83.315,35.55815],[-83.31536,35.55845],[-83.3154,35.55866],[-83.31605,35.55891],[-83.31614,35.55919],[-83.31668,35.55899],[-83.31706,35.55901],[-83.3168,35.55961],[-83.31703,35.56007],[-83.31734,35.56009],[-83.31739,35.56032],[-83.31754,35.56037],[-83.31804,35.56003],[-83.31807,35.56039],[-83.3184,35.56077],[-83.31809,35.56087],[-83.31765,35.5613],[-83.31768,35.56141],[-83.31792,35.56143],[-83.31799,35.56177],[-83.31784,35.56201],[-83.31803,35.56225],[-83.31784,35.5627],[-83.31797,35.56301],[-83.31781,35.56326],[-83.3177,35.56401],[-83.31787,35.56498],[-83.3177,35.56565],[-83.31787,35.56595],[-83.31833,35.56559],[-83.31897,35.56593],[-83.31908,35.56505],[-83.31985,35.56533],[-83.32001,35.56552],[-83.31969,35.56602],[-83.31967,35.56646],[-83.31996,35.56743],[-83.32011,35.56751],[-83.32046,35.5673],[-83.32058,35.5676],[-83.32087,35.56787],[-83.32107,35.56794],[-83.32132,35.56781],[-83.32141,35.56813],[-83.3217,35.56833],[-83.32252,35.56829],[-83.32268,35.56839],[-83.3231,35.56907],[-83.32306,35.5692],[-83.32328,35.56947],[-83.3233,35.56983],[-83.32282,35.57033],[-83.3228,35.5706],[-83.32334,35.57099],[-83.3238,35.57096],[-83.32443,35.57067],[-83.32532,35.57067],[-83.32545,35.57054],[-83.32536,35.57013],[-83.32547,35.56989],[-83.32526,35.56967],[-83.32525,35.56947],[-83.32581,35.56922],[-83.32629,35.56885],[-83.32664,35.56923],[-83.32662,35.56938],[-83.32697,35.57006],[-83.32717,35.57009],[-83.32727,35.5703],[-83.32753,35.57039],[-83.32759,35.57067],[-83.32784,35.57093],[-83.3282,35.57105],[-83.32846,35.57187],[-83.32897,35.57245],[-83.32925,35.5726],[-83.3299,35.57259],[-83.33038,35.57289],[-83.32982,35.57392],[-83.33033,35.57479],[-83.33022,35.57527],[-83.33006,35.57547],[-83.3295,35.57565],[-83.32938,35.57588],[-83.32936,35.57696],[-83.32948,35.57712],[-83.32949,35.57751],[-83.32923,35.57775],[-83.32934,35.57804],[-83.32899,35.57821],[-83.32903,35.57859],[-83.32821,35.57868],[-83.32783,35.57838],[-83.3276,35.57855],[-83.32745,35.57854],[-83.32724,35.57801],[-83.32704,35.57784],[-83.32692,35.57739],[-83.32607,35.57708],[-83.3258,35.57728],[-83.32599,35.57754],[-83.32593,35.57775],[-83.32466,35.57838],[-83.32503,35.5786],[-83.32468,35.57919],[-83.3247,35.57956],[-83.32434,35.57935],[-83.32305,35.57925],[-83.32248,35.57864],[-83.32187,35.57847],[-83.32155,35.57853],[-83.32165,35.57878],[-83.32151,35.57917],[-83.32151,35.57954],[-83.32114,35.57955]]}},{"type":"Feature","properties":{"id":"7bd526c2b060","name":"Squatter Trail","length_mi":1.41,"country":"United States","state":"North Carolina","park":"Nantahala National Forest","park_type":"National park or forest","note":"","source":"OpenStreetMap","osm_id":"13302582","osm_ids":[],"created_at":"2025-12-22T16:12:31.896583"},"geometry":{"type":"LineString","coordinates":[[-83.82163,35.432],[-83.82069,35.43199],[-83.82217,35.43215],[-83.82163,35.432],[-83.82228,35.43214],[-83.82221,35.43215],[-83.82308,35.43179],[-83.82287,35.4321],[-83.82228,35.43214],[-83.82308,35.43179],[-83.82287,35.4321],[-83.82228,35.43214],[-83.82359,35.43265],[-83.82332,35.43265],[-83.82313,35.43278],[-83.82359,35.43265],[-83.82332,35.43265],[-83.82313,35.43278],[-83.82319,35.4325],[-83.82359,35.43265],[-83.82313,35.43122],[-83.8234,35.43188],[-83.82315,35.43205],[-83.82319,35.4325],[-83.82313,35.43122],[-83.82371,35.43185],[-83.82389,35.43235],[-83.82422,35.43244],[-83.82313,35.43122],[-83.82371,35.43185],[-83.82389,35.43235],[-83.82422,35.43244],[-83.82474,35.42975],[-83.82466,35.42977],[-83.82431,35.42994],[-83.82415,35.43025],[-83.82378,35.43024],[-83.82413,35.43031],[-83.82443,35.4302],[-83.82375,35.43061],[-83.82364,35.431],[-83.82313,35.43122],[-83.82474,35.42975],[-83.8261,35.4299],[-83.82651,35.4296],[-83.82701,35.42988],[-83.82725,35.42953],[-83.82753,35.4297],[-83.82806,35.4296],[-83.82831,35.42916],[-83.82853,35.42904],[-83.82888,35.42934],[-83.83057,35.4295],[-83.83105,35.42903],[-83.83137,35.42893]]}},{"type":"Feature","properties":{"id":"e81143bc1603","name":"Stairway to Heaven Trail","length_mi":0.83,"country":"United States","state":"North Carolina","park":"Nantahala National Forest","park_type":"National park or forest","note":"","source":"OpenStreetMap","osm_id":"13302584","osm_ids":[],"created_at":"2025-12-22T16:12:31.896583"},"geometry":{"type":"LineString","coordinates":[[-83.83138,35.42914],[-83.83135,35.42867],[-83.83112,35.42851],[-83.83106,35.42807],[-83.83116,35.42821],[-83.8315,35.42818],[-83.83173,35.42786],[-83.83196,35.42827],[-83.8321,35.42828],[-83.83203,35.42774],[-83.83225,35.42752],[-83.8322,35.42734],[-83.8332,35.42669],[-83.83307,35.42643],[-83.83309,35.426],[-83.83341,35.42578],[-83.8332,35.42548],[-83.8335,35.42521],[-83.83349,35.425],[-83.83316,35.4247],[-83.83251,35.42446],[-83.83211,35.42443],[-83.83163,35.4246],[-83.83124,35.4245],[-83.8309,35.42455],[-83.8305,35.42431],[-83.83007,35.42432],[-83.82935,35.42382],[-83.82806,35.4234],[-83.82809,35.42329]]}},{"type":"Feature","properties":{"id":"1bc152650f28","name":"Sweat Heifer Creek Trail","length_mi":3.6,"country":"United States","state":"North Carolina","park":"Great Smoky Mountains National Park","park_type":"National park or forest","note":"","source":"OpenStreetMap","osm_id":"7528544","osm_ids":[],"created_at":"2025-12-22T16:12:31.893582"},"geometry":{"type":"LineString","coordinates":[[-83.36867,35.60995],[-83.36862,35.61051],[-83.36908,35.61044],[-83.3691,35.61197],[-83.36963,35.61227],[-83.37026,35.61288],[-83.36962,35.61333],[-83.37025,35.61408],[-83.3712,35.61388],[-83.37153,35.61399],[-83.37162,35.61376],[-83.37226,35.61349],[-83.37292,35.61364],[-83.37321,35.6133],[-83.37365,35.61313],[-83.37355,35.61263],[-83.37379,35.61228],[-83.3738,35.61204],[-83.37393,35.61196],[-83.37443,35.61241],[-83.37533,35.6126],[-83.37587,35.61291],[-83.37628,35.61289],[-83.37734,35.61364],[-83.37744,35.61382],[-83.37737,35.61398],[-83.37689,35.61415],[-83.3774,35.6145],[-83.37718,35.61496],[-83.37824,35.61591],[-83.37846,35.61591],[-83.3787,35.61575],[-83.37931,35.61513],[-83.37962,35.61512],[-83.37991,35.61527],[-83.38031,35.61584],[-83.38036,35.61608],[-83.3809,35.61677],[-83.38058,35.61763],[-83.3807,35.61847],[-83.38095,35.61877],[-83.38118,35.61869],[-83.38126,35.6182],[-83.38161,35.61778],[-83.38199,35.61755],[-83.3829,35.61732],[-83.3829,35.61694],[-83.3827,35.61682],[-83.38263,35.61662],[-83.38316,35.61617],[-83.38323,35.61578],[-83.38344,35.6157],[-83.38382,35.61578],[-83.38449,35.61573],[-83.38504,35.61554],[-83.38517,35.61535],[-83.38508,35.61512],[-83.3855,35.61484],[-83.38604,35.61426],[-83.38621,35.6137],[-83.38736,35.61465],[-83.3877,35.61512],[-83.38832,35.61547],[-83.38852,35.61608],[-83.38882,35.61631],[-83.38917,35.61623],[-83.39,35.61534],[-83.39054,35.61612],[-83.39201,35.61676],[-83.39279,35.61816],[-83.39272,35.61961],[-83.39342,35.62043],[-83.39385,35.62032],[-83.39423,35.62005],[-83.3947,35.62016],[-83.39518,35.62011],[-83.3957,35.61947],[-83.39639,35.61971],[-83.39719,35.61972],[-83.39806,35.61992],[-83.39936,35.62055],[-83.4003,35.62056],[-83.40138,35.62024],[-83.404,35.6205],[-83.40381,35.62087],[-83.40381,35.62118]]}},{"type":"Feature","properties":{"id":"b4d97cde19e8","name":"Turkey Chute Trail","length_mi":0.98,"country":"United States","state":"North Carolina","park":"Nantahala National Forest","park_type":"National park or forest","note":"","source":"OpenStreetMap","osm_id":"13302581","osm_ids":[],"created_at":"2025-12-22T16:12:31.896583"},"geometry":{"type":"LineString","coordinates":[[-83.83328,35.43063],[-83.83211,35.43069],[-83.83149,35.43091],[-83.83105,35.43137],[-83.83016,35.43154],[-83.82995,35.43177],[-83.8291,35.43217],[-83.82789,35.43245],[-83.82687,35.43317],[-83.82676,35.43352],[-83.82659,35.43366],[-83.82642,35.43335],[-83.82632,35.43336],[-83.82605,35.43375],[-83.82594,35.43367],[-83.8267,35.43358],[-83.82655,35.43365],[-83.8264,35.43334],[-83.82605,35.43375],[-83.82594,35.43367],[-83.8267,35.43358],[-83.82649,35.43418],[-83.82599,35.43438],[-83.82591,35.43522],[-83.82632,35.43551],[-83.8267,35.4356],[-83.82662,35.43582],[-83.82639,35.4359],[-83.82569,35.43584],[-83.82521,35.43625],[-83.82496,35.43682],[-83.82466,35.43667]]}},{"type":"Feature","properties":{"id":"bb56d2e6efdd","name":"Whiting Rail Trail","length_mi":2.04,"country":"United States","state":"North Carolina","park":"Nantahala National Forest","park_type":"National park or forest","note":"","source":"OpenStreetMap","osm_id":"13302585","osm_ids":[],"created_at":"2025-12-22T16:12:31.897583"},"geometry":{"type":"LineString","coordinates":[[-83.83164,35.42879],[-83.83156,35.42901],[-83.83137,35.42893],[-83.83248,35.42873],[-83.8317,35.42897],[-83.83164,35.42879],[-83.8338,35.42871],[-83.83323,35.42887],[-83.83303,35.42914],[-83.83288,35.42894],[-83.83295,35.42872],[-83.83248,35.42873],[-83.8338,35.42871],[-83.83323,35.42887],[-83.83303,35.42914],[-83.83288,35.42894],[-83.83295,35.42872],[-83.83248,35.42873],[-83.83247,35.42788],[-83.83213,35.42817],[-83.83106,35.42807],[-83.83116,35.42821],[-83.8315,35.42818],[-83.8317,35.42786],[-83.83196,35.42827],[-83.8321,35.42828],[-83.83213,35.42817],[-83.83115,35.42835],[-83.83106,35.42807],[-83.83114,35.42853],[-83.83115,35.42835],[-83.82872,35.42849],[-83.82941,35.42861],[-83.83036,35.42843],[-83.83054,35.42855],[-83.8308,35.42831],[-83.83098,35.42835],[-83.83111,35.42856],[-83.82484,35.4293],[-83.82556,35.42912],[-83.82581,35.42887],[-83.82685,35.42905],[-83.82733,35.42872],[-83.8276,35.42931],[-83.8279,35.42937],[-83.82807,35.42919],[-83.82804,35.42892],[-83.82827,35.42887],[-83.82843,35.42846],[-83.82872,35.42849],[-83.82469,35.42942],[-83.82484,35.4293],[-83.82409,35.43015],[-83.82362,35.43023],[-83.82357,35.43073],[-83.82344,35.43094],[-83.82293,35.43108],[-83.82308,35.43176],[-83.82284,35.43201],[-83.82244,35.43192],[-83.82216,35.43203],[-83.82186,35.4319],[-83.82148,35.43204],[-83.82108,35.43196],[-83.82052,35.43206],[-83.81642,35.43492],[-83.81714,35.4346],[-83.81725,35.43411],[-83.81835,35.43407],[-83.81864,35.43391],[-83.81883,35.43362],[-83.81947,35.43349],[-83.81958,35.43336],[-83.81872,35.43355],[-83.81842,35.43388],[-83.81789,35.43382],[-83.81832,35.43371],[-83.81854,35.43335],[-83.81922,35.43327],[-83.81933,35.43278],[-83.82005,35.43272],[-83.82035,35.43216]]}},{"type":"Feature","properties":{"id":"ba06158b6cf8","name":"Abrams Falls Trail","length_mi":4.2,"country":"United States","state":"Tennessee","park":"Great Smoky Mountains National Park","park_type":"National park or forest","note":"","source":"OpenStreetMap","osm_id":"2937805","osm_ids":[],"created_at":"2025-12-22T16:12:31.893582"},"geometry":{"type":"LineString","coordinates":[[-83.85242,35.59117],[-83.85286,35.59133],[-83.8531,35.59157],[-83.85349,35.59146],[-83.85534,35.59182],[-83.85562,35.59197],[-83.85619,35.5925],[-83.85651,35.59299],[-83.85661,35.59343],[-83.85713,35.59431],[-83.85727,35.59486],[-83.85759,35.59518],[-83.85795,35.59535],[-83.85928,35.59533],[-83.85961,35.59708],[-83.86018,35.59734],[-83.86078,35.59788],[-83.8618,35.59893],[-83.86224,35.59955],[-83.86328,35.60042],[-83.86362,35.60058],[-83.8647,35.60071],[-83.86545,35.60055],[-83.86494,35.60131],[-83.86502,35.60217],[-83.86557,35.6028],[-83.86652,35.60341],[-83.86621,35.60362],[-83.8669,35.60359],[-83.86714,35.60368],[-83.87302,35.60726],[-83.87372,35.60779],[-83.87598,35.60908],[-83.8769,35.6092],[-83.87745,35.60907],[-83.87813,35.60866],[-83.87836,35.60809],[-83.87851,35.60806],[-83.87926,35.60875],[-83.87923,35.60911],[-83.87939,35.60931],[-83.87861,35.60982],[-83.87952,35.60966],[-83.87986,35.61137],[-83.8804,35.61164],[-83.88107,35.61159],[-83.88167,35.61124],[-83.882,35.61089],[-83.88314,35.6103],[-83.88335,35.61033],[-83.8834,35.61005],[-83.88401,35.6094],[-83.88433,35.60947],[-83.88429,35.61007],[-83.88466,35.61086],[-83.88547,35.61195],[-83.88609,35.6123],[-83.88682,35.61212],[-83.88735,35.6111],[-83.88781,35.61063],[-83.88808,35.61062],[-83.88827,35.61084],[-83.88856,35.61069],[-83.88955,35.61089],[-83.88986,35.61081],[-83.89021,35.61099],[-83.89032,35.6107],[-83.89111,35.61042],[-83.89184,35.6099],[-83.89239,35.60911],[-83.89261,35.60905],[-83.89255,35.60897],[-83.89317,35.60757],[-83.89404,35.60683],[-83.89485,35.60591],[-83.89629,35.60474],[-83.89683,35.60447],[-83.89799,35.60463],[-83.89845,35.60514]]}},{"type":"Feature","properties":{"id":"0a4f318b3491","name":"Alum Cave Trail","length_mi":4.97,"country":"United States","state":"Tennessee","park":"Great Smoky Mountains National Park","park_type":"National park or forest","note":"","source":"OpenStreetMap","osm_id":"7552504","osm_ids":[],"created_at":"2025-12-22T16:12:31.894583"},"geometry":{"type":"LineString","coordinates":[[-83.45044,35.62846],[-83.45098,35.62888],[-83.45096,35.62904],[-83.4508,35.62919],[-83.45049,35.62922],[-83.45006,35.6296],[-83.44997,35.62982],[-83.44926,35.63002],[-83.44858,35.63003],[-83.44706,35.63075],[-83.44666,35.6308],[-83.44557,35.63156],[-83.44492,35.63232],[-83.44418,35.63242],[-83.44392,35.63262],[-83.44345,35.63237],[-83.443,35.63235],[-83.4426,35.6322],[-83.44198,35.63227],[-83.44062,35.63304],[-83.44043,35.63354],[-83.44012,35.63385],[-83.43828,35.63407],[-83.4378,35.63451],[-83.43817,35.63495],[-83.4384,35.63553],[-83.4382,35.63633],[-83.43787,35.63672],[-83.43776,35.6371],[-83.43799,35.63725],[-83.43805,35.63773],[-83.43862,35.63817],[-83.43879,35.63855],[-83.43866,35.63899],[-83.43831,35.63908],[-83.43809,35.63967],[-83.43771,35.63988],[-83.43781,35.64005],[-83.43776,35.64017],[-83.43834,35.64022],[-83.4384,35.64054],[-83.43869,35.64031],[-83.43984,35.64002],[-83.44029,35.64002],[-83.44005,35.6397],[-83.4406,35.63923],[-83.44057,35.63902],[-83.44035,35.63877],[-83.44058,35.63849],[-83.44076,35.63755],[-83.44103,35.63726],[-83.44186,35.63687],[-83.44198,35.63651],[-83.44236,35.63612],[-83.44247,35.6363],[-83.44228,35.63666],[-83.44243,35.63703],[-83.44297,35.63757],[-83.44364,35.63802],[-83.44371,35.63818],[-83.44471,35.63878],[-83.44488,35.6391],[-83.44519,35.6391],[-83.44587,35.63882],[-83.44618,35.63819],[-83.44643,35.63808],[-83.44705,35.63854],[-83.44746,35.63934],[-83.44792,35.63956],[-83.44748,35.64005],[-83.44672,35.63997],[-83.44637,35.64039],[-83.44578,35.64031],[-83.44557,35.64058],[-83.44512,35.64065],[-83.44463,35.64144],[-83.44348,35.64145],[-83.44299,35.64188],[-83.44284,35.64249],[-83.44184,35.64364],[-83.44147,35.64386],[-83.44115,35.64434],[-83.44068,35.64464],[-83.43851,35.64548],[-83.43793,35.64647],[-83.43791,35.64683],[-83.43748,35.64754],[-83.43754,35.64787],[-83.43733,35.64838],[-83.43689,35.64891],[-83.43663,35.6502],[-83.4363,35.65033],[-83.43614,35.65055],[-83.43559,35.65074],[-83.43559,35.65095],[-83.43694,35.65065],[-83.43746,35.65031],[-83.43757,35.65013],[-83.43752,35.64998],[-83.43778,35.64968],[-83.43954,35.65035],[-83.43991,35.65105],[-83.44089,35.65105],[-83.44143,35.65089],[-83.44271,35.65144],[-83.44362,35.65124],[-83.44401,35.65097],[-83.44436,35.65106],[-83.44454,35.65122],[-83.44463,35.65172],[-83.44435,35.65191],[-83.44392,35.65253],[-83.44418,35.65297],[-83.44481,35.6536],[-83.44479,35.65406],[-83.44509,35.65419],[-83.44537,35.65452],[-83.44603,35.65492],[-83.44558,35.65533],[-83.445,35.65561],[-83.4438,35.65575],[-83.44231,35.65505],[-83.45154,35.62955],[-83.45124,35.62948],[-83.45094,35.62906]]}},{"type":"Feature","properties":{"id":"bd35d21797a0","name":"Balsam Point Quiet Walkway","length_mi":0.86,"country":"United States","state":"Tennessee","park":"Great Smoky Mountains National Park","park_type":"National park or forest","note":"","source":"OpenStreetMap","osm_id":"7552905","osm_ids":[],"created_at":"2025-12-22T16:12:31.895583"},"geometry":{"type":"LineString","coordinates":[[-83.51905,35.65719],[-83.51852,35.65703],[-83.51834,35.65707],[-83.51854,35.65742],[-83.51895,35.65761],[-83.51887,35.65791],[-83.51854,35.65811],[-83.51837,35.65808],[-83.51739,35.65719],[-83.51671,35.65687],[-83.51642,35.65647],[-83.51595,35.6564],[-83.51485,35.65649],[-83.51475,35.65635],[-83.51435,35.65651],[-83.51394,35.65642],[-83.51393,35.6563],[-83.51366,35.65619],[-83.5133,35.65633],[-83.51312,35.65591],[-83.51321,35.65531],[-83.51306,35.65478],[-83.51228,35.65394],[-83.51226,35.65349],[-83.5124,35.65339],[-83.5124,35.65325],[-83.51194,35.65256],[-83.51208,35.65254],[-83.51244,35.65208]]}},{"type":"Feature","properties":{"id":"e3fbc699ffd4","name":"Baskins Creek Trail","length_mi":2.71,"country":"United States","state":"Tennessee","park":"Great Smoky Mountains National Park","park_type":"National park or forest","note":"","source":"OpenStreetMap","osm_id":"7552412","osm_ids":[],"created_at":"2025-12-22T16:12:31.894583"},"geometry":{"type":"LineString","coordinates":[[-83.4785,35.67703],[-83.47857,35.67731],[-83.47846,35.67807],[-83.4779,35.67798],[-83.47755,35.67825],[-83.47707,35.6783],[-83.47678,35.67859],[-83.47671,35.67882],[-83.47764,35.67896],[-83.47788,35.67912],[-83.47818,35.67969],[-83.47819,35.67992],[-83.47778,35.68035],[-83.4777,35.68067],[-83.47816,35.68094],[-83.47854,35.68159],[-83.4783,35.6819],[-83.47841,35.68237],[-83.47828,35.6828],[-83.47881,35.68337],[-83.47934,35.68359],[-83.47946,35.68391],[-83.48011,35.68459],[-83.47988,35.68538],[-83.48024,35.68607],[-83.48027,35.68649],[-83.48007,35.68705],[-83.47981,35.68686],[-83.47973,35.68706],[-83.48018,35.68904],[-83.47979,35.68977],[-83.48009,35.68999],[-83.48016,35.69031],[-83.47989,35.69069],[-83.47994,35.69102],[-83.47975,35.69265],[-83.47959,35.69307],[-83.47961,35.69345],[-83.47986,35.69401],[-83.47976,35.69422],[-83.47949,35.69455],[-83.47868,35.69427],[-83.47821,35.69381],[-83.47711,35.69335],[-83.47648,35.69327],[-83.47589,35.69343],[-83.47568,35.6937],[-83.47571,35.69431],[-83.47555,35.69466],[-83.4744,35.69584],[-83.47409,35.69631],[-83.47395,35.69709],[-83.47403,35.69764],[-83.47344,35.69747],[-83.47285,35.69682],[-83.47273,35.69653],[-83.47282,35.69578],[-83.47264,35.69554],[-83.4717,35.6952],[-83.47109,35.69531],[-83.47017,35.69508],[-83.4699,35.69462],[-83.46928,35.69441],[-83.4691,35.69401],[-83.46867,35.69392],[-83.46804,35.69344],[-83.46767,35.6934],[-83.46746,35.69359],[-83.46741,35.694],[-83.46651,35.69429]]}},{"type":"Feature","properties":{"id":"0a0d7b051fce","name":"Boulevard Trail","length_mi":5.15,"country":"United States","state":"Tennessee","park":"Great Smoky Mountains National Park","park_type":"National park or forest","note":"","source":"OpenStreetMap","osm_id":"7552489","osm_ids":[],"created_at":"2025-12-22T16:12:31.894583"},"geometry":{"type":"LineString","coordinates":[[-83.39048,35.62919],[-83.39051,35.62975],[-83.39076,35.63002],[-83.39227,35.63068],[-83.3937,35.63081],[-83.39445,35.63192],[-83.39452,35.63209],[-83.39441,35.63224],[-83.39396,35.63215],[-83.39345,35.63247],[-83.39315,35.63343],[-83.39187,35.63346],[-83.39211,35.63388],[-83.39238,35.63489],[-83.39401,35.63753],[-83.39507,35.63765],[-83.39592,35.63716],[-83.39712,35.6371],[-83.39848,35.63665],[-83.39929,35.63658],[-83.39944,35.63662],[-83.39965,35.63691],[-83.40001,35.63764],[-83.40038,35.63781],[-83.40139,35.63794],[-83.40198,35.63821],[-83.4031,35.63799],[-83.40357,35.6377],[-83.40411,35.63678],[-83.40455,35.63641],[-83.40478,35.63577],[-83.40469,35.63502],[-83.40521,35.63465],[-83.40543,35.63472],[-83.40549,35.6352],[-83.40584,35.63547],[-83.40737,35.63603],[-83.40815,35.63601],[-83.40962,35.63731],[-83.41013,35.63749],[-83.41096,35.63743],[-83.41149,35.63718],[-83.41301,35.63601],[-83.41333,35.63571],[-83.41366,35.63496],[-83.4139,35.63553],[-83.41384,35.63583],[-83.41429,35.63641],[-83.4157,35.63688],[-83.41587,35.63699],[-83.41592,35.63719],[-83.41645,35.63759],[-83.41721,35.63797],[-83.41796,35.63873],[-83.41868,35.63894],[-83.41922,35.63967],[-83.41994,35.64029],[-83.42007,35.64081],[-83.42046,35.64126],[-83.42162,35.64197],[-83.42197,35.64193],[-83.42289,35.64239],[-83.42367,35.64306],[-83.42438,35.64329],[-83.42464,35.64386],[-83.42522,35.64416],[-83.42593,35.64476],[-83.42605,35.64514],[-83.42589,35.64571],[-83.42623,35.64602],[-83.42642,35.64666],[-83.4269,35.64702],[-83.42694,35.64743],[-83.42672,35.64827],[-83.42668,35.64897],[-83.42586,35.64983],[-83.42624,35.65002],[-83.42706,35.65074],[-83.42732,35.65152],[-83.4285,35.65201],[-83.42896,35.65234],[-83.42941,35.65245],[-83.42963,35.65276],[-83.43007,35.65291],[-83.43037,35.65354],[-83.42997,35.65432],[-83.43071,35.65457],[-83.43141,35.65422],[-83.43209,35.65404],[-83.43305,35.65472],[-83.43331,35.65471],[-83.43338,35.65448],[-83.43387,35.65439],[-83.43471,35.65436],[-83.43513,35.65456],[-83.43498,35.65403],[-83.43481,35.65388],[-83.43487,35.65381],[-83.43514,35.65387],[-83.4356,35.65435],[-83.43659,35.65462],[-83.43645,35.65438],[-83.4365,35.6543],[-83.43711,35.6542],[-83.43747,35.65323],[-83.43783,35.65303],[-83.43802,35.65314],[-83.43815,35.65345],[-83.43927,35.65327],[-83.44001,35.65333],[-83.44055,35.65411]]}},{"type":"Feature","properties":{"id":"e59a1ba76b3c","name":"Bull Head Trail","length_mi":6.34,"country":"United States","state":"Tennessee","park":"Great Smoky Mountains National Park","park_type":"National park or forest","note":"","source":"OpenStreetMap","osm_id":"7552503","osm_ids":[],"created_at":"2025-12-22T16:12:31.894583"},"geometry":{"type":"LineString","coordinates":[[-83.49319,35.67386],[-83.49303,35.67285],[-83.49314,35.67209],[-83.49333,35.67177],[-83.49261,35.67084],[-83.49276,35.67042],[-83.49243,35.66993],[-83.49289,35.66888],[-83.49373,35.6687],[-83.49312,35.66694],[-83.49311,35.66603],[-83.49332,35.66567],[-83.49369,35.66546],[-83.49426,35.66578],[-83.4943,35.66595],[-83.49461,35.66617],[-83.49568,35.66644],[-83.49576,35.66588],[-83.49551,35.66529],[-83.49561,35.66487],[-83.49597,35.66464],[-83.49596,35.66446],[-83.49617,35.66413],[-83.49643,35.6639],[-83.4971,35.66371],[-83.49801,35.66386],[-83.49746,35.66348],[-83.49714,35.66345],[-83.49683,35.66361],[-83.49646,35.66358],[-83.49601,35.66385],[-83.4958,35.66423],[-83.49513,35.66472],[-83.49457,35.66429],[-83.49453,35.66407],[-83.49429,35.66382],[-83.4942,35.66331],[-83.49355,35.66313],[-83.49265,35.6632],[-83.49243,35.66358],[-83.49219,35.66352],[-83.49236,35.66347],[-83.49232,35.66314],[-83.4926,35.66285],[-83.49392,35.66239],[-83.49447,35.66239],[-83.49416,35.6617],[-83.49386,35.66135],[-83.49253,35.66102],[-83.49207,35.66038],[-83.4914,35.66014],[-83.49102,35.65987],[-83.49058,35.65988],[-83.49012,35.66006],[-83.48964,35.6605],[-83.48818,35.66122],[-83.48757,35.66098],[-83.48706,35.66099],[-83.48673,35.66112],[-83.48578,35.66078],[-83.48426,35.66081],[-83.48344,35.66064],[-83.48275,35.65993],[-83.48208,35.65956],[-83.48113,35.65882],[-83.48081,35.65828],[-83.48108,35.65777],[-83.48177,35.65753],[-83.4817,35.65686],[-83.48181,35.6566],[-83.48237,35.65628],[-83.48263,35.65573],[-83.48212,35.65527],[-83.48111,35.65521],[-83.48049,35.65506],[-83.47916,35.65446],[-83.47882,35.65419],[-83.47888,35.65393],[-83.47914,35.65364],[-83.47874,35.65338],[-83.47831,35.6527],[-83.47872,35.65241],[-83.47856,35.65173],[-83.47916,35.65143],[-83.47852,35.65009],[-83.47881,35.6496],[-83.47922,35.64929],[-83.47761,35.64886],[-83.47734,35.64837],[-83.47727,35.64888],[-83.47748,35.64921],[-83.47782,35.64947],[-83.47778,35.64955],[-83.47714,35.64928],[-83.47678,35.64876],[-83.47591,35.64864],[-83.47585,35.64892],[-83.47543,35.64908],[-83.47444,35.64931],[-83.47362,35.64933],[-83.47326,35.64978],[-83.47267,35.65003],[-83.47181,35.65065],[-83.47043,35.65077],[-83.46932,35.65133],[-83.46767,35.65154],[-83.46698,35.6518],[-83.46671,35.65192],[-83.46573,35.65293],[-83.46473,35.65323],[-83.46358,35.65322],[-83.46316,35.65355],[-83.46256,35.65356],[-83.46217,35.6537],[-83.46192,35.65381],[-83.46173,35.65433],[-83.4611,35.6544],[-83.46024,35.65482],[-83.45995,35.65533],[-83.45921,35.65497],[-83.4583,35.65474],[-83.45723,35.65498],[-83.4565,35.65494],[-83.45593,35.6551],[-83.45545,35.65538],[-83.45492,35.65608],[-83.45353,35.65606],[-83.45245,35.65655],[-83.45195,35.65652],[-83.4514,35.65681],[-83.45041,35.65665],[-83.44871,35.65675],[-83.44716,35.65658],[-83.44548,35.65688],[-83.44403,35.65679],[-83.44361,35.65661],[-83.44296,35.65609],[-83.44217,35.65486],[-83.44161,35.65452],[-83.44055,35.65411]]}},{"type":"Feature","properties":{"id":"516592d7748f","name":"Bullhead View Quiet Walkway","length_mi":0.69,"country":"United States","state":"Tennessee","park":"Great Smoky Mountains National Park","park_type":"National park or forest","note":"","source":"OpenStreetMap","osm_id":"7552906","osm_ids":[],"created_at":"2025-12-22T16:12:31.895583"},"geometry":{"type":"LineString","coordinates":[[-83.52547,35.67229],[-83.52522,35.67216],[-83.52513,35.67131],[-83.52488,35.67094],[-83.52465,35.67019],[-83.52365,35.66927],[-83.52337,35.66878],[-83.52285,35.66716],[-83.52296,35.66642],[-83.52654,35.67267],[-83.5264,35.67282],[-83.526,35.67269],[-83.52571,35.67234],[-83.52547,35.67229],[-83.5257,35.67262],[-83.52588,35.6726],[-83.5257,35.67262],[-83.52571,35.6729],[-83.52616,35.67405],[-83.52633,35.67419]]}},{"type":"Feature","properties":{"id":"5a5741fcedc2","name":"Chimney Tops Trail","length_mi":1.83,"country":"United States","state":"Tennessee","park":"Great Smoky Mountains National Park","park_type":"National park or forest","note":"","source":"OpenStreetMap","osm_id":"7552936","osm_ids":[],"created_at":"2025-12-22T16:12:31.895583"},"geometry":{"type":"LineString","coordinates":[[-83.46976,35.63544],[-83.46988,35.63534],[-83.47005,35.63546],[-83.47,35.63523],[-83.46979,35.63504],[-83.46978,35.63475],[-83.47029,35.63452],[-83.47049,35.63462],[-83.47046,35.63439],[-83.47011,35.63383],[-83.46949,35.63365],[-83.46897,35.63333],[-83.46825,35.63254],[-83.46859,35.63093],[-83.46918,35.63025],[-83.4695,35.62943],[-83.46956,35.62853],[-83.46969,35.62843],[-83.46968,35.62827],[-83.46944,35.6278],[-83.46985,35.62712],[-83.46987,35.62649],[-83.4697,35.62596],[-83.46982,35.62548],[-83.4701,35.62543],[-83.47034,35.62511],[-83.47109,35.62581],[-83.47222,35.62592],[-83.47555,35.62512],[-83.47675,35.62466],[-83.47688,35.62471],[-83.47778,35.6242],[-83.47858,35.62403],[-83.47845,35.62382],[-83.47863,35.62336],[-83.47887,35.62373],[-83.47953,35.62386],[-83.47961,35.62404],[-83.47928,35.62436],[-83.47929,35.62469],[-83.47868,35.62508],[-83.47891,35.62569],[-83.4786,35.62595],[-83.47858,35.62613],[-83.47805,35.62633],[-83.4787,35.627]]}},{"type":"Feature","properties":{"id":"b2b0287e70f6","name":"Cliff Top Trail","length_mi":0.43,"country":"United States","state":"Tennessee","park":"Great Smoky Mountains National Park","park_type":"National park or forest","note":"","source":"OpenStreetMap","osm_id":"7552505","osm_ids":[],"created_at":"2025-12-22T16:12:31.894583"},"geometry":{"type":"LineString","coordinates":[[-83.4412,35.65437],[-83.44177,35.65425],[-83.44216,35.65402],[-83.44296,35.65392],[-83.44329,35.65403],[-83.44405,35.65402],[-83.4431,35.65324],[-83.44233,35.65307],[-83.44042,35.65307],[-83.44001,35.65333]]}},{"type":"Feature","properties":{"id":"b840484d46a4","name":"Cove Hardwood Nature Trail","length_mi":0.67,"country":"United States","state":"Tennessee","park":"Great Smoky Mountains National Park","park_type":"National park or forest","note":"","source":"OpenStreetMap","osm_id":"7552935","osm_ids":[],"created_at":"2025-12-22T16:12:31.895583"},"geometry":{"type":"LineString","coordinates":[[-83.49219,35.63653],[-83.49244,35.63617],[-83.49283,35.63599],[-83.49288,35.63613],[-83.49304,35.63617],[-83.49336,35.63602],[-83.49389,35.63613],[-83.49508,35.63599],[-83.49532,35.63552],[-83.49526,35.63541],[-83.49541,35.63506],[-83.49567,35.63487],[-83.49555,35.6347],[-83.49581,35.63455],[-83.49587,35.63432],[-83.49623,35.63454],[-83.49593,35.63478],[-83.49616,35.63537],[-83.49606,35.63544],[-83.49612,35.63576],[-83.49595,35.63584],[-83.49615,35.63604],[-83.49594,35.63607],[-83.49574,35.63634],[-83.49526,35.63645],[-83.49488,35.63622],[-83.49404,35.6364],[-83.49389,35.63613]]}},{"type":"Feature","properties":{"id":"f02278a6744f","name":"Cove Mountain Trail","length_mi":8.57,"country":"United States","state":"Tennessee","park":"Great Smoky Mountains National Park","park_type":"National park or forest","note":"","source":"OpenStreetMap","osm_id":"7497496","osm_ids":[],"created_at":"2025-12-22T16:12:31.893582"},"geometry":{"type":"LineString","coordinates":[[-83.54005,35.68714],[-83.53965,35.68709],[-83.53915,35.68719],[-83.53843,35.6874],[-83.5382,35.68763],[-83.53804,35.68806],[-83.53817,35.68806],[-83.53832,35.68845],[-83.53821,35.68891],[-83.5384,35.68925],[-83.53882,35.68936],[-83.53824,35.68993],[-83.53815,35.69028],[-83.53712,35.69145],[-83.53703,35.69181],[-83.53647,35.69218],[-83.53646,35.69257],[-83.53677,35.69302],[-83.53672,35.69322],[-83.53656,35.69329],[-83.53602,35.6932],[-83.53561,35.69338],[-83.53552,35.69361],[-83.53559,35.69416],[-83.53549,35.6943],[-83.53481,35.69457],[-83.53493,35.69538],[-83.53383,35.69537],[-83.5334,35.6955],[-83.53328,35.6957],[-83.53342,35.69611],[-83.53372,35.69647],[-83.5337,35.69706],[-83.53387,35.69749],[-83.5341,35.69757],[-83.53512,35.69751],[-83.53526,35.69766],[-83.53526,35.69793],[-83.53586,35.69788],[-83.53621,35.69802],[-83.53629,35.69818],[-83.53626,35.69886],[-83.53608,35.6994],[-83.53557,35.69997],[-83.53506,35.70008],[-83.53501,35.70067],[-83.53472,35.70104],[-83.53428,35.70134],[-83.53424,35.70181],[-83.53402,35.70218],[-83.534,35.7025],[-83.53368,35.70279],[-83.53375,35.70312],[-83.53436,35.70304],[-83.53454,35.7035],[-83.53485,35.70367],[-83.53512,35.70357],[-83.53524,35.70292],[-83.53538,35.70269],[-83.53578,35.70299],[-83.53635,35.70285],[-83.53635,35.70335],[-83.53657,35.70347],[-83.53711,35.70315],[-83.53754,35.70243],[-83.5379,35.70214],[-83.53864,35.70224],[-83.53888,35.70258],[-83.53906,35.70264],[-83.53959,35.70249],[-83.54025,35.7016],[-83.54061,35.70136],[-83.54128,35.70123],[-83.54152,35.70137],[-83.54165,35.70171],[-83.54217,35.70159],[-83.54215,35.70099],[-83.54238,35.70068],[-83.54226,35.70032],[-83.54296,35.70023],[-83.54321,35.69997],[-83.54396,35.6997],[-83.54404,35.69955],[-83.54394,35.699],[-83.54419,35.6987],[-83.54498,35.69891],[-83.54529,35.69915],[-83.54517,35.69954],[-83.54457,35.70036],[-83.54452,35.70064],[-83.54462,35.70076],[-83.545,35.70062],[-83.54542,35.70018],[-83.54623,35.70002],[-83.54656,35.69977],[-83.54694,35.69966],[-83.54723,35.69976],[-83.54753,35.70011],[-83.54788,35.70009],[-83.54812,35.69979],[-83.54772,35.69936],[-83.5477,35.69871],[-83.54827,35.69856],[-83.54891,35.69823],[-83.54896,35.69767],[-83.54962,35.69708],[-83.54976,35.69627],[-83.55001,35.6962],[-83.55068,35.6963],[-83.55099,35.69602],[-83.5515,35.69667],[-83.55136,35.69718],[-83.55144,35.69736],[-83.55196,35.6974],[-83.55211,35.6971],[-83.55227,35.69703],[-83.5526,35.69719],[-83.55266,35.69756],[-83.55247,35.69797],[-83.55244,35.69842],[-83.55255,35.69862],[-83.55295,35.69857],[-83.55291,35.69872],[-83.5526,35.69895],[-83.55282,35.69913],[-83.55332,35.69914],[-83.55406,35.69891],[-83.55435,35.69846],[-83.55452,35.69837],[-83.55477,35.69844],[-83.55515,35.6988],[-83.5556,35.69878],[-83.55641,35.69786],[-83.55678,35.69769],[-83.55676,35.69725],[-83.55694,35.69674],[-83.55722,35.69643],[-83.55758,35.69631],[-83.55813,35.69649],[-83.55857,35.6965],[-83.55882,35.6962],[-83.55901,35.69615],[-83.55923,35.69623],[-83.55934,35.69651],[-83.55984,35.69669],[-83.5599,35.69703],[-83.56025,35.69734],[-83.56062,35.69726],[-83.56083,35.69672],[-83.56126,35.69677],[-83.56108,35.69732],[-83.56116,35.69805],[-83.56139,35.69834],[-83.56126,35.69868],[-83.56131,35.69883],[-83.56203,35.69869],[-83.56352,35.69805],[-83.56367,35.69816],[-83.5636,35.69852],[-83.56369,35.69893],[-83.56399,35.69917],[-83.56452,35.69884],[-83.56498,35.69908],[-83.56549,35.69886],[-83.56604,35.69886],[-83.56631,35.69869],[-83.56686,35.69881],[-83.56726,35.69804],[-83.56789,35.69776],[-83.56824,35.69732],[-83.56868,35.69727],[-83.56903,35.69704],[-83.56967,35.69709],[-83.57005,35.69691],[-83.57047,35.69691],[-83.57105,35.69645],[-83.57107,35.69587],[-83.57202,35.6956],[-83.57219,35.69471],[-83.57279,35.69447],[-83.57314,35.69442],[-83.57327,35.69462],[-83.57301,35.69547],[-83.57309,35.69589],[-83.57255,35.69642],[-83.57322,35.69671],[-83.57382,35.69658],[-83.57448,35.6959],[-83.57513,35.69576],[-83.57582,35.6953],[-83.57609,35.69525],[-83.57651,35.69543],[-83.5769,35.6954],[-83.57746,35.69482],[-83.57785,35.69466],[-83.57822,35.6947],[-83.57862,35.69497],[-83.57867,35.69586],[-83.57886,35.69619],[-83.57914,35.69633],[-83.57971,35.69604],[-83.58022,35.69597],[-83.58074,35.69574],[-83.58136,35.69598],[-83.58199,35.69587],[-83.58251,35.69592],[-83.5832,35.69548],[-83.58381,35.69539],[-83.58415,35.69524],[-83.58436,35.69498],[-83.58456,35.69496],[-83.58604,35.6955],[-83.58753,35.69585],[-83.58767,35.69601],[-83.5878,35.69659],[-83.58799,35.69681],[-83.589,35.69706],[-83.5899,35.69785],[-83.5905,35.69816],[-83.59117,35.69803],[-83.59108,35.69839],[-83.59131,35.69868],[-83.59203,35.699],[-83.59291,35.69977],[-83.59397,35.70012],[-83.59428,35.70042],[-83.59446,35.70042],[-83.59491,35.70014],[-83.59536,35.69941],[-83.59573,35.6993],[-83.59621,35.6994],[-83.59637,35.69928],[-83.59653,35.69888],[-83.59671,35.6988],[-83.59685,35.69919],[-83.5973,35.69944],[-83.59737,35.69978],[-83.59761,35.70001],[-83.59824,35.70009],[-83.59855,35.70044],[-83.59885,35.70057],[-83.5992,35.70059],[-83.59975,35.70039],[-83.60038,35.70065],[-83.60123,35.70042],[-83.60227,35.69936],[-83.60409,35.69874],[-83.60465,35.69826],[-83.60513,35.69832],[-83.60617,35.69819],[-83.60827,35.69734],[-83.60926,35.69668],[-83.6098,35.69666]]}},{"type":"Feature","properties":{"id":"93108ccf471f","name":"Elkmont Nature Trail","length_mi":0.74,"country":"United States","state":"Tennessee","park":"Great Smoky Mountains National Park","park_type":"National park or forest","note":"","source":"OpenStreetMap","osm_id":"7552939","osm_ids":[],"created_at":"2025-12-22T16:12:31.895583"},"geometry":{"type":"LineString","coordinates":[[-83.5765,35.65922],[-83.57744,35.65914],[-83.57837,35.65864],[-83.57932,35.65847],[-83.58015,35.65841],[-83.58041,35.65857],[-83.58036,35.65826],[-83.58043,35.65823],[-83.58033,35.65798],[-83.58062,35.65819],[-83.58041,35.65773],[-83.58059,35.65784],[-83.58027,35.65738],[-83.58009,35.65753],[-83.57936,35.65745],[-83.57909,35.65759],[-83.5789,35.65755],[-83.57858,35.65788],[-83.57768,35.65779],[-83.57735,35.65828],[-83.57765,35.6585],[-83.57737,35.65869],[-83.57704,35.65872],[-83.57689,35.65901],[-83.57653,35.65908],[-83.5765,35.65922]]}},{"type":"Feature","properties":{"id":"91685e891cd8","name":"Fighting Creek Nature Trail","length_mi":1.19,"country":"United States","state":"Tennessee","park":"Great Smoky Mountains National Park","park_type":"National park or forest","note":"","source":"OpenStreetMap","osm_id":"7497497","osm_ids":[],"created_at":"2025-12-22T16:12:31.893582"},"geometry":{"type":"LineString","coordinates":[[-83.53709,35.68554],[-83.5368,35.6859],[-83.53692,35.68618],[-83.53738,35.68628],[-83.53773,35.68675],[-83.53826,35.68693],[-83.5389,35.68677],[-83.53977,35.68693],[-83.54005,35.68704],[-83.53983,35.68734],[-83.53986,35.6875],[-83.54064,35.6875],[-83.54151,35.68698],[-83.54196,35.68703],[-83.54201,35.68692],[-83.54188,35.68681],[-83.54196,35.68668],[-83.54209,35.6868],[-83.54222,35.68671],[-83.54246,35.68684],[-83.54293,35.68681],[-83.54324,35.68643],[-83.54349,35.68636],[-83.54376,35.68608],[-83.54405,35.68628],[-83.54452,35.68624],[-83.54458,35.68603],[-83.54484,35.686],[-83.54473,35.68583],[-83.5447,35.6852],[-83.54537,35.68477],[-83.54542,35.68457],[-83.54534,35.68448],[-83.54505,35.68458],[-83.54469,35.68505],[-83.54409,35.68515],[-83.54365,35.68539],[-83.5432,35.68597],[-83.54277,35.68594],[-83.54239,35.68629],[-83.54142,35.68673],[-83.54057,35.6869],[-83.54005,35.68714]]}},{"type":"Feature","properties":{"id":"2169fc12a8f7","name":"Grapeyard Ridge Trail","length_mi":7.47,"country":"United States","state":"Tennessee","park":"Great Smoky Mountains National Park","park_type":"National park or forest","note":"","source":"OpenStreetMap","osm_id":"7519985","osm_ids":[],"created_at":"2025-12-22T16:12:31.893582"},"geometry":{"type":"LineString","coordinates":[[-83.38266,35.70797],[-83.38298,35.70766],[-83.38351,35.70765],[-83.38444,35.70713],[-83.38539,35.70685],[-83.38588,35.70692],[-83.38561,35.70707],[-83.3854,35.70762],[-83.38564,35.70771],[-83.38647,35.70734],[-83.38656,35.70696],[-83.38689,35.70658],[-83.38837,35.70561],[-83.38895,35.70628],[-83.38976,35.70698],[-83.39,35.70765],[-83.39051,35.7084],[-83.39312,35.70871],[-83.39385,35.70864],[-83.39476,35.70806],[-83.39558,35.70735],[-83.39639,35.70721],[-83.39693,35.70698],[-83.39773,35.70616],[-83.39838,35.70624],[-83.39993,35.70578],[-83.4009,35.70576],[-83.40167,35.70587],[-83.40345,35.70572],[-83.40426,35.70525],[-83.40454,35.70483],[-83.40468,35.70481],[-83.4055,35.70406],[-83.40706,35.70371],[-83.40798,35.70372],[-83.40852,35.70335],[-83.40902,35.70316],[-83.4091,35.70294],[-83.40955,35.70286],[-83.40986,35.70286],[-83.4104,35.70317],[-83.41166,35.70319],[-83.41269,35.7036],[-83.41294,35.7032],[-83.41355,35.70316],[-83.41407,35.70329],[-83.41423,35.70313],[-83.41453,35.70314],[-83.41515,35.70283],[-83.41614,35.70302],[-83.41654,35.70328],[-83.41687,35.70312],[-83.41717,35.70316],[-83.41817,35.70275],[-83.42052,35.701],[-83.42075,35.70095],[-83.42143,35.70127],[-83.4219,35.7013],[-83.42148,35.70256],[-83.4215,35.70278],[-83.42061,35.70374],[-83.42045,35.70425],[-83.42053,35.70489],[-83.4209,35.7054],[-83.42078,35.7058],[-83.42083,35.70622],[-83.42134,35.7065],[-83.42236,35.70656],[-83.4227,35.70673],[-83.42249,35.70711],[-83.42281,35.70729],[-83.42297,35.70773],[-83.42294,35.70797],[-83.42329,35.70742],[-83.42362,35.70739],[-83.42373,35.70715],[-83.42442,35.70671],[-83.42429,35.7069],[-83.42448,35.70748],[-83.42433,35.7079],[-83.42441,35.70807],[-83.42494,35.70825],[-83.42548,35.70819],[-83.42598,35.70853],[-83.42666,35.70878],[-83.42717,35.70927],[-83.42746,35.70906],[-83.42785,35.70902],[-83.42777,35.70833],[-83.42809,35.70807],[-83.42826,35.70777],[-83.42862,35.70775],[-83.42899,35.70752],[-83.4296,35.70787],[-83.42997,35.70774],[-83.4303,35.70801],[-83.43086,35.70757],[-83.43123,35.70806],[-83.43196,35.70824],[-83.43193,35.70796],[-83.43204,35.70783],[-83.4329,35.70787],[-83.43374,35.70752],[-83.43393,35.70711],[-83.4343,35.70687],[-83.43446,35.70649],[-83.43533,35.70622],[-83.43511,35.70562],[-83.43593,35.70524],[-83.43614,35.70457],[-83.4366,35.70419],[-83.43714,35.7034],[-83.43757,35.70344],[-83.43775,35.70415],[-83.43842,35.70357],[-83.43875,35.70384],[-83.43906,35.70257],[-83.43958,35.70208],[-83.44014,35.70208],[-83.44088,35.70171],[-83.44114,35.70174],[-83.44116,35.70215],[-83.44206,35.70249],[-83.44237,35.70182],[-83.44269,35.70175],[-83.443,35.70193],[-83.44325,35.70237],[-83.44379,35.70235],[-83.44423,35.70252],[-83.44438,35.70291],[-83.4446,35.70308],[-83.44526,35.70237],[-83.44571,35.70256],[-83.4459,35.70254],[-83.44667,35.70172],[-83.44684,35.7014],[-83.44686,35.701],[-83.44779,35.70078],[-83.44806,35.70007],[-83.44833,35.70008],[-83.44857,35.70025],[-83.44913,35.70028],[-83.44924,35.70046],[-83.45013,35.69976],[-83.45088,35.69868],[-83.45087,35.69846],[-83.45068,35.6982],[-83.45084,35.69785],[-83.45105,35.69763],[-83.45143,35.69764],[-83.45173,35.6975],[-83.4519,35.69698],[-83.45222,35.69703],[-83.45283,35.69669],[-83.45315,35.69676],[-83.45352,35.69602],[-83.45405,35.69608],[-83.45509,35.69656],[-83.45582,35.69645],[-83.45729,35.69653],[-83.45779,35.69669],[-83.45823,35.69648],[-83.4587,35.69689],[-83.45918,35.69588],[-83.45958,35.69535],[-83.46012,35.69403],[-83.46081,35.69375],[-83.46234,35.69417],[-83.46214,35.69389],[-83.46158,35.69378],[-83.46153,35.69369],[-83.46244,35.69308],[-83.46267,35.69284],[-83.4628,35.69239],[-83.46337,35.69343],[-83.46473,35.69437],[-83.46563,35.69477],[-83.4666,35.69478]]}},{"type":"Feature","properties":{"id":"4e25d36b1d5e","name":"Hickory Flats Quiet Walkway","length_mi":0.33,"country":"United States","state":"Tennessee","park":"Great Smoky Mountains National Park","park_type":"National park or forest","note":"","source":"OpenStreetMap","osm_id":"7497498","osm_ids":[],"created_at":"2025-12-22T16:12:31.893582"},"geometry":{"type":"LineString","coordinates":[[-83.5588,35.67903],[-83.55881,35.67918],[-83.55857,35.6796],[-83.55791,35.67995],[-83.55614,35.68011],[-83.55431,35.68079],[-83.55398,35.6811]]}},{"type":"Feature","properties":{"id":"4ca4454a4d95","name":"Huskey Gap Trail","length_mi":4.09,"country":"United States","state":"Tennessee","park":"Great Smoky Mountains National Park","park_type":"National park or forest","note":"","source":"OpenStreetMap","osm_id":"7552903","osm_ids":[],"created_at":"2025-12-22T16:12:31.895583"},"geometry":{"type":"LineString","coordinates":[[-83.52648,35.66329],[-83.52664,35.6632],[-83.52723,35.66351],[-83.52776,35.66332],[-83.52789,35.66301],[-83.528,35.66298],[-83.52859,35.66326],[-83.52905,35.66323],[-83.52949,35.66275],[-83.53013,35.6625],[-83.53064,35.66186],[-83.53099,35.66167],[-83.53122,35.66166],[-83.5316,35.66189],[-83.53222,35.66205],[-83.53247,35.66247],[-83.53304,35.66235],[-83.53342,35.66206],[-83.5341,35.66182],[-83.53472,35.66123],[-83.53475,35.66049],[-83.53496,35.66017],[-83.53511,35.66001],[-83.53531,35.66013],[-83.53565,35.65975],[-83.53619,35.65962],[-83.53627,35.65946],[-83.53619,35.65904],[-83.53636,35.65879],[-83.53691,35.65864],[-83.53868,35.65668],[-83.53925,35.65689],[-83.53958,35.65721],[-83.53975,35.6572],[-83.5401,35.65683],[-83.54059,35.65668],[-83.54097,35.6562],[-83.54143,35.6561],[-83.54186,35.6557],[-83.54245,35.65598],[-83.54354,35.6561],[-83.54468,35.65564],[-83.54517,35.65595],[-83.54593,35.65595],[-83.54651,35.65623],[-83.54674,35.65646],[-83.54726,35.65634],[-83.54735,35.65661],[-83.54763,35.65673],[-83.54783,35.65714],[-83.548,35.65726],[-83.54852,35.65693],[-83.54861,35.65665],[-83.54818,35.65617],[-83.54804,35.65572],[-83.54809,35.6544],[-83.54844,35.65421],[-83.54871,35.65372],[-83.54824,35.65304],[-83.54809,35.653],[-83.54764,35.65295],[-83.5467,35.65336],[-83.54656,35.6533],[-83.54634,35.65294],[-83.54625,35.6523],[-83.54567,35.65199],[-83.54605,35.65114],[-83.54539,35.65032],[-83.54581,35.64995],[-83.54669,35.64988],[-83.54679,35.64935],[-83.54729,35.64845],[-83.54718,35.6483],[-83.54688,35.6483],[-83.54665,35.64816],[-83.54614,35.64818],[-83.54591,35.64783],[-83.54533,35.64774],[-83.54477,35.64742],[-83.54457,35.64705],[-83.54476,35.64683],[-83.54544,35.64665],[-83.54561,35.64649],[-83.54565,35.64623],[-83.54583,35.646],[-83.54575,35.64563],[-83.54591,35.64538],[-83.5457,35.64502],[-83.5457,35.64478],[-83.54591,35.64448],[-83.54644,35.6444],[-83.54656,35.64424],[-83.54633,35.64366],[-83.5464,35.64345],[-83.54688,35.64314],[-83.54679,35.64287],[-83.5469,35.64268],[-83.54745,35.64258],[-83.5475,35.64245],[-83.54728,35.64217],[-83.5473,35.64203],[-83.54792,35.64161],[-83.54698,35.64091],[-83.54706,35.64055],[-83.54684,35.64017],[-83.54721,35.63997],[-83.54794,35.63925],[-83.54794,35.63908],[-83.54767,35.63872],[-83.54837,35.63792],[-83.54824,35.63766],[-83.54776,35.63728],[-83.5475,35.63651],[-83.54732,35.63638],[-83.54675,35.63629],[-83.54578,35.6354],[-83.54545,35.63535],[-83.54431,35.63426],[-83.54373,35.63308]]}},{"type":"Feature","properties":{"id":"d6c3490f99eb","name":"Laurel Falls Trail","length_mi":3.06,"country":"United States","state":"Tennessee","park":"Great Smoky Mountains National Park","park_type":"National park or forest","note":"","source":"OpenStreetMap","osm_id":"7497482","osm_ids":[],"created_at":"2025-12-22T16:12:31.893582"},"geometry":{"type":"LineString","coordinates":[[-83.5805,35.67193],[-83.58057,35.67207],[-83.58088,35.6721],[-83.58144,35.67188],[-83.58198,35.6719],[-83.5823,35.67213],[-83.58221,35.67253],[-83.58231,35.67258],[-83.58278,35.67243],[-83.58312,35.67245],[-83.58311,35.67208],[-83.58323,35.67201],[-83.5837,35.67202],[-83.58412,35.67239],[-83.5844,35.67219],[-83.58474,35.67211],[-83.58525,35.67238],[-83.58538,35.67298],[-83.58561,35.67315],[-83.58663,35.67332],[-83.58692,35.67316],[-83.587,35.67282],[-83.58772,35.67261],[-83.58835,35.67269],[-83.5889,35.67212],[-83.58999,35.67189],[-83.59036,35.67162],[-83.59071,35.67166],[-83.5914,35.67273],[-83.59143,35.67303],[-83.59177,35.6733],[-83.59187,35.67374],[-83.59243,35.67421],[-83.5926,35.67486],[-83.5928,35.67499],[-83.59297,35.67537],[-83.59268,35.67574],[-83.5926,35.67612],[-83.59303,35.67688],[-83.5932,35.67752],[-83.59335,35.67756],[-83.59366,35.6774],[-83.59411,35.67691],[-83.59421,35.67663],[-83.59471,35.67627],[-83.59534,35.67608],[-83.59488,35.67636],[-83.59486,35.67686],[-83.5942,35.67781],[-83.59393,35.67799],[-83.59404,35.67813],[-83.59469,35.67833],[-83.59559,35.67891],[-83.59704,35.67909],[-83.59751,35.67931],[-83.59814,35.67913],[-83.59833,35.67946],[-83.59873,35.67965],[-83.59947,35.67975],[-83.60001,35.67967],[-83.60019,35.6799],[-83.60092,35.68019],[-83.60093,35.68039],[-83.60142,35.68065],[-83.6031,35.68054],[-83.6035,35.68069],[-83.60425,35.68049],[-83.60454,35.68075],[-83.6045,35.68124],[-83.60493,35.68145],[-83.60524,35.68176],[-83.60591,35.68183],[-83.60657,35.68237],[-83.60658,35.68249],[-83.60601,35.68281],[-83.60591,35.6832],[-83.60642,35.6835],[-83.60724,35.68353],[-83.60732,35.68428],[-83.60745,35.68427],[-83.60793,35.68344],[-83.60846,35.68333],[-83.60896,35.68393],[-83.60965,35.68401],[-83.61016,35.68429],[-83.61049,35.68504],[-83.6115,35.68524],[-83.61178,35.68552]]}},{"type":"Feature","properties":{"id":"baa3ef432640","name":"Little Greenbrier Trail","length_mi":4.26,"country":"United States","state":"Tennessee","park":"Great Smoky Mountains National Park","park_type":"National park or forest","note":"","source":"OpenStreetMap","osm_id":"7497489","osm_ids":[],"created_at":"2025-12-22T16:12:31.893582"},"geometry":{"type":"LineString","coordinates":[[-83.64598,35.69408],[-83.64554,35.69368],[-83.6453,35.6937],[-83.64494,35.69457],[-83.64459,35.69427],[-83.6441,35.69417],[-83.6442,35.69386],[-83.64392,35.69362],[-83.64377,35.69321],[-83.64356,35.69316],[-83.64292,35.69465],[-83.64172,35.69403],[-83.64138,35.6943],[-83.64028,35.6945],[-83.63967,35.69496],[-83.63762,35.6952],[-83.6375,35.69516],[-83.63758,35.69461],[-83.63743,35.69441],[-83.63703,35.69422],[-83.6378,35.69361],[-83.6368,35.69379],[-83.63615,35.69312],[-83.63607,35.69356],[-83.63554,35.69459],[-83.63468,35.69567],[-83.63407,35.69602],[-83.63224,35.69784],[-83.6315,35.6979],[-83.63108,35.69807],[-83.63104,35.69919],[-83.63094,35.69953],[-83.6307,35.69974],[-83.62987,35.69989],[-83.62964,35.69968],[-83.62974,35.69929],[-83.6295,35.69919],[-83.62917,35.69932],[-83.62865,35.69976],[-83.62812,35.69975],[-83.62761,35.69942],[-83.62703,35.69936],[-83.62648,35.69983],[-83.62566,35.69953],[-83.62493,35.69965],[-83.62473,35.69925],[-83.62425,35.69892],[-83.62419,35.69861],[-83.62384,35.69817],[-83.62388,35.69769],[-83.62426,35.69718],[-83.62424,35.69704],[-83.62394,35.69699],[-83.62329,35.6972],[-83.62263,35.69714],[-83.62298,35.6964],[-83.62332,35.69601],[-83.62286,35.69529],[-83.62239,35.6952],[-83.62262,35.69484],[-83.62273,35.69444],[-83.62266,35.69438],[-83.62206,35.69425],[-83.62167,35.69441],[-83.62096,35.69427],[-83.62011,35.69468],[-83.61982,35.69468],[-83.61955,35.69443],[-83.61955,35.69396],[-83.61943,35.69387],[-83.61869,35.69409],[-83.61846,35.69399],[-83.61834,35.69368],[-83.61854,35.6934],[-83.61813,35.69306],[-83.61829,35.69252],[-83.61805,35.69238],[-83.61768,35.69254],[-83.61706,35.6926],[-83.61652,35.69309],[-83.61586,35.69287],[-83.61512,35.693],[-83.61443,35.69289],[-83.61483,35.69217],[-83.61412,35.69147],[-83.61425,35.69111],[-83.61394,35.69059],[-83.61408,35.69036],[-83.61482,35.69011],[-83.61461,35.68926],[-83.61481,35.68902],[-83.61561,35.68857],[-83.61505,35.68776],[-83.61489,35.6873],[-83.61504,35.68701],[-83.61602,35.68644],[-83.61599,35.68603],[-83.61672,35.68548],[-83.61688,35.68504],[-83.61649,35.68474],[-83.61619,35.68433],[-83.61597,35.68426],[-83.61588,35.68435],[-83.6159,35.68467],[-83.61466,35.68496],[-83.61401,35.68528],[-83.61359,35.68502],[-83.61226,35.68553],[-83.61178,35.68552]]}},{"type":"Feature","properties":{"id":"39c1f07457f7","name":"Noah 'Bud' Ogle Place Nature Trail","length_mi":0.72,"country":"United States","state":"Tennessee","park":"Great Smoky Mountains National Park","park_type":"National park or forest","note":"","source":"OpenStreetMap","osm_id":"7552358","osm_ids":[],"created_at":"2025-12-22T16:12:31.893582"},"geometry":{"type":"LineString","coordinates":[[-83.49187,35.68151],[-83.49291,35.68102],[-83.49262,35.68051],[-83.49239,35.68035],[-83.49167,35.6803],[-83.49122,35.68044],[-83.49062,35.68025],[-83.49033,35.68028],[-83.49,35.68055],[-83.49002,35.68086],[-83.48944,35.68093],[-83.48927,35.68138],[-83.4895,35.68152],[-83.48953,35.68218],[-83.48942,35.68258],[-83.48961,35.68288],[-83.48994,35.68311],[-83.48997,35.68284],[-83.4905,35.68242],[-83.4909,35.68225],[-83.49084,35.68195],[-83.49095,35.68179],[-83.49187,35.68151],[-83.49034,35.68346],[-83.49005,35.68331],[-83.48994,35.68311]]}},{"type":"Feature","properties":{"id":"78aff344cc3b","name":"Old Settlers Trail","length_mi":15.47,"country":"United States","state":"Tennessee","park":"Great Smoky Mountains National Park","park_type":"National park or forest","note":"","source":"OpenStreetMap","osm_id":"7519949","osm_ids":[],"created_at":"2025-12-22T16:12:31.893582"},"geometry":{"type":"LineString","coordinates":[[-83.38002,35.70774],[-83.37995,35.70788],[-83.38008,35.70803],[-83.38066,35.70832],[-83.38132,35.70929],[-83.38162,35.70949],[-83.38169,35.71025],[-83.38158,35.71134],[-83.38138,35.71199],[-83.38151,35.71247],[-83.38222,35.71334],[-83.38258,35.71463],[-83.38238,35.71482],[-83.38183,35.71488],[-83.38223,35.71526],[-83.38199,35.71566],[-83.38036,35.71636],[-83.37947,35.71636],[-83.37886,35.7167],[-83.37836,35.71668],[-83.37806,35.7171],[-83.37804,35.71745],[-83.37775,35.7178],[-83.37641,35.71833],[-83.37617,35.7188],[-83.37628,35.7191],[-83.37619,35.71948],[-83.37551,35.71957],[-83.37488,35.72013],[-83.37514,35.72032],[-83.37535,35.72026],[-83.37573,35.7204],[-83.37586,35.72089],[-83.37613,35.72095],[-83.37616,35.72113],[-83.37571,35.72198],[-83.37587,35.72224],[-83.37617,35.72237],[-83.37638,35.72264],[-83.3769,35.72276],[-83.37735,35.72273],[-83.37853,35.72245],[-83.37887,35.72258],[-83.37897,35.72297],[-83.37726,35.72454],[-83.37673,35.72481],[-83.37656,35.72517],[-83.37625,35.72523],[-83.37633,35.72566],[-83.37613,35.72621],[-83.37629,35.7265],[-83.37575,35.72644],[-83.37494,35.72611],[-83.37414,35.72621],[-83.37449,35.72682],[-83.37438,35.72705],[-83.374,35.72724],[-83.37316,35.72707],[-83.37296,35.72753],[-83.37326,35.72779],[-83.37327,35.72792],[-83.37257,35.72858],[-83.37217,35.72873],[-83.37151,35.72862],[-83.37114,35.7289],[-83.37142,35.72958],[-83.37224,35.73019],[-83.3724,35.73085],[-83.37339,35.73182],[-83.3737,35.73176],[-83.37402,35.7321],[-83.3744,35.7323],[-83.37412,35.73233],[-83.37377,35.7322],[-83.37343,35.73234],[-83.37282,35.73232],[-83.37247,35.73213],[-83.37242,35.73226],[-83.37282,35.73262],[-83.37301,35.73301],[-83.37282,35.73329],[-83.37223,35.73308],[-83.37199,35.73349],[-83.37203,35.73374],[-83.37173,35.734],[-83.37213,35.73445],[-83.37209,35.735],[-83.37163,35.7353],[-83.3716,35.73546],[-83.37204,35.73661],[-83.37183,35.7366],[-83.3711,35.73618],[-83.37101,35.73579],[-83.37056,35.73531],[-83.37018,35.73533],[-83.36992,35.73509],[-83.36988,35.73461],[-83.36972,35.73449],[-83.36944,35.73521],[-83.36979,35.73566],[-83.37,35.73685],[-83.37074,35.73779],[-83.37123,35.73955],[-83.37164,35.73995],[-83.37169,35.74032],[-83.37268,35.74153],[-83.37401,35.74239],[-83.37398,35.74276],[-83.37419,35.74304],[-83.37407,35.74317],[-83.37495,35.74453],[-83.3749,35.7454],[-83.37418,35.7463],[-83.37354,35.74629],[-83.37272,35.74652],[-83.37136,35.74669],[-83.37052,35.74722],[-83.37023,35.74757],[-83.36882,35.74802],[-83.36801,35.74865],[-83.36751,35.74873],[-83.36735,35.74886],[-83.36717,35.74929],[-83.36558,35.74973],[-83.36356,35.74995],[-83.36272,35.74954],[-83.36196,35.7494],[-83.36052,35.74935],[-83.3598,35.74952],[-83.35744,35.74941],[-83.35618,35.74951],[-83.3541,35.75051],[-83.35327,35.7505],[-83.35284,35.7507],[-83.3523,35.75017],[-83.3521,35.74979],[-83.35192,35.7489],[-83.35158,35.74874],[-83.35062,35.74879],[-83.3502,35.74869],[-83.34977,35.74882],[-83.34955,35.74907],[-83.34882,35.74896],[-83.34864,35.74943],[-83.34846,35.74951],[-83.34812,35.74935],[-83.3478,35.74904],[-83.34624,35.74882],[-83.34599,35.74847],[-83.34543,35.74896],[-83.34361,35.74863],[-83.34353,35.74869],[-83.3437,35.74897],[-83.34349,35.74913],[-83.343,35.7488],[-83.34213,35.74788],[-83.3418,35.74772],[-83.34162,35.74778],[-83.34167,35.74814],[-83.34155,35.74839],[-83.34138,35.74846],[-83.34096,35.7484],[-83.34039,35.74875],[-83.34014,35.74936],[-83.33999,35.74895],[-83.34041,35.74836],[-83.34037,35.74799],[-83.33999,35.7476],[-83.33958,35.74743],[-83.33943,35.74716],[-83.34001,35.74654],[-83.33981,35.7462],[-83.33902,35.74601],[-83.33793,35.74628],[-83.33697,35.74532],[-83.33601,35.74503],[-83.33583,35.74515],[-83.33607,35.74564],[-83.33543,35.74587],[-83.33512,35.74574],[-83.33455,35.74654],[-83.33405,35.74661],[-83.33432,35.74725],[-83.33408,35.74737],[-83.33399,35.74795],[-83.3343,35.74979],[-83.33407,35.74995],[-83.33392,35.75035],[-83.33409,35.75066],[-83.33423,35.75067],[-83.3342,35.75095],[-83.33474,35.75249],[-83.33531,35.75308],[-83.33587,35.75327],[-83.33627,35.75362],[-83.33686,35.75374],[-83.33753,35.7541],[-83.33763,35.75455],[-83.33733,35.75495],[-83.33689,35.75609],[-83.33659,35.75637],[-83.33619,35.75618],[-83.33462,35.75586],[-83.33389,35.75559],[-83.33221,35.75439],[-83.33138,35.75424],[-83.3312,35.75314],[-83.33065,35.75189],[-83.33018,35.75148],[-83.32944,35.75126],[-83.32858,35.75074],[-83.32796,35.75057],[-83.32748,35.75005],[-83.3272,35.74947],[-83.32637,35.74852],[-83.32626,35.74816],[-83.32628,35.74767],[-83.32599,35.74747],[-83.3259,35.7472],[-83.32629,35.74684],[-83.32633,35.74664],[-83.3255,35.74521],[-83.32499,35.74513],[-83.32368,35.74435],[-83.32296,35.74448],[-83.32266,35.74539],[-83.32223,35.746],[-83.32124,35.74547],[-83.32072,35.74543],[-83.3199,35.74556],[-83.31976,35.74533],[-83.31935,35.74525],[-83.31707,35.74376],[-83.31665,35.74316],[-83.31664,35.7428],[-83.31574,35.74211],[-83.31458,35.74174],[-83.31435,35.7418],[-83.31428,35.74201],[-83.31415,35.74163],[-83.31402,35.74155],[-83.31334,35.74219],[-83.31303,35.74215],[-83.31278,35.74308],[-83.31289,35.7435],[-83.31281,35.74376],[-83.31219,35.74483],[-83.31201,35.74546],[-83.3118,35.74567],[-83.31216,35.74607],[-83.31205,35.74612],[-83.31209,35.74654],[-83.31174,35.74795],[-83.31255,35.75022],[-83.31264,35.75069],[-83.31255,35.7512],[-83.31274,35.75206],[-83.31306,35.75235],[-83.3133,35.75284],[-83.31345,35.75358],[-83.31322,35.75403],[-83.31315,35.7547],[-83.31297,35.75495],[-83.313,35.75521],[-83.31273,35.75536],[-83.30954,35.75399],[-83.30939,35.75373],[-83.30892,35.75416],[-83.30892,35.75457],[-83.30867,35.75493],[-83.3087,35.75514],[-83.30859,35.7553],[-83.30916,35.75572],[-83.3092,35.75603],[-83.30908,35.75616],[-83.30882,35.75632],[-83.30828,35.75639],[-83.30804,35.75682],[-83.30756,35.75704],[-83.30562,35.75662],[-83.30317,35.75861],[-83.30285,35.75847],[-83.30247,35.75805],[-83.30183,35.75776],[-83.30148,35.75728],[-83.30041,35.75676],[-83.30028,35.75666],[-83.30033,35.75638],[-83.3001,35.75601],[-83.29975,35.75574],[-83.29846,35.75549],[-83.29757,35.75509],[-83.2965,35.75436],[-83.29629,35.75387],[-83.29571,35.75337],[-83.29565,35.75308],[-83.29532,35.75277],[-83.29499,35.75221],[-83.29488,35.75164],[-83.29509,35.7512],[-83.29518,35.75036],[-83.29473,35.74915],[-83.29451,35.74932],[-83.29425,35.74922],[-83.29414,35.74974],[-83.29392,35.74994],[-83.29317,35.74992],[-83.2926,35.75042],[-83.29225,35.75096],[-83.29214,35.75134],[-83.29185,35.75153],[-83.29186,35.75096],[-83.29165,35.75079],[-83.29153,35.75031],[-83.29108,35.75019],[-83.29109,35.74918],[-83.29099,35.74915],[-83.2901,35.75071],[-83.29018,35.75083],[-83.28977,35.75116],[-83.28942,35.7518],[-83.28895,35.7529],[-83.28859,35.75339],[-83.288,35.75385],[-83.28775,35.75448],[-83.28673,35.75539],[-83.28571,35.75569],[-83.28539,35.75607],[-83.28503,35.75616],[-83.28405,35.75671],[-83.283,35.75831],[-83.28269,35.75824],[-83.28201,35.75766],[-83.28184,35.75765],[-83.28144,35.75779],[-83.28141,35.75792],[-83.28088,35.75824],[-83.28036,35.75841],[-83.27981,35.75843],[-83.27966,35.75832],[-83.27936,35.75841],[-83.27891,35.75832],[-83.27824,35.75838],[-83.27747,35.75783],[-83.27714,35.75777],[-83.27706,35.75758],[-83.27683,35.75762],[-83.27683,35.75779],[-83.27669,35.75785],[-83.27649,35.75758],[-83.27594,35.75731],[-83.2757,35.75692],[-83.27556,35.75687],[-83.27533,35.75734],[-83.27414,35.75758],[-83.27249,35.75809],[-83.27226,35.75766],[-83.27224,35.75698],[-83.27166,35.75592],[-83.27161,35.75551]]}},{"type":"Feature","properties":{"id":"7b2154577a3e","name":"Porters Creek Trail","length_mi":3.58,"country":"United States","state":"Tennessee","park":"Great Smoky Mountains National Park","park_type":"National park or forest","note":"","source":"OpenStreetMap","osm_id":"7552414","osm_ids":[],"created_at":"2025-12-22T16:12:31.894583"},"geometry":{"type":"LineString","coordinates":[[-83.39614,35.69002],[-83.39611,35.68993],[-83.39614,35.69002],[-83.39588,35.6902],[-83.39499,35.6902],[-83.39368,35.69045],[-83.39321,35.69071],[-83.39279,35.69124],[-83.39202,35.69167],[-83.39203,35.69296],[-83.39118,35.69382],[-83.39103,35.69435],[-83.38948,35.69574],[-83.38881,35.69608],[-83.38822,35.69679],[-83.39706,35.6871],[-83.39715,35.68791],[-83.39697,35.68839],[-83.39711,35.6887],[-83.39682,35.68896],[-83.39616,35.68926],[-83.39594,35.68983],[-83.39611,35.68993],[-83.39706,35.6871],[-83.39642,35.68581],[-83.39637,35.68512],[-83.39608,35.68456],[-83.39657,35.68332],[-83.39651,35.68303],[-83.39679,35.68231],[-83.39743,35.68199],[-83.39744,35.68158],[-83.39792,35.6808],[-83.39781,35.68062],[-83.39693,35.68055],[-83.39726,35.68028],[-83.39747,35.67989],[-83.39741,35.67929],[-83.39716,35.67898],[-83.39725,35.67685],[-83.39709,35.67642],[-83.39787,35.67588],[-83.3981,35.67558],[-83.39804,35.67456],[-83.39791,35.67413],[-83.39757,35.67387],[-83.39743,35.67353],[-83.39766,35.67219],[-83.39728,35.6707],[-83.39662,35.66953],[-83.39623,35.66938],[-83.39573,35.66954],[-83.39458,35.66919],[-83.39405,35.66923],[-83.39238,35.66854],[-83.39226,35.66825],[-83.3915,35.66841],[-83.3913,35.6681],[-83.39085,35.66785],[-83.38989,35.66759],[-83.38969,35.66685],[-83.38944,35.66663],[-83.38939,35.66636],[-83.38912,35.66615],[-83.38923,35.66591],[-83.38892,35.66572],[-83.38846,35.66564],[-83.38737,35.66485],[-83.38718,35.6646],[-83.38676,35.66451],[-83.38675,35.66425],[-83.38658,35.66395],[-83.38668,35.66383],[-83.38648,35.66366],[-83.3865,35.66342],[-83.38611,35.66269],[-83.38454,35.66253],[-83.38412,35.66218],[-83.38415,35.66195],[-83.38372,35.66164],[-83.38341,35.66105],[-83.38295,35.66108],[-83.38227,35.66087],[-83.3816,35.6609],[-83.38149,35.66079],[-83.38161,35.66063]]}},{"type":"Feature","properties":{"id":"d5cf4fe6c722","name":"Rainbow Falls Trail","length_mi":5.79,"country":"United States","state":"Tennessee","park":"Great Smoky Mountains National Park","park_type":"National park or forest","note":"","source":"OpenStreetMap","osm_id":"7552411","osm_ids":[],"created_at":"2025-12-22T16:12:31.894583"},"geometry":{"type":"LineString","coordinates":[[-83.48652,35.67506],[-83.48659,35.67493],[-83.48647,35.67466],[-83.48652,35.67452],[-83.48616,35.67458],[-83.48608,35.6743],[-83.48529,35.6739],[-83.48487,35.67336],[-83.48444,35.67307],[-83.48373,35.67199],[-83.48335,35.67163],[-83.48318,35.67108],[-83.48287,35.67071],[-83.48264,35.67061],[-83.48245,35.67018],[-83.48201,35.66997],[-83.48203,35.6703],[-83.48189,35.67036],[-83.48147,35.66974],[-83.48119,35.6697],[-83.48073,35.66938],[-83.48012,35.66934],[-83.48017,35.66883],[-83.47982,35.66877],[-83.47966,35.66862],[-83.47968,35.66837],[-83.47998,35.66801],[-83.47963,35.66746],[-83.47943,35.66758],[-83.47872,35.66763],[-83.47844,35.66742],[-83.47845,35.66701],[-83.47819,35.66702],[-83.47792,35.66735],[-83.47778,35.66805],[-83.47828,35.66865],[-83.47765,35.66839],[-83.47743,35.66822],[-83.47738,35.66761],[-83.477,35.66711],[-83.47665,35.66699],[-83.4761,35.66657],[-83.47563,35.66645],[-83.47542,35.66619],[-83.47503,35.66601],[-83.47437,35.66523],[-83.47378,35.66484],[-83.47362,35.66447],[-83.47345,35.66435],[-83.4734,35.66394],[-83.47228,35.66422],[-83.47214,35.66413],[-83.47231,35.66381],[-83.47226,35.66368],[-83.4712,35.6637],[-83.4709,35.66361],[-83.47074,35.66337],[-83.47119,35.66309],[-83.47154,35.66265],[-83.47148,35.66256],[-83.47111,35.66252],[-83.47074,35.66268],[-83.46974,35.66271],[-83.46975,35.66258],[-83.47002,35.66238],[-83.47069,35.66209],[-83.47101,35.66115],[-83.47037,35.66175],[-83.46986,35.6618],[-83.46871,35.66144],[-83.46843,35.66119],[-83.46824,35.66079],[-83.46803,35.6607],[-83.46782,35.66085],[-83.46757,35.6613],[-83.46541,35.66163],[-83.46525,35.66174],[-83.46521,35.66204],[-83.46462,35.66212],[-83.46452,35.66222],[-83.46461,35.66241],[-83.46423,35.66252],[-83.46414,35.66245],[-83.46419,35.66223],[-83.46488,35.66185],[-83.46445,35.66145],[-83.46483,35.66116],[-83.46511,35.6611],[-83.4651,35.661],[-83.46436,35.6609],[-83.46384,35.66107],[-83.46357,35.66104],[-83.46347,35.66112],[-83.46355,35.66133],[-83.46348,35.6614],[-83.46326,35.66102],[-83.46321,35.66127],[-83.46342,35.66166],[-83.46315,35.66181],[-83.46087,35.66142],[-83.46077,35.66175],[-83.46145,35.66267],[-83.46146,35.66307],[-83.46161,35.66339],[-83.46204,35.66379],[-83.4626,35.66407],[-83.46199,35.66417],[-83.46281,35.66444],[-83.46312,35.66484],[-83.46336,35.66496],[-83.46463,35.66519],[-83.46506,35.66577],[-83.46562,35.66621],[-83.46562,35.66644],[-83.46538,35.6663],[-83.46431,35.66621],[-83.46375,35.66632],[-83.46341,35.6666],[-83.46279,35.66638],[-83.46189,35.66625],[-83.46121,35.66639],[-83.46077,35.66663],[-83.46053,35.66643],[-83.46073,35.66629],[-83.45995,35.66605],[-83.45925,35.66539],[-83.45789,35.66514],[-83.45739,35.66479],[-83.45662,35.66484],[-83.45641,35.66464],[-83.45616,35.66457],[-83.45562,35.66456],[-83.45517,35.66469],[-83.45474,35.66457],[-83.4542,35.66513],[-83.45325,35.66443],[-83.45246,35.66418],[-83.4519,35.66436],[-83.45161,35.66474],[-83.45134,35.66479],[-83.45129,35.66466],[-83.45149,35.66462],[-83.45163,35.66424],[-83.45185,35.66406],[-83.4528,35.66382],[-83.45391,35.66399],[-83.45425,35.66368],[-83.455,35.66362],[-83.45522,35.66342],[-83.45485,35.66312],[-83.45397,35.66295],[-83.45297,35.66219],[-83.45251,35.66199],[-83.45207,35.66193],[-83.45059,35.66217],[-83.45017,35.66211],[-83.45001,35.66167],[-83.44971,35.66128],[-83.44924,35.66096],[-83.44809,35.6605],[-83.44767,35.66015],[-83.44728,35.65911],[-83.44759,35.65804],[-83.44784,35.65773],[-83.45015,35.65668]]}},{"type":"Feature","properties":{"id":"d4f9db6ecbe5","name":"Ramsey Cascades Trail","length_mi":3.91,"country":"United States","state":"Tennessee","park":"Great Smoky Mountains National Park","park_type":"National park or forest","note":"","source":"OpenStreetMap","osm_id":"7552444","osm_ids":[],"created_at":"2025-12-22T16:12:31.894583"},"geometry":{"type":"LineString","coordinates":[[-83.35751,35.70266],[-83.35669,35.70271],[-83.35651,35.7033],[-83.35627,35.70337],[-83.35494,35.70316],[-83.35383,35.70315],[-83.35355,35.70332],[-83.3534,35.70362],[-83.35291,35.70381],[-83.35229,35.70356],[-83.35205,35.70308],[-83.35126,35.70302],[-83.35048,35.70258],[-83.34991,35.70258],[-83.34975,35.70262],[-83.34932,35.70312],[-83.34847,35.70346],[-83.34795,35.70344],[-83.3476,35.70382],[-83.34629,35.70449],[-83.34552,35.70421],[-83.34497,35.70425],[-83.34429,35.70405],[-83.34322,35.70422],[-83.34023,35.70424],[-83.3397,35.70451],[-83.33932,35.70449],[-83.33871,35.70419],[-83.33836,35.70434],[-83.33778,35.70418],[-83.3371,35.70439],[-83.33647,35.70438],[-83.33562,35.70409],[-83.3354,35.7038],[-83.33453,35.70326],[-83.33405,35.70309],[-83.33398,35.70291],[-83.33318,35.70299],[-83.33285,35.70328],[-83.33202,35.70357],[-83.32995,35.70472],[-83.32908,35.70506],[-83.32778,35.70597],[-83.32703,35.70607],[-83.32532,35.70675],[-83.32491,35.70669],[-83.32464,35.7071],[-83.32461,35.70741],[-83.32436,35.70762],[-83.32429,35.7079],[-83.32407,35.70809],[-83.32237,35.70804],[-83.32116,35.70862],[-83.32015,35.70872],[-83.31948,35.7094],[-83.31857,35.70981],[-83.31827,35.71011],[-83.31791,35.70988],[-83.31715,35.70992],[-83.31621,35.70965],[-83.31593,35.70975],[-83.31541,35.70971],[-83.31513,35.70949],[-83.31515,35.70935],[-83.31473,35.70908],[-83.31456,35.7093],[-83.31302,35.70929],[-83.31262,35.70913],[-83.31203,35.70923],[-83.31172,35.709],[-83.311,35.7089],[-83.31045,35.70905],[-83.31012,35.70928],[-83.30999,35.70954],[-83.31014,35.70994],[-83.31007,35.71005],[-83.30959,35.70979],[-83.30934,35.7098],[-83.30929,35.70958],[-83.30892,35.70982],[-83.30857,35.70987],[-83.30812,35.70976],[-83.30797,35.70955],[-83.30647,35.70916],[-83.30639,35.70899],[-83.30567,35.70864],[-83.30559,35.70847],[-83.30457,35.70804],[-83.30433,35.70807],[-83.30392,35.70833],[-83.3013,35.70821],[-83.30068,35.70847],[-83.30013,35.70848]]}},{"type":"Feature","properties":{"id":"bb36a66cc649","name":"Riverview Quiet Walkway","length_mi":1.34,"country":"United States","state":"Tennessee","park":"Great Smoky Mountains National Park","park_type":"National park or forest","note":"","source":"OpenStreetMap","osm_id":"7552904","osm_ids":[],"created_at":"2025-12-22T16:12:31.895583"},"geometry":{"type":"LineString","coordinates":[[-83.5263,35.66334],[-83.52412,35.66396],[-83.52362,35.66372],[-83.52313,35.66263],[-83.52282,35.6625],[-83.52262,35.66257],[-83.5224,35.66313],[-83.52178,35.66337],[-83.52137,35.66339],[-83.52246,35.66464],[-83.52282,35.66555],[-83.52296,35.66642],[-83.52437,35.66594],[-83.52496,35.66508],[-83.52623,35.66415],[-83.5262,35.6638],[-83.52635,35.66339],[-83.52137,35.66339],[-83.52097,35.66301],[-83.52079,35.66214],[-83.52051,35.66147],[-83.52003,35.66089],[-83.52002,35.6606],[-83.51972,35.66014],[-83.51956,35.65932],[-83.5191,35.65872],[-83.51837,35.65808]]}},{"type":"Feature","properties":{"id":"3dc70ca9f1e8","name":"Road Prong Trail","length_mi":2.25,"country":"United States","state":"Tennessee","park":"Great Smoky Mountains National Park","park_type":"National park or forest","note":"","source":"OpenStreetMap","osm_id":"7552937","osm_ids":[],"created_at":"2025-12-22T16:12:31.895583"},"geometry":{"type":"LineString","coordinates":[[-83.47034,35.62511],[-83.47024,35.62471],[-83.47029,35.62368],[-83.47006,35.62259],[-83.47035,35.62059],[-83.47051,35.61996],[-83.47067,35.61976],[-83.4707,35.61957],[-83.47054,35.61928],[-83.47084,35.61868],[-83.47073,35.61813],[-83.47086,35.61696],[-83.47022,35.61516],[-83.47038,35.61434],[-83.46849,35.61294],[-83.46762,35.61266],[-83.46734,35.61214],[-83.46626,35.61155],[-83.46485,35.6111],[-83.46447,35.61127],[-83.46305,35.61101],[-83.46027,35.611],[-83.45974,35.61084],[-83.45907,35.61041],[-83.45804,35.61055],[-83.45696,35.61042],[-83.45633,35.61051],[-83.45579,35.61038],[-83.45548,35.61044],[-83.45285,35.61029],[-83.45242,35.61016],[-83.45141,35.61019],[-83.4504,35.60991],[-83.4488,35.60998],[-83.44743,35.60971],[-83.44654,35.60936]]}},{"type":"Feature","properties":{"id":"d69137c3e1f0","name":"Scott Mountain Trail","length_mi":3.53,"country":"United States","state":"Tennessee","park":"Great Smoky Mountains National Park","park_type":"National park or forest","note":"","source":"OpenStreetMap","osm_id":"7552952","osm_ids":[],"created_at":"2025-12-22T16:12:31.895583"},"geometry":{"type":"LineString","coordinates":[[-83.76799,35.62073],[-83.76785,35.6207],[-83.76723,35.62114],[-83.76711,35.6211],[-83.7665,35.62069],[-83.76657,35.62011],[-83.76636,35.62001],[-83.766,35.62018],[-83.76578,35.62065],[-83.7653,35.61999],[-83.76475,35.61975],[-83.76448,35.61928],[-83.76431,35.61925],[-83.76399,35.61947],[-83.76344,35.61907],[-83.76322,35.61902],[-83.76296,35.61942],[-83.76192,35.62035],[-83.76173,35.62085],[-83.76105,35.62174],[-83.76089,35.62217],[-83.75971,35.62321],[-83.75986,35.62371],[-83.76015,35.624],[-83.76037,35.62407],[-83.76114,35.62422],[-83.76157,35.62409],[-83.7627,35.62419],[-83.7632,35.62403],[-83.7639,35.62429],[-83.7639,35.62472],[-83.76415,35.62489],[-83.76415,35.62514],[-83.76394,35.62546],[-83.76348,35.62577],[-83.76329,35.62619],[-83.76397,35.62579],[-83.76448,35.62636],[-83.76501,35.62641],[-83.76544,35.62617],[-83.76578,35.62652],[-83.76617,35.6267],[-83.76475,35.62772],[-83.76506,35.62813],[-83.76501,35.62819],[-83.76392,35.62847],[-83.76375,35.62862],[-83.76353,35.62893],[-83.76351,35.62927],[-83.76306,35.62938],[-83.76291,35.62964],[-83.76209,35.62969],[-83.76164,35.63016],[-83.76119,35.63019],[-83.76097,35.63033],[-83.76081,35.63107],[-83.76003,35.63078],[-83.75921,35.63085],[-83.75917,35.63149],[-83.75894,35.63182],[-83.75946,35.63265],[-83.75938,35.63292],[-83.75952,35.63373],[-83.75934,35.63417],[-83.75946,35.63469],[-83.75962,35.63489],[-83.75971,35.63596],[-83.75926,35.63723],[-83.75923,35.63777],[-83.75942,35.63859],[-83.75922,35.63943],[-83.759,35.63972],[-83.75849,35.63999],[-83.75826,35.6404],[-83.75775,35.64184],[-83.75743,35.64218],[-83.75708,35.64229],[-83.7558,35.64231],[-83.7553,35.64192],[-83.75512,35.64192],[-83.75479,35.64214],[-83.7544,35.64216],[-83.75385,35.64198],[-83.75378,35.64162],[-83.75356,35.64149],[-83.75308,35.64163],[-83.75292,35.64144],[-83.75271,35.64148],[-83.7522,35.64132],[-83.75169,35.64104],[-83.75152,35.64136],[-83.75162,35.64166],[-83.75077,35.64207],[-83.75083,35.64226],[-83.75117,35.64232],[-83.75124,35.64243],[-83.75116,35.64272],[-83.75072,35.64327],[-83.75015,35.64324]]}},{"type":"Feature","properties":{"id":"2ed5d4f4b518","name":"Spruce Fir Nature Trail","length_mi":0.32,"country":"United States","state":"Tennessee","park":"Great Smoky Mountains National Park","park_type":"National park or forest","note":"","source":"OpenStreetMap","osm_id":"7552894","osm_ids":[],"created_at":"2025-12-22T16:12:31.894583"},"geometry":{"type":"LineString","coordinates":[[-83.45881,35.59569],[-83.45967,35.59565],[-83.45967,35.59545],[-83.45979,35.59538],[-83.46069,35.59518],[-83.46083,35.59528],[-83.46131,35.59505],[-83.46145,35.59513],[-83.4612,35.59549],[-83.46034,35.59563],[-83.46013,35.59582],[-83.45967,35.59565]]}},{"type":"Feature","properties":{"id":"27d144661e3e","name":"Sugarland Mountain Trail","length_mi":11.73,"country":"United States","state":"Tennessee","park":"Great Smoky Mountains National Park","park_type":"National park or forest","note":"","source":"OpenStreetMap","osm_id":"7552902","osm_ids":[],"created_at":"2025-12-22T16:12:31.894583"},"geometry":{"type":"LineString","coordinates":[[-83.58052,35.67174],[-83.58008,35.67164],[-83.57946,35.67185],[-83.57882,35.67056],[-83.57851,35.67031],[-83.57839,35.67035],[-83.57819,35.67081],[-83.57774,35.67109],[-83.57749,35.67111],[-83.5765,35.67058],[-83.57605,35.67102],[-83.5756,35.67119],[-83.57512,35.67062],[-83.57475,35.67052],[-83.57426,35.66969],[-83.57379,35.66967],[-83.57343,35.66983],[-83.57308,35.66947],[-83.57264,35.66942],[-83.57219,35.66915],[-83.57153,35.66921],[-83.57144,35.66894],[-83.57022,35.66791],[-83.56972,35.66788],[-83.56918,35.6677],[-83.56846,35.66707],[-83.56793,35.66718],[-83.56717,35.66762],[-83.56681,35.6673],[-83.5657,35.66752],[-83.56568,35.6674],[-83.56483,35.66673],[-83.56458,35.66626],[-83.56361,35.66571],[-83.56355,35.66557],[-83.56367,35.66521],[-83.56353,35.66461],[-83.563,35.66401],[-83.56267,35.66344],[-83.56212,35.66302],[-83.56059,35.6628],[-83.55963,35.66292],[-83.55928,35.66324],[-83.55736,35.66329],[-83.55704,35.66351],[-83.55645,35.6633],[-83.55652,35.66301],[-83.55613,35.66284],[-83.55527,35.66338],[-83.55501,35.66339],[-83.55468,35.66325],[-83.55493,35.66289],[-83.55483,35.66276],[-83.55459,35.66269],[-83.55428,35.66282],[-83.55387,35.66279],[-83.55355,35.66202],[-83.55377,35.66132],[-83.55411,35.66093],[-83.55384,35.66041],[-83.55401,35.66002],[-83.554,35.6593],[-83.5535,35.65848],[-83.55304,35.65836],[-83.55267,35.65757],[-83.55251,35.65749],[-83.55259,35.65717],[-83.55294,35.65704],[-83.55282,35.65625],[-83.5525,35.65571],[-83.55275,35.65525],[-83.55276,35.65468],[-83.55125,35.65415],[-83.5507,35.65423],[-83.55026,35.65449],[-83.54946,35.65454],[-83.54913,35.6541],[-83.54812,35.65341],[-83.54735,35.65362],[-83.54653,35.65412],[-83.54627,35.65412],[-83.54594,35.65341],[-83.54559,35.65299],[-83.54502,35.65335],[-83.54444,35.65354],[-83.54397,35.65318],[-83.54331,35.6533],[-83.5432,35.65293],[-83.54277,35.65229],[-83.54279,35.65192],[-83.54268,35.65179],[-83.54241,35.6518],[-83.54124,35.65227],[-83.54099,35.65224],[-83.54005,35.65174],[-83.54011,35.65157],[-83.53995,35.65091],[-83.54005,35.65057],[-83.53997,35.65044],[-83.53937,35.65],[-83.53885,35.64984],[-83.53865,35.64945],[-83.53804,35.64892],[-83.53821,35.64869],[-83.53865,35.64842],[-83.5389,35.64843],[-83.53955,35.64792],[-83.53935,35.64721],[-83.53797,35.64658],[-83.53747,35.64579],[-83.53764,35.64558],[-83.53749,35.64527],[-83.5377,35.64481],[-83.53857,35.64439],[-83.53859,35.64414],[-83.53832,35.64373],[-83.53799,35.6436],[-83.53779,35.64338],[-83.53778,35.64295],[-83.53728,35.64279],[-83.5369,35.64239],[-83.53698,35.64173],[-83.53678,35.64158],[-83.53626,35.64149],[-83.5356,35.64102],[-83.53528,35.641],[-83.53454,35.6407],[-83.53428,35.64026],[-83.53433,35.6401],[-83.53345,35.63966],[-83.53283,35.63866],[-83.53313,35.63812],[-83.53303,35.63793],[-83.53244,35.63794],[-83.53199,35.63817],[-83.53178,35.63848],[-83.53143,35.63863],[-83.53063,35.63849],[-83.52975,35.63823],[-83.5294,35.63799],[-83.5298,35.63754],[-83.52948,35.63714],[-83.5291,35.63707],[-83.52863,35.63728],[-83.52844,35.63747],[-83.52819,35.63777],[-83.52798,35.63827],[-83.52733,35.6385],[-83.52628,35.63808],[-83.52592,35.63806],[-83.52442,35.63738],[-83.52439,35.63694],[-83.52426,35.63682],[-83.52335,35.63643],[-83.52145,35.63519],[-83.52064,35.63484],[-83.52004,35.63388],[-83.51979,35.63316],[-83.5196,35.63302],[-83.51937,35.63289],[-83.51865,35.63284],[-83.51793,35.63291],[-83.51665,35.63255],[-83.51557,35.63145],[-83.51468,35.6311],[-83.51419,35.63051],[-83.51372,35.63066],[-83.51126,35.63043],[-83.51068,35.63048],[-83.50981,35.63014],[-83.50913,35.63043],[-83.50765,35.63039],[-83.50699,35.63055],[-83.50638,35.63038],[-83.50615,35.63002],[-83.50558,35.62969],[-83.50527,35.62919],[-83.50526,35.62892],[-83.50424,35.62817],[-83.50412,35.62775],[-83.50418,35.62753],[-83.50373,35.62745],[-83.50337,35.62715],[-83.50339,35.62676],[-83.50276,35.62676],[-83.50218,35.62661],[-83.5017,35.62633],[-83.50149,35.62597],[-83.50027,35.62629],[-83.4984,35.6261],[-83.4975,35.62586],[-83.49721,35.62557],[-83.49722,35.62542],[-83.49653,35.62555],[-83.49581,35.62548],[-83.49549,35.62531],[-83.49525,35.6249],[-83.49446,35.62498],[-83.49405,35.62479],[-83.49298,35.62465],[-83.49134,35.62509],[-83.49077,35.62507],[-83.49012,35.62482],[-83.48915,35.62518],[-83.48849,35.62511],[-83.48809,35.625],[-83.48754,35.62467],[-83.48623,35.62475],[-83.4851,35.62425],[-83.4849,35.62398],[-83.48391,35.62381],[-83.48283,35.62342],[-83.48281,35.62264],[-83.48267,35.62208],[-83.48295,35.62167],[-83.48303,35.62125],[-83.48291,35.62102],[-83.483,35.6208],[-83.48258,35.6205],[-83.48214,35.61959],[-83.48219,35.61942],[-83.4826,35.61909],[-83.48268,35.61877],[-83.48183,35.61848],[-83.48162,35.61827],[-83.4814,35.61733],[-83.48099,35.61696],[-83.48078,35.61643],[-83.48111,35.61574],[-83.48172,35.61504],[-83.48237,35.61471],[-83.48284,35.61362],[-83.48307,35.61344],[-83.48371,35.61325],[-83.4837,35.61299],[-83.48348,35.6126],[-83.48273,35.61203],[-83.48246,35.61116],[-83.48201,35.6109],[-83.4812,35.61076],[-83.48061,35.61097],[-83.48008,35.61096],[-83.47966,35.61032],[-83.47911,35.61002],[-83.47836,35.60885],[-83.47736,35.60796],[-83.47716,35.6073],[-83.47721,35.6067],[-83.47708,35.60645],[-83.47729,35.60515],[-83.47635,35.60497],[-83.47583,35.60466],[-83.4754,35.60429],[-83.47497,35.60356],[-83.4744,35.60297],[-83.47437,35.60233],[-83.47377,35.60109],[-83.4739,35.60061],[-83.47387,35.60027],[-83.47485,35.59936],[-83.47515,35.59886],[-83.47636,35.59806],[-83.47667,35.59754],[-83.47679,35.59596],[-83.47643,35.59504],[-83.47609,35.59462],[-83.47456,35.59412],[-83.47358,35.59425],[-83.47197,35.59429],[-83.47145,35.59396],[-83.47122,35.59333],[-83.47269,35.59257],[-83.47302,35.59215],[-83.47333,35.59202],[-83.47356,35.59172],[-83.47361,35.59137],[-83.47402,35.59112],[-83.47422,35.59068]]}},{"type":"Feature","properties":{"id":"4b8165bfda44","name":"Sugarlands Valley Nature Trail","length_mi":0.47,"country":"United States","state":"Tennessee","park":"Great Smoky Mountains National Park","park_type":"National park or forest","note":"","source":"OpenStreetMap","osm_id":"7552352","osm_ids":[],"created_at":"2025-12-22T16:12:31.893582"},"geometry":{"type":"LineString","coordinates":[[-83.53122,35.6796],[-83.53099,35.67954],[-83.53062,35.67908],[-83.52947,35.67866],[-83.52919,35.67842],[-83.52888,35.67833],[-83.52848,35.67754],[-83.52827,35.67757],[-83.52812,35.67773],[-83.52815,35.67791],[-83.52846,35.67829],[-83.52946,35.67913],[-83.53022,35.67938],[-83.53069,35.67922]]}},{"type":"Feature","properties":{"id":"1ba88d485b6f","name":"Twin Creeks Trail","length_mi":1.87,"country":"United States","state":"Tennessee","park":"Great Smoky Mountains National Park","park_type":"National park or forest","note":"","source":"OpenStreetMap","osm_id":"7552363","osm_ids":[],"created_at":"2025-12-22T16:12:31.894583"},"geometry":{"type":"LineString","coordinates":[[-83.51125,35.70094],[-83.51126,35.70082],[-83.51052,35.7],[-83.50956,35.69953],[-83.50863,35.69871],[-83.50837,35.69833],[-83.50833,35.69798],[-83.50728,35.69617],[-83.50556,35.69421],[-83.50451,35.69338],[-83.50414,35.69286],[-83.50385,35.69207],[-83.50345,35.69179],[-83.50308,35.6919],[-83.50296,35.69184],[-83.50277,35.69159],[-83.50282,35.69109],[-83.50265,35.69053],[-83.50234,35.69041],[-83.50194,35.68982],[-83.50171,35.68975],[-83.50106,35.68908],[-83.50069,35.68894],[-83.50005,35.68831],[-83.49972,35.68811],[-83.49939,35.68816],[-83.49901,35.68796],[-83.49885,35.68742],[-83.49887,35.68706],[-83.49818,35.68677],[-83.49734,35.68572],[-83.49719,35.68512],[-83.49591,35.68463],[-83.4953,35.68407],[-83.49516,35.6838],[-83.49458,35.68365],[-83.49428,35.68331],[-83.49362,35.68302],[-83.49339,35.68265],[-83.49259,35.68225],[-83.49187,35.68151]]}},{"type":"Feature","properties":{"id":"db922bc873be","name":"Badger Valley to Grand Lake and Grand Pass Loop","length_mi":8.4,"country":"United States","state":"Washington","park":null,"park_type":null,"note":"","source":"user","osm_id":null,"osm_ids":[],"created_at":"2025-11-07T10:24:04.969142"},"geometry":{"type":"LineString","coordinates":[[-123.3822,47.91836],[-123.3816,47.91874],[-123.38057,47.91877],[-123.38019,47.91924],[-123.37948,47.91979],[-123.37933,47.92008],[-123.37945,47.92038],[-123.37978,47.92071],[-123.37957,47.92109],[-123.3794,47.92096],[-123.37911,47.92109],[-123.37896,47.92062],[-123.37871,47.92045],[-123.37862,47.92077],[-123.37846,47.9205],[-123.37826,47.92074],[-123.37796,47.92051],[-123.37758,47.92106],[-123.377,47.92085],[-123.37623,47.92098],[-123.37627,47.92084],[-123.37593,47.9209],[-123.37588,47.92079],[-123.37554,47.921],[-123.37405,47.92076],[-123.37231,47.92086],[-123.37005,47.92001],[-123.36802,47.91876],[-123.36669,47.91825],[-123.3666,47.91799],[-123.3663,47.91771],[-123.36479,47.91748],[-123.364,47.91665],[-123.36394,47.91638],[-123.36332,47.91565],[-123.36311,47.91557],[-123.36255,47.915],[-123.36098,47.91449],[-123.36009,47.91377],[-123.35999,47.91326],[-123.35966,47.91308],[-123.35931,47.91308],[-123.35903,47.91277],[-123.3589,47.91284],[-123.35886,47.91266],[-123.35856,47.91238],[-123.35867,47.91229],[-123.3586,47.91207],[-123.35817,47.91194],[-123.35786,47.91167],[-123.35777,47.91133],[-123.35807,47.91129],[-123.35775,47.91104],[-123.35672,47.91089],[-123.3561,47.91121],[-123.35527,47.91099],[-123.35357,47.90992],[-123.35321,47.9098],[-123.3507,47.91032],[-123.35033,47.91085],[-123.34968,47.91117],[-123.34854,47.91112],[-123.34708,47.91055],[-123.34647,47.91018],[-123.34523,47.91058],[-123.34475,47.91057],[-123.34463,47.91055],[-123.34463,47.91034],[-123.34412,47.90992],[-123.34337,47.91014],[-123.34323,47.90995],[-123.34298,47.90998],[-123.34309,47.90954],[-123.34296,47.90953],[-123.34292,47.90941],[-123.34294,47.90898],[-123.34321,47.90867],[-123.34228,47.90868],[-123.34186,47.90847],[-123.34199,47.90811],[-123.34183,47.90779],[-123.34228,47.90677],[-123.34217,47.90596],[-123.34204,47.90587],[-123.34208,47.90561],[-123.34162,47.90535],[-123.34135,47.90505],[-123.34122,47.90469],[-123.34144,47.90413],[-123.3417,47.90391],[-123.34227,47.90293],[-123.34186,47.9026],[-123.34211,47.90221],[-123.34216,47.90184],[-123.34211,47.90132],[-123.34181,47.90058],[-123.34198,47.90026],[-123.34221,47.90009],[-123.34232,47.89978],[-123.34227,47.89955],[-123.34208,47.89957],[-123.34206,47.8992],[-123.34224,47.89908],[-123.34241,47.89867],[-123.34266,47.89848],[-123.34266,47.8983],[-123.34288,47.89819],[-123.34311,47.89829],[-123.34301,47.89783],[-123.34228,47.89699],[-123.34238,47.89669],[-123.34202,47.89625],[-123.34196,47.89556],[-123.34204,47.8953],[-123.34228,47.89509],[-123.34238,47.89467],[-123.34295,47.89429],[-123.34389,47.89335],[-123.34494,47.89272],[-123.34551,47.89208],[-123.34579,47.89158],[-123.34655,47.89127],[-123.34622,47.89117],[-123.34622,47.89107],[-123.34622,47.89117],[-123.34655,47.89127],[-123.34743,47.89077],[-123.34781,47.89032],[-123.34774,47.89016],[-123.34677,47.88978],[-123.34675,47.8896],[-123.34652,47.88937],[-123.34555,47.88937],[-123.3455,47.88948],[-123.34567,47.88932],[-123.34652,47.88937],[-123.34675,47.8896],[-123.34677,47.88978],[-123.34781,47.8902],[-123.34803,47.89047],[-123.34764,47.89104],[-123.349,47.89042],[-123.34908,47.89066],[-123.34978,47.8903],[-123.34985,47.89037],[-123.34961,47.89117],[-123.34863,47.8921],[-123.34802,47.8925],[-123.34798,47.89277],[-123.3481,47.89287],[-123.34785,47.89336],[-123.3479,47.89363],[-123.34823,47.89395],[-123.34848,47.89449],[-123.34882,47.89469],[-123.34938,47.89472],[-123.34961,47.89485],[-123.34945,47.89527],[-123.3498,47.89543],[-123.34979,47.89576],[-123.34997,47.89594],[-123.34907,47.89625],[-123.35024,47.89671],[-123.35091,47.89754],[-123.35155,47.89776],[-123.35232,47.89748],[-123.35286,47.89749],[-123.35364,47.89661],[-123.35389,47.89676],[-123.35423,47.89679],[-123.35445,47.89717],[-123.35415,47.89787],[-123.35481,47.89824],[-123.35441,47.89841],[-123.35476,47.89857],[-123.35461,47.89867],[-123.35478,47.8988],[-123.35421,47.89905],[-123.35459,47.89924],[-123.3544,47.89939],[-123.35516,47.8995],[-123.35493,47.8997],[-123.35538,47.89975],[-123.35527,47.89986],[-123.35571,47.89993],[-123.35533,47.90032],[-123.35574,47.90037],[-123.35542,47.90059],[-123.35656,47.90055],[-123.3574,47.90038],[-123.35744,47.90045],[-123.35836,47.9002],[-123.36176,47.90076],[-123.36416,47.90079],[-123.36486,47.90071],[-123.36602,47.90031],[-123.36634,47.90032],[-123.36838,47.90151],[-123.36942,47.90226],[-123.37035,47.90273],[-123.371,47.90345],[-123.37189,47.9041],[-123.3723,47.90493],[-123.37277,47.90542],[-123.37343,47.90673],[-123.37401,47.90718],[-123.37498,47.90834],[-123.3754,47.90861],[-123.37558,47.90949],[-123.37551,47.90989],[-123.37561,47.9103],[-123.37551,47.91059],[-123.37527,47.91072],[-123.37507,47.91067],[-123.37502,47.91082],[-123.37482,47.91092],[-123.37454,47.91246],[-123.37469,47.91272],[-123.37649,47.91374],[-123.37685,47.91418],[-123.37831,47.9154],[-123.37906,47.9166],[-123.37926,47.91718],[-123.38087,47.91778],[-123.38169,47.91824],[-123.3822,47.91836]]}},{"type":"Feature","properties":{"id":"30d5d4685c6a","name":"Klahhane Ridge via Switchback Trail","length_mi":2.8,"country":"United States","state":"Washington","park":null,"park_type":null,"note":"","source":"user","osm_id":null,"osm_ids":[],"created_at":"2025-11-07T10:24:04.760095"},"geometry":{"type":"LineString","coordinates":[[-123.4612,47.98651],[-123.46121,47.98679],[-123.46096,47.98669],[-123.4609,47.98684],[-123.46077,47.98684],[-123.46004,47.98591],[-123.46004,47.98672],[-123.45991,47.98704],[-123.46019,47.98755],[-123.45993,47.98766],[-123.45998,47.98789],[-123.45964,47.98782],[-123.45957,47.9879],[-123.45968,47.98819],[-123.45981,47.98823],[-123.45973,47.98831],[-123.46026,47.98882],[-123.45989,47.98881],[-123.46112,47.98997],[-123.46136,47.99033],[-123.46076,47.99002],[-123.45938,47.9896],[-123.4603,47.99062],[-123.4593,47.9904],[-123.45989,47.9908],[-123.45989,47.99095],[-123.46015,47.99119],[-123.46094,47.9914],[-123.46081,47.9915],[-123.46012,47.99152],[-123.46125,47.992],[-123.46105,47.99211],[-123.46048,47.99205],[-123.46049,47.99213],[-123.46111,47.99228],[-123.46212,47.99276],[-123.46092,47.99266],[-123.46198,47.99305],[-123.46111,47.99306],[-123.4611,47.99314],[-123.46143,47.99327],[-123.46129,47.99336],[-123.46031,47.99322],[-123.45964,47.99327],[-123.46031,47.99322],[-123.46129,47.99336],[-123.46143,47.99327],[-123.4611,47.99314],[-123.46111,47.99306],[-123.46198,47.99305],[-123.46092,47.99266],[-123.46212,47.99276],[-123.46111,47.99228],[-123.46049,47.99213],[-123.46048,47.99205],[-123.46105,47.99211],[-123.46125,47.992],[-123.46012,47.99152],[-123.46081,47.9915],[-123.46094,47.9914],[-123.46015,47.99119],[-123.45989,47.99095],[-123.45989,47.9908],[-123.4593,47.9904],[-123.4603,47.99062],[-123.45938,47.9896],[-123.46076,47.99002],[-123.46136,47.99033],[-123.46112,47.98997],[-123.45989,47.98881],[-123.46026,47.98882],[-123.45973,47.98831],[-123.45981,47.98823],[-123.45968,47.98819],[-123.45957,47.9879],[-123.45964,47.98782],[-123.45998,47.98789],[-123.45993,47.98766],[-123.46019,47.98755],[-123.45991,47.98704],[-123.46004,47.98672],[-123.46004,47.98591],[-123.46077,47.98684],[-123.4609,47.98684],[-123.46096,47.98669],[-123.46121,47.98679],[-123.4612,47.98651]]}}]}